{
	//成就奖励表.id id
	//成就奖励表.desc 成就奖励描述
	//成就奖励表.need 需要资历点数
	//成就奖励表.awards 奖励
	//awards.id id
	//awards.propId 道具id
	//awards.num 奖励
	//"salt": "449eea36792eebc555368f56ea64f495"
	"1": {
		"id": 1,
		"desc": {"l10n":"xk2dqj"},//亮晶晶的仙玉，是行走妖界的重要物资。
		"need": 100,
		"awards": [
			{
				// 仙玉
				"id": 1,
				"propId": 1001,
				"num": 100
			}
		]
	},
	"2": {
		"id": 2,
		"desc": {"l10n":"xk2dqj"},//亮晶晶的仙玉，是行走妖界的重要物资。
		"need": 400,
		"awards": [
			{
				// 仙玉
				"id": 2,
				"propId": 1001,
				"num": 200
			}
		]
	},
	"3": {
		"id": 3,
		"desc": {"l10n":"xk2dqj"},//亮晶晶的仙玉，是行走妖界的重要物资。
		"need": 700,
		"awards": [
			{
				// 仙玉
				"id": 3,
				"propId": 1001,
				"num": 300
			}
		]
	},
	"4": {
		"id": 4,
		"desc": {"l10n":"-mjsdaa"},//炼器必备的材料，可用以炼制强大装备。
		"need": 1000,
		"awards": [
			{
				// 精铁
				"id": 4,
				"propId": 10203,
				"num": 2000
			}
		]
	},
	"5": {
		"id": 5,
		"desc": {"l10n":"-mjsdaa"},//炼器必备的材料，可用以炼制强大装备。
		"need": 1400,
		"awards": [
			{
				// 精铁
				"id": 5,
				"propId": 10203,
				"num": 5000
			}
		]
	},
	"6": {
		"id": 6,
		"desc": {"l10n":"-mjsdaa"},//炼器必备的材料，可用以炼制强大装备。
		"need": 2200,
		"awards": [
			{
				// 精铁
				"id": 6,
				"propId": 10203,
				"num": 10000
			}
		]
	},
	"7": {
		"id": 7,
		"desc": {"l10n":"-mw7cy4"},//身怀青云器，扶摇上九霄。
		"need": 3000,
		"awards": [
			{
				// 功成名就
				"id": 7,
				"propId": 10907,
				"num": 1
			}
		]
	}
}