{
	//勋章表.id id
	//勋章表.icon 资源图标
	//勋章表.star 勋章星数
	//勋章表.name 勋章名称
	//勋章表.desc 勋章描述
	//勋章表.need 需要资历点数
	//"salt": "2fc16947b9b63dae10a58d36d308d81d"
	"1": {
		"id": 1,
		"icon": 1,
		"star": 1,
		"name": {"l10n":"-modlt6"},//入红尘(一)
		"desc": {"l10n":"53xu1z"},//资历达到[color=#a4fd77]100[/color]时解锁
		"need": 100
	},
	"2": {
		"id": 2,
		"icon": 1,
		"star": 2,
		"name": {"l10n":"-modlwu"},//入红尘(二)
		"desc": {"l10n":"-ss7es9"},//资历达到[color=#a4fd77]200[/color]时解锁
		"need": 200
	},
	"3": {
		"id": 3,
		"icon": 1,
		"star": 3,
		"name": {"l10n":"-modltf"},//入红尘(三)
		"desc": {"l10n":"oc85ak"},//资历达到[color=#a4fd77]300[/color]时解锁
		"need": 300
	},
	"4": {
		"id": 4,
		"icon": 2,
		"star": 1,
		"name": {"l10n":"i103u0"},//染烟火(一)
		"desc": {"l10n":"nwyx8s"},//资历达到[color=#a4fd77]400[/color]时解锁
		"need": 400
	},
	"5": {
		"id": 5,
		"icon": 2,
		"star": 2,
		"name": {"l10n":"i103q4"},//染烟火(二)
		"desc": {"l10n":"9nm9wd"},//资历达到[color=#a4fd77]500[/color]时解锁
		"need": 500
	},
	"6": {
		"id": 6,
		"icon": 2,
		"star": 3,
		"name": {"l10n":"i103tt"},//染烟火(三)
		"desc": {"l10n":"-z5tzdv"},//资历达到[color=#a4fd77]600[/color]时解锁
		"need": 600
	},
	"7": {
		"id": 7,
		"icon": 3,
		"star": 1,
		"name": {"l10n":"-gmag4d"},//步山河(一)
		"desc": {"l10n":"-uveyny"},//资历达到[color=#a4fd77]700[/color]时解锁
		"need": 700
	},
	"8": {
		"id": 8,
		"icon": 3,
		"star": 2,
		"name": {"l10n":"-gmag89"},//步山河(二)
		"desc": {"l10n":"-vn9sp2"},//资历达到[color=#a4fd77]800[/color]时解锁
		"need": 800
	},
	"9": {
		"id": 9,
		"icon": 3,
		"star": 3,
		"name": {"l10n":"-gmag4m"},//步山河(三)
		"desc": {"l10n":"q8tim2"},//资历达到[color=#a4fd77]900[/color]时解锁
		"need": 900
	},
	"10": {
		"id": 10,
		"icon": 4,
		"star": 1,
		"name": {"l10n":"w5fxg3"},//舞流年(一)
		"desc": {"l10n":"njerzj"},//资历达到[color=#a4fd77]1000[/color]时解锁
		"need": 1000
	},
	"11": {
		"id": 11,
		"icon": 4,
		"star": 2,
		"name": {"l10n":"w5fxcn"},//舞流年(二)
		"desc": {"l10n":"njilau"},//资历达到[color=#a4fd77]1100[/color]时解锁
		"need": 1100
	},
	"12": {
		"id": 12,
		"icon": 4,
		"star": 3,
		"name": {"l10n":"w5fxgc"},//舞流年(三)
		"desc": {"l10n":"njg86p"},//资历达到[color=#a4fd77]1200[/color]时解锁
		"need": 1200
	},
	"13": {
		"id": 13,
		"icon": 4,
		"star": 4,
		"name": {"l10n":"w5g21a"},//舞流年(四)
		"desc": {"l10n":"nje8wg"},//资历达到[color=#a4fd77]1300[/color]时解锁
		"need": 1300
	},
	"14": {
		"id": 14,
		"icon": 5,
		"star": 1,
		"name": {"l10n":"-u5gui7"},//涉长途(一)
		"desc": {"l10n":"njdacr"},//资历达到[color=#a4fd77]1400[/color]时解锁
		"need": 1400
	},
	"15": {
		"id": 15,
		"icon": 5,
		"star": 2,
		"name": {"l10n":"-u5gulf"},//涉长途(二)
		"desc": {"l10n":"nj94a5"},//资历达到[color=#a4fd77]1600[/color]时解锁
		"need": 1600
	},
	"16": {
		"id": 16,
		"icon": 5,
		"star": 3,
		"name": {"l10n":"-u5guhy"},//涉长途(三)
		"desc": {"l10n":"njodpz"},//资历达到[color=#a4fd77]1800[/color]时解锁
		"need": 1800
	},
	"17": {
		"id": 17,
		"icon": 5,
		"star": 4,
		"name": {"l10n":"-u5gw8o"},//涉长途(四)
		"desc": {"l10n":"wsrc3k"},//资历达到[color=#a4fd77]2000[/color]时解锁
		"need": 2000
	},
	"18": {
		"id": 18,
		"icon": 6,
		"star": 1,
		"name": {"l10n":"-1j5pk0"},//觅人间(一)
		"desc": {"l10n":"wsssaq"},//资历达到[color=#a4fd77]2200[/color]时解锁
		"need": 2200
	},
	"19": {
		"id": 19,
		"icon": 6,
		"star": 2,
		"name": {"l10n":"-1j5pn8"},//觅人间(二)
		"desc": {"l10n":"wspugs"},//资历达到[color=#a4fd77]2400[/color]时解锁
		"need": 2400
	},
	"20": {
		"id": 20,
		"icon": 6,
		"star": 3,
		"name": {"l10n":"-1j5pjt"},//觅人间(三)
		"desc": {"l10n":"wsloe6"},//资历达到[color=#a4fd77]2600[/color]时解锁
		"need": 2600
	},
	"21": {
		"id": 21,
		"icon": 6,
		"star": 4,
		"name": {"l10n":"-1j5kuf"},//觅人间(四)
		"desc": {"l10n":"wt0xu0"},//资历达到[color=#a4fd77]2800[/color]时解锁
		"need": 2800
	},
	"22": {
		"id": 22,
		"icon": 7,
		"star": 1,
		"name": {"l10n":"v38jti"},//醉清风(一)
		"desc": {"l10n":"49tzi8"},//资历达到[color=#a4fd77]3000[/color]时解锁
		"need": 3000
	},
	"23": {
		"id": 23,
		"icon": 7,
		"star": 2,
		"name": {"l10n":"v38jpu"},//醉清风(二)
		"desc": {"l10n":"49vfpe"},//资历达到[color=#a4fd77]3200[/color]时解锁
		"need": 3200
	},
	"24": {
		"id": 24,
		"icon": 7,
		"star": 3,
		"name": {"l10n":"v38jt9"},//醉清风(三)
		"desc": {"l10n":"49shvg"},//资历达到[color=#a4fd77]3400[/color]时解锁
		"need": 3400
	},
	"25": {
		"id": 25,
		"icon": 7,
		"star": 4,
		"name": {"l10n":"v38of3"},//醉清风(四)
		"desc": {"l10n":"49obsu"},//资历达到[color=#a4fd77]3600[/color]时解锁
		"need": 3600
	},
	"26": {
		"id": 26,
		"icon": 7,
		"star": 5,
		"name": {"l10n":"v38jqi"},//醉清风(五)
		"desc": {"l10n":"4a3l8o"},//资历达到[color=#a4fd77]3800[/color]时解锁
		"need": 3800
	},
	"27": {
		"id": 27,
		"icon": 8,
		"star": 1,
		"name": {"l10n":"-9f36qy"},//觅清欢(一)
		"desc": {"l10n":"qjozfw"},//资历达到[color=#a4fd77]4000[/color]时解锁
		"need": 4000
	},
	"28": {
		"id": 28,
		"icon": 8,
		"star": 2,
		"name": {"l10n":"-9f36uu"},//觅清欢(二)
		"desc": {"l10n":"qjogct"},//资历达到[color=#a4fd77]4300[/color]时解锁
		"need": 4300
	},
	"29": {
		"id": 29,
		"icon": 8,
		"star": 3,
		"name": {"l10n":"-9f36r7"},//觅清欢(三)
		"desc": {"l10n":"qjjbqi"},//资历达到[color=#a4fd77]4600[/color]时解锁
		"need": 4600
	},
	"30": {
		"id": 30,
		"icon": 8,
		"star": 4,
		"name": {"l10n":"-9f322p"},//觅清欢(四)
		"desc": {"l10n":"qjz523"},//资历达到[color=#a4fd77]4900[/color]时解锁
		"need": 4900
	},
	"31": {
		"id": 31,
		"icon": 8,
		"star": 5,
		"name": {"l10n":"-9f36v2"},//觅清欢(五)
		"desc": {"l10n":"ynnhn7"},//资历达到[color=#a4fd77]5200[/color]时解锁
		"need": 5200
	},
	"32": {
		"id": 32,
		"icon": 9,
		"star": 1,
		"name": {"l10n":"-jrfb53"},//渡浮生(一)
		"desc": {"l10n":"ynmyk4"},//资历达到[color=#a4fd77]5500[/color]时解锁
		"need": 5500
	},
	"33": {
		"id": 33,
		"icon": 9,
		"star": 2,
		"name": {"l10n":"-jrfb17"},//渡浮生(二)
		"desc": {"l10n":"ynvn6h"},//资历达到[color=#a4fd77]5800[/color]时解锁
		"need": 5800
	},
	"34": {
		"id": 34,
		"icon": 9,
		"star": 3,
		"name": {"l10n":"-jrfb4w"},//渡浮生(三)
		"desc": {"l10n":"aza5tk"},//资历达到[color=#a4fd77]6100[/color]时解锁
		"need": 6100
	},
	"35": {
		"id": 35,
		"icon": 9,
		"star": 4,
		"name": {"l10n":"-jrf6by"},//渡浮生(四)
		"desc": {"l10n":"az4uvh"},//资历达到[color=#a4fd77]6400[/color]时解锁
		"need": 6400
	},
	"36": {
		"id": 36,
		"icon": 9,
		"star": 5,
		"name": {"l10n":"-jrfb0z"},//渡浮生(五)
		"desc": {"l10n":"az2zla"},//资历达到[color=#a4fd77]6700[/color]时解锁
		"need": 6700
	},
	"37": {
		"id": 37,
		"icon": 10,
		"star": 1,
		"name": {"l10n":"-5yw7xc"},//步星河(一)
		"desc": {"l10n":"-mc9et2"},//资历达到[color=#a4fd77]7000[/color]时解锁
		"need": 7000
	},
	"38": {
		"id": 38,
		"icon": 10,
		"star": 2,
		"name": {"l10n":"-5yw818"},//步星河(二)
		"desc": {"l10n":"-mc9xw5"},//资历达到[color=#a4fd77]7300[/color]时解锁
		"need": 7300
	},
	"39": {
		"id": 39,
		"icon": 10,
		"star": 3,
		"name": {"l10n":"-5yw7xj"},//步星河(三)
		"desc": {"l10n":"-mcf2ig"},//资历达到[color=#a4fd77]7600[/color]时解锁
		"need": 7600
	},
	"40": {
		"id": 40,
		"icon": 10,
		"star": 4,
		"name": {"l10n":"-5ywctx"},//步星河(四)
		"desc": {"l10n":"-mbz96v"},//资历达到[color=#a4fd77]7900[/color]时解锁
		"need": 7900
	},
	"41": {
		"id": 41,
		"icon": 10,
		"star": 5,
		"name": {"l10n":"-5yw81g"},//步星河(五)
		"desc": {"l10n":"-75iyqo"},//资历达到[color=#a4fd77]8200[/color]时解锁
		"need": 8200
	},
	"42": {
		"id": 42,
		"icon": 11,
		"star": 1,
		"name": {"l10n":"-nqkr5w"},//醉逍遥(一)
		"desc": {"l10n":"-75q2n8"},//资历达到[color=#a4fd77]8600[/color]时解锁
		"need": 8600
	},
	"43": {
		"id": 43,
		"icon": 11,
		"star": 2,
		"name": {"l10n":"-nqkr94"},//醉逍遥(二)
		"desc": {"l10n":"-gsxdfh"},//资历达到[color=#a4fd77]9000[/color]时解锁
		"need": 9000
	},
	"44": {
		"id": 44,
		"icon": 11,
		"star": 3,
		"name": {"l10n":"-nqkr5n"},//醉逍遥(三)
		"desc": {"l10n":"-gsyv29"},//资历达到[color=#a4fd77]9400[/color]时解锁
		"need": 9400
	},
	"45": {
		"id": 45,
		"icon": 11,
		"star": 4,
		"name": {"l10n":"-nqkmkt"},//醉逍遥(四)
		"desc": {"l10n":"-gsnrp1"},//资历达到[color=#a4fd77]9800[/color]时解锁
		"need": 9800
	},
	"46": {
		"id": 46,
		"icon": 11,
		"star": 5,
		"name": {"l10n":"-nqkr9s"},//醉逍遥(五)
		"desc": {"l10n":"wmhkij"},//资历达到[color=#a4fd77]10200[/color]时解锁
		"need": 10200
	}
}