{
	//成就标签表.id id
	//成就标签表.icon 资源图标底色
	//成就标签表.name 标签文字
	//成就标签表.value 标签文字占据的格子数
	//成就标签表.need 完成成就标签需要的成就id
	//need.id id
	//need.achievementSortId 达成对于成就表的sort的id
	//"salt": "f4d9f7d5e1eebd76905236396a1ad9ce"
	"1": {
		"id": 1,
		"icon": 4,
		"name": {"l10n":"-2lapqk"},//喜欢
		"value": 2,
		"need": [
			{
				"id": 1,
				"achievementSortId": 300107
			},
			{
				"id": 1,
				"achievementSortId": 200206
			}
		]
	},
	"2": {
		"id": 2,
		"icon": 2,
		"name": {"l10n":"-7gkebr"},//大神
		"value": 2,
		"need": [
			{
				"id": 2,
				"achievementSortId": 100306
			},
			{
				"id": 2,
				"achievementSortId": 500408
			},
			{
				"id": 2,
				"achievementSortId": 101208
			}
		]
	},
	"3": {
		"id": 3,
		"icon": 5,
		"name": {"l10n":"-5vk68s"},//富有
		"value": 2,
		"need": [
			{
				"id": 3,
				"achievementSortId": 500102
			},
			{
				"id": 3,
				"achievementSortId": 500202
			},
			{
				"id": 3,
				"achievementSortId": 500302
			}
		]
	},
	"4": {
		"id": 4,
		"icon": 6,
		"name": {"l10n":"-6j5zvc"},//守时
		"value": 2,
		"need": [
			{
				"id": 4,
				"achievementSortId": 400203
			},
			{
				"id": 4,
				"achievementSortId": 400303
			}
		]
	},
	"5": {
		"id": 5,
		"icon": 3,
		"name": {"l10n":"-7t22s"},//勤劳
		"value": 2,
		"need": [
			{
				"id": 5,
				"achievementSortId": 500803
			},
			{
				"id": 5,
				"achievementSortId": 500603
			}
		]
	},
	"6": {
		"id": 6,
		"icon": 1,
		"name": {"l10n":"-7zywb"},//主动
		"value": 2,
		"need": [
			{
				"id": 6,
				"achievementSortId": 200406
			}
		]
	},
	"7": {
		"id": 7,
		"icon": 4,
		"name": {"l10n":"-dxifzl"},//爱
		"value": 1,
		"need": [
			{
				"id": 7,
				"achievementSortId": 300205
			},
			{
				"id": 7,
				"achievementSortId": 400104
			}
		]
	},
	"8": {
		"id": 8,
		"icon": 2,
		"name": {"l10n":"-dxig7x"},//珍
		"value": 1,
		"need": [
			{
				"id": 8,
				"achievementSortId": 100706
			},
			{
				"id": 8,
				"achievementSortId": 100804
			}
		]
	},
	"9": {
		"id": 9,
		"icon": 2,
		"name": {"l10n":"-dxi8ct"},//宝
		"value": 1,
		"need": [
			{
				"id": 9,
				"achievementSortId": 100405
			},
			{
				"id": 9,
				"achievementSortId": 100604
			}
		]
	},
	"10": {
		"id": 10,
		"icon": 5,
		"name": {"l10n":"-dxi8p3"},//大
		"value": 1,
		"need": [
			{
				"id": 10,
				"achievementSortId": 400106
			}
		]
	},
	"11": {
		"id": 11,
		"icon": 6,
		"name": {"l10n":"-dxi99b"},//小
		"value": 1,
		"need": [
			{
				"id": 11,
				"achievementSortId": 200309
			}
		]
	},
	"12": {
		"id": 12,
		"icon": 4,
		"name": {"l10n":"-dxj85q"},//赞
		"value": 1,
		"need": [
			{
				"id": 12,
				"achievementSortId": 200204
			},
			{
				"id": 12,
				"achievementSortId": 200104
			}
		]
	},
	"13": {
		"id": 13,
		"icon": 3,
		"name": {"l10n":"-dxieme"},//符
		"value": 1,
		"need": [
			{
				"id": 13,
				"achievementSortId": 101006
			},
			{
				"id": 13,
				"achievementSortId": 100105
			}
		]
	},
	"14": {
		"id": 14,
		"icon": 1,
		"name": {"l10n":"-dxicsx"},//我
		"value": 1,
		"need": [
			{
				"id": 14,
				"achievementSortId": 101305
			},
			{
				"id": 14,
				"achievementSortId": 100504
			},
			{
				"id": 14,
				"achievementSortId": 100404
			}
		]
	},
	"15": {
		"id": 15,
		"icon": 5,
		"name": {"l10n":"-dxi5vk"},//你
		"value": 1,
		"need": [
			{
				"id": 15,
				"achievementSortId": 200505
			},
			{
				"id": 15,
				"achievementSortId": 200606
			}
		]
	},
	"16": {
		"id": 16,
		"icon": 5,
		"name": {"l10n":"-dxi92i"},//强
		"value": 1,
		"need": [
			{
				"id": 16,
				"achievementSortId": 100204
			},
			{
				"id": 16,
				"achievementSortId": 100907
			},
			{
				"id": 16,
				"achievementSortId": 101104
			}
		]
	},
	"17": {
		"id": 17,
		"icon": 6,
		"name": {"l10n":"-dxigv8"},//的
		"value": 1,
		"need": [
			{
				"id": 17,
				"achievementSortId": 101303
			}
		]
	},
	"18": {
		"id": 18,
		"icon": 3,
		"name": {"l10n":"-dxigsv"},//盟
		"value": 1,
		"need": [
			{
				"id": 18,
				"achievementSortId": 200705
			},
			{
				"id": 18,
				"achievementSortId": 200808
			}
		]
	}
}