{
	//data.activityName 活动名
	//data.name 活动中文名
	//data.gifts 礼包
	//gifts.giftId giftId
	//gifts.activityName 活动名
	//gifts.icon 图标
	//gifts.sort 排序
	//gifts.startTime 开始时间
	//gifts.endTime 结束时间
	//gifts.detail 礼包详情
	//"salt": "bd199cf77fb03503ee49986bec850e81"
	"GiftLimit": {
		"activityName": "GiftLimit",
		"name": "限时礼包",
		"gifts": {
			"101": {
				"giftId": 101,
				"activityName": "GiftLimit",
				"icon": 1,
				"sort": 1,
				"startTime": 2,
				"endTime": 3
			}
		}
	},
	"GiftGc": {
		"activityName": "GiftGc",
		"name": "仙玉礼包",
		"gifts": {

		}
	}
}