{
	//data.activityName 活动名
	//data.name 活动中文名
	//data.type 类型1装备历练2元神历练3法宝历练
	//data.rank 排名阶段
	//data.gifts 礼包
	//data.crossRank 区服排名
	//rank.rankId rankId
	//rank.activityName 活动名
	//rank.rank 名次
	//rank.award1 个人榜=个人奖励（联盟榜=成员奖励）
	//rank.award2 个人榜=留空（联盟榜=盟主奖励）
	//award1.rankId rankId
	//award1.propId 道具id
	//award1.num 数量
	//award2.rankId rankId
	//award2.propId 道具id
	//award2.num 数量
	//gifts.giftId giftId
	//gifts.activityName 活动名
	//gifts.icon 礼包图标
	//gifts.sort 排序
	//gifts.detail 礼包详情
	//crossRank.id crossRankId
	//crossRank.activityName 活动名
	//crossRank.rank 名次
	//crossRank.crossRankAward 奖励
	//crossRankAward.crossRankId crossRankId
	//crossRankAward.propId 道具id
	//crossRankAward.num 数量
	//"salt": "5885a271449c08a823aa6da55e3ef64e"
	"CrossMission": {
		"activityName": "CrossMission",
		"name": "八荒历练",
		"type": 1,
		"rank": {
			"101": {
				"rankId": 101,
				"activityName": "CrossMission",
				"rank": [
					1,
					1
				],
				"award1": [
					{
						// 仙玉
						"rankId": 101,
						"propId": 1001,
						"num": 5000
					}
				],
				"award2": [

				]
			},
			"102": {
				"rankId": 102,
				"activityName": "CrossMission",
				"rank": [
					2,
					2
				],
				"award1": [
					{
						// 仙玉
						"rankId": 102,
						"propId": 1001,
						"num": 4000
					}
				],
				"award2": [

				]
			},
			"103": {
				"rankId": 103,
				"activityName": "CrossMission",
				"rank": [
					3,
					3
				],
				"award1": [
					{
						// 仙玉
						"rankId": 103,
						"propId": 1001,
						"num": 3000
					}
				],
				"award2": [

				]
			},
			"104": {
				"rankId": 104,
				"activityName": "CrossMission",
				"rank": [
					4,
					5
				],
				"award1": [
					{
						// 仙玉
						"rankId": 104,
						"propId": 1001,
						"num": 2500
					}
				],
				"award2": [

				]
			},
			"105": {
				"rankId": 105,
				"activityName": "CrossMission",
				"rank": [
					6,
					10
				],
				"award1": [
					{
						// 仙玉
						"rankId": 105,
						"propId": 1001,
						"num": 2000
					}
				],
				"award2": [

				]
			},
			"106": {
				"rankId": 106,
				"activityName": "CrossMission",
				"rank": [
					11,
					20
				],
				"award1": [
					{
						// 仙玉
						"rankId": 106,
						"propId": 1001,
						"num": 1500
					}
				],
				"award2": [

				]
			},
			"107": {
				"rankId": 107,
				"activityName": "CrossMission",
				"rank": [
					21,
					50
				],
				"award1": [
					{
						// 仙玉
						"rankId": 107,
						"propId": 1001,
						"num": 1000
					}
				],
				"award2": [

				]
			},
			"108": {
				"rankId": 108,
				"activityName": "CrossMission",
				"rank": [
					51,
					100
				],
				"award1": [
					{
						// 仙玉
						"rankId": 108,
						"propId": 1001,
						"num": 800
					}
				],
				"award2": [

				]
			},
			"109": {
				"rankId": 109,
				"activityName": "CrossMission",
				"rank": [
					101,
					200
				],
				"award1": [
					{
						// 仙玉
						"rankId": 109,
						"propId": 1001,
						"num": 600
					}
				],
				"award2": [

				]
			},
			"110": {
				"rankId": 110,
				"activityName": "CrossMission",
				"rank": [
					201,
					999
				],
				"award1": [
					{
						// 仙玉
						"rankId": 110,
						"propId": 1001,
						"num": 200
					}
				],
				"award2": [

				]
			}
		},
		"gifts": {
			"101": {
				"giftId": 101,
				"activityName": "CrossMission",
				"icon": 0,
				"sort": 1
			},
			"201": {
				"giftId": 201,
				"activityName": "CrossMission",
				"icon": 0,
				"sort": 1
			},
			"301": {
				"giftId": 301,
				"activityName": "CrossMission",
				"icon": 0,
				"sort": 1
			},
			"401": {
				"giftId": 401,
				"activityName": "CrossMission",
				"icon": 0,
				"sort": 1
			},
			"501": {
				"giftId": 501,
				"activityName": "CrossMission",
				"icon": 0,
				"sort": 1
			}
		},
		"crossRank": {
			"101": {
				"id": 101,
				"activityName": "CrossMission",
				"rank": [
					1,
					1
				],
				"crossRankAward": [
					{
						// 仙玉
						"crossRankId": 101,
						"propId": 1001,
						"num": 5000
					}
				]
			},
			"102": {
				"id": 102,
				"activityName": "CrossMission",
				"rank": [
					2,
					2
				],
				"crossRankAward": [
					{
						// 仙玉
						"crossRankId": 102,
						"propId": 1001,
						"num": 4000
					}
				]
			},
			"103": {
				"id": 103,
				"activityName": "CrossMission",
				"rank": [
					3,
					3
				],
				"crossRankAward": [
					{
						// 仙玉
						"crossRankId": 103,
						"propId": 1001,
						"num": 3000
					}
				]
			},
			"104": {
				"id": 104,
				"activityName": "CrossMission",
				"rank": [
					4,
					5
				],
				"crossRankAward": [
					{
						// 仙玉
						"crossRankId": 104,
						"propId": 1001,
						"num": 2500
					}
				]
			},
			"105": {
				"id": 105,
				"activityName": "CrossMission",
				"rank": [
					6,
					10
				],
				"crossRankAward": [
					{
						// 仙玉
						"crossRankId": 105,
						"propId": 1001,
						"num": 2000
					}
				]
			},
			"106": {
				"id": 106,
				"activityName": "CrossMission",
				"rank": [
					11,
					20
				],
				"crossRankAward": [
					{
						// 仙玉
						"crossRankId": 106,
						"propId": 1001,
						"num": 1500
					}
				]
			},
			"107": {
				"id": 107,
				"activityName": "CrossMission",
				"rank": [
					21,
					50
				],
				"crossRankAward": [
					{
						// 仙玉
						"crossRankId": 107,
						"propId": 1001,
						"num": 1000
					}
				]
			},
			"108": {
				"id": 108,
				"activityName": "CrossMission",
				"rank": [
					51,
					100
				],
				"crossRankAward": [
					{
						// 仙玉
						"crossRankId": 108,
						"propId": 1001,
						"num": 800
					}
				]
			},
			"109": {
				"id": 109,
				"activityName": "CrossMission",
				"rank": [
					101,
					200
				],
				"crossRankAward": [
					{
						// 仙玉
						"crossRankId": 109,
						"propId": 1001,
						"num": 600
					}
				]
			},
			"110": {
				"id": 110,
				"activityName": "CrossMission",
				"rank": [
					201,
					999
				],
				"crossRankAward": [
					{
						// 仙玉
						"crossRankId": 110,
						"propId": 1001,
						"num": 200
					}
				]
			}
		}
	}
}