{
	//竞技场声望区间.id 序号
	//竞技场声望区间.range 区间
	//竞技场声望区间.atkPrestigewin 进攻方胜利声望
	//竞技场声望区间.defPrestigewin 防守方胜利声望
	//竞技场声望区间.atkPrestigedefeat 进攻方失败声望
	//竞技场声望区间.defPrestigedefeat 防守方失败声望
	//竞技场声望区间.score 单次获得积分
	//竞技场声望区间.npcId 怪物表取属性
	//竞技场声望区间.winRewards 奖励
	//竞技场声望区间.defeatRewards 失败奖励
	//竞技场声望区间.seasonReduce 声望赛季结束衰减值
	//竞技场声望区间.greatRobot 高分机器人属性（万分比）
	//竞技场声望区间.Robot 普通分机器人属性
	//竞技场声望区间.lowRobot 普通分机器人属性
	//winRewards.id id
	//winRewards.propId 道具id
	//winRewards.num 奖励数量
	//defeatRewards.id id
	//defeatRewards.propId 道具id
	//defeatRewards.num 奖励数量
	//"salt": "073cf42c5f8d1bd29e95803138a4a6eb"
	"1": {
		"id": 1,
		"range": [
			0,
			1149
		],
		"atkPrestigewin": 30,
		"defPrestigewin": 15,
		"atkPrestigedefeat": 0,
		"defPrestigedefeat": 0,
		"score": 220,
		"npcId": 100002,
		"winRewards": [
			{
				"id": 1,
				"propId": 10106,
				"num": 50
			}
		],
		"defeatRewards": [
			{
				"id": 1,
				"propId": 10106,
				"num": 20
			}
		],
		"seasonReduce": 0,
		"greatRobot": 11000,
		"Robot": 10000,
		"lowRobot": 9000
	},
	"2": {
		"id": 2,
		"range": [
			1150,
			1299
		],
		"atkPrestigewin": 30,
		"defPrestigewin": 15,
		"atkPrestigedefeat": 0,
		"defPrestigedefeat": 0,
		"score": 240,
		"npcId": 100002,
		"winRewards": [
			{
				"id": 2,
				"propId": 10106,
				"num": 50
			}
		],
		"defeatRewards": [
			{
				"id": 2,
				"propId": 10106,
				"num": 20
			}
		],
		"seasonReduce": 0,
		"greatRobot": 11000,
		"Robot": 10000,
		"lowRobot": 9000
	},
	"3": {
		"id": 3,
		"range": [
			1300,
			1449
		],
		"atkPrestigewin": 30,
		"defPrestigewin": 15,
		"atkPrestigedefeat": 0,
		"defPrestigedefeat": 0,
		"score": 260,
		"npcId": 100002,
		"winRewards": [
			{
				"id": 3,
				"propId": 10106,
				"num": 50
			}
		],
		"defeatRewards": [
			{
				"id": 3,
				"propId": 10106,
				"num": 20
			}
		],
		"seasonReduce": 0,
		"greatRobot": 11000,
		"Robot": 10000,
		"lowRobot": 9000
	},
	"4": {
		"id": 4,
		"range": [
			1450,
			1599
		],
		"atkPrestigewin": 30,
		"defPrestigewin": 15,
		"atkPrestigedefeat": 0,
		"defPrestigedefeat": 0,
		"score": 280,
		"npcId": 100002,
		"winRewards": [
			{
				"id": 4,
				"propId": 10106,
				"num": 50
			}
		],
		"defeatRewards": [
			{
				"id": 4,
				"propId": 10106,
				"num": 20
			}
		],
		"seasonReduce": 0,
		"greatRobot": 11000,
		"Robot": 10000,
		"lowRobot": 9000
	},
	"5": {
		"id": 5,
		"range": [
			1600,
			1749
		],
		"atkPrestigewin": 30,
		"defPrestigewin": 15,
		"atkPrestigedefeat": 0,
		"defPrestigedefeat": 0,
		"score": 300,
		"npcId": 100002,
		"winRewards": [
			{
				"id": 5,
				"propId": 10106,
				"num": 50
			}
		],
		"defeatRewards": [
			{
				"id": 5,
				"propId": 10106,
				"num": 20
			}
		],
		"seasonReduce": 0,
		"greatRobot": 11000,
		"Robot": 10000,
		"lowRobot": 9000
	},
	"6": {
		"id": 6,
		"range": [
			1750,
			1899
		],
		"atkPrestigewin": 30,
		"defPrestigewin": 15,
		"atkPrestigedefeat": 0,
		"defPrestigedefeat": 0,
		"score": 320,
		"npcId": 100002,
		"winRewards": [
			{
				"id": 6,
				"propId": 10106,
				"num": 50
			}
		],
		"defeatRewards": [
			{
				"id": 6,
				"propId": 10106,
				"num": 20
			}
		],
		"seasonReduce": 0,
		"greatRobot": 11000,
		"Robot": 10000,
		"lowRobot": 9000
	},
	"7": {
		"id": 7,
		"range": [
			1900,
			2049
		],
		"atkPrestigewin": 30,
		"defPrestigewin": 15,
		"atkPrestigedefeat": 0,
		"defPrestigedefeat": 0,
		"score": 340,
		"npcId": 100002,
		"winRewards": [
			{
				"id": 7,
				"propId": 10106,
				"num": 50
			}
		],
		"defeatRewards": [
			{
				"id": 7,
				"propId": 10106,
				"num": 20
			}
		],
		"seasonReduce": 0,
		"greatRobot": 11000,
		"Robot": 10000,
		"lowRobot": 9000
	},
	"8": {
		"id": 8,
		"range": [
			2050,
			2199
		],
		"atkPrestigewin": 30,
		"defPrestigewin": 15,
		"atkPrestigedefeat": 0,
		"defPrestigedefeat": 0,
		"score": 360,
		"npcId": 100002,
		"winRewards": [
			{
				"id": 8,
				"propId": 10106,
				"num": 50
			}
		],
		"defeatRewards": [
			{
				"id": 8,
				"propId": 10106,
				"num": 20
			}
		],
		"seasonReduce": 0,
		"greatRobot": 11000,
		"Robot": 10000,
		"lowRobot": 9000
	},
	"9": {
		"id": 9,
		"range": [
			2200,
			2349
		],
		"atkPrestigewin": 30,
		"defPrestigewin": 15,
		"atkPrestigedefeat": 9,
		"defPrestigedefeat": 4,
		"score": 380,
		"npcId": 100002,
		"winRewards": [
			{
				"id": 9,
				"propId": 10106,
				"num": 50
			}
		],
		"defeatRewards": [
			{
				"id": 9,
				"propId": 10106,
				"num": 20
			}
		],
		"seasonReduce": 2350,
		"greatRobot": 11000,
		"Robot": 10000,
		"lowRobot": 9000
	},
	"10": {
		"id": 10,
		"range": [
			2350,
			2499
		],
		"atkPrestigewin": 30,
		"defPrestigewin": 15,
		"atkPrestigedefeat": 9,
		"defPrestigedefeat": 4,
		"score": 400,
		"npcId": 100002,
		"winRewards": [
			{
				"id": 10,
				"propId": 10106,
				"num": 50
			}
		],
		"defeatRewards": [
			{
				"id": 10,
				"propId": 10106,
				"num": 20
			}
		],
		"seasonReduce": 2350,
		"greatRobot": 11000,
		"Robot": 10000,
		"lowRobot": 9000
	},
	"11": {
		"id": 11,
		"range": [
			2500,
			2649
		],
		"atkPrestigewin": 30,
		"defPrestigewin": 15,
		"atkPrestigedefeat": 9,
		"defPrestigedefeat": 4,
		"score": 420,
		"npcId": 100002,
		"winRewards": [
			{
				"id": 11,
				"propId": 10106,
				"num": 50
			}
		],
		"defeatRewards": [
			{
				"id": 11,
				"propId": 10106,
				"num": 20
			}
		],
		"seasonReduce": 2350,
		"greatRobot": 11000,
		"Robot": 10000,
		"lowRobot": 9000
	},
	"12": {
		"id": 12,
		"range": [
			2650,
			2799
		],
		"atkPrestigewin": 30,
		"defPrestigewin": 15,
		"atkPrestigedefeat": 9,
		"defPrestigedefeat": 4,
		"score": 440,
		"npcId": 100002,
		"winRewards": [
			{
				"id": 12,
				"propId": 10106,
				"num": 50
			}
		],
		"defeatRewards": [
			{
				"id": 12,
				"propId": 10106,
				"num": 20
			}
		],
		"seasonReduce": 2350,
		"greatRobot": 11000,
		"Robot": 10000,
		"lowRobot": 9000
	},
	"13": {
		"id": 13,
		"range": [
			2800,
			2949
		],
		"atkPrestigewin": 30,
		"defPrestigewin": 15,
		"atkPrestigedefeat": 18,
		"defPrestigedefeat": 9,
		"score": 460,
		"npcId": 100002,
		"winRewards": [
			{
				"id": 13,
				"propId": 10106,
				"num": 50
			}
		],
		"defeatRewards": [
			{
				"id": 13,
				"propId": 10106,
				"num": 20
			}
		],
		"seasonReduce": 2950,
		"greatRobot": 11000,
		"Robot": 10000,
		"lowRobot": 9000
	},
	"14": {
		"id": 14,
		"range": [
			2950,
			3099
		],
		"atkPrestigewin": 30,
		"defPrestigewin": 15,
		"atkPrestigedefeat": 18,
		"defPrestigedefeat": 9,
		"score": 480,
		"npcId": 100002,
		"winRewards": [
			{
				"id": 14,
				"propId": 10106,
				"num": 50
			}
		],
		"defeatRewards": [
			{
				"id": 14,
				"propId": 10106,
				"num": 20
			}
		],
		"seasonReduce": 2950,
		"greatRobot": 11000,
		"Robot": 10000,
		"lowRobot": 9000
	},
	"15": {
		"id": 15,
		"range": [
			3100,
			3249
		],
		"atkPrestigewin": 30,
		"defPrestigewin": 15,
		"atkPrestigedefeat": 18,
		"defPrestigedefeat": 9,
		"score": 500,
		"npcId": 100002,
		"winRewards": [
			{
				"id": 15,
				"propId": 10106,
				"num": 50
			}
		],
		"defeatRewards": [
			{
				"id": 15,
				"propId": 10106,
				"num": 20
			}
		],
		"seasonReduce": 2950,
		"greatRobot": 11000,
		"Robot": 10000,
		"lowRobot": 9000
	},
	"16": {
		"id": 16,
		"range": [
			3250,
			3399
		],
		"atkPrestigewin": 30,
		"defPrestigewin": 15,
		"atkPrestigedefeat": 18,
		"defPrestigedefeat": 9,
		"score": 520,
		"npcId": 100002,
		"winRewards": [
			{
				"id": 16,
				"propId": 10106,
				"num": 50
			}
		],
		"defeatRewards": [
			{
				"id": 16,
				"propId": 10106,
				"num": 20
			}
		],
		"seasonReduce": 2950,
		"greatRobot": 11000,
		"Robot": 10000,
		"lowRobot": 9000
	},
	"17": {
		"id": 17,
		"range": [
			3400,
			3549
		],
		"atkPrestigewin": 30,
		"defPrestigewin": 15,
		"atkPrestigedefeat": 21,
		"defPrestigedefeat": 10,
		"score": 540,
		"npcId": 100002,
		"winRewards": [
			{
				"id": 17,
				"propId": 10106,
				"num": 50
			}
		],
		"defeatRewards": [
			{
				"id": 17,
				"propId": 10106,
				"num": 20
			}
		],
		"seasonReduce": 3550,
		"greatRobot": 11000,
		"Robot": 10000,
		"lowRobot": 9000
	},
	"18": {
		"id": 18,
		"range": [
			3550,
			3699
		],
		"atkPrestigewin": 30,
		"defPrestigewin": 15,
		"atkPrestigedefeat": 21,
		"defPrestigedefeat": 10,
		"score": 560,
		"npcId": 100002,
		"winRewards": [
			{
				"id": 18,
				"propId": 10106,
				"num": 50
			}
		],
		"defeatRewards": [
			{
				"id": 18,
				"propId": 10106,
				"num": 20
			}
		],
		"seasonReduce": 3550,
		"greatRobot": 11000,
		"Robot": 10000,
		"lowRobot": 9000
	},
	"19": {
		"id": 19,
		"range": [
			3700,
			3849
		],
		"atkPrestigewin": 30,
		"defPrestigewin": 15,
		"atkPrestigedefeat": 21,
		"defPrestigedefeat": 10,
		"score": 580,
		"npcId": 100002,
		"winRewards": [
			{
				"id": 19,
				"propId": 10106,
				"num": 50
			}
		],
		"defeatRewards": [
			{
				"id": 19,
				"propId": 10106,
				"num": 20
			}
		],
		"seasonReduce": 3550,
		"greatRobot": 11000,
		"Robot": 10000,
		"lowRobot": 9000
	},
	"20": {
		"id": 20,
		"range": [
			3850,
			3999
		],
		"atkPrestigewin": 30,
		"defPrestigewin": 15,
		"atkPrestigedefeat": 21,
		"defPrestigedefeat": 10,
		"score": 600,
		"npcId": 100002,
		"winRewards": [
			{
				"id": 20,
				"propId": 10106,
				"num": 50
			}
		],
		"defeatRewards": [
			{
				"id": 20,
				"propId": 10106,
				"num": 20
			}
		],
		"seasonReduce": 3550,
		"greatRobot": 11000,
		"Robot": 10000,
		"lowRobot": 9000
	},
	"21": {
		"id": 21,
		"range": [
			4000,
			4149
		],
		"atkPrestigewin": 30,
		"defPrestigewin": 15,
		"atkPrestigedefeat": 24,
		"defPrestigedefeat": 12,
		"score": 620,
		"npcId": 100002,
		"winRewards": [
			{
				"id": 21,
				"propId": 10106,
				"num": 50
			}
		],
		"defeatRewards": [
			{
				"id": 21,
				"propId": 10106,
				"num": 20
			}
		],
		"seasonReduce": 4000,
		"greatRobot": 11000,
		"Robot": 10000,
		"lowRobot": 9000
	},
	"22": {
		"id": 22,
		"range": [
			4150,
			4299
		],
		"atkPrestigewin": 30,
		"defPrestigewin": 15,
		"atkPrestigedefeat": 24,
		"defPrestigedefeat": 12,
		"score": 640,
		"npcId": 100002,
		"winRewards": [
			{
				"id": 22,
				"propId": 10106,
				"num": 50
			}
		],
		"defeatRewards": [
			{
				"id": 22,
				"propId": 10106,
				"num": 20
			}
		],
		"seasonReduce": 4000,
		"greatRobot": 11000,
		"Robot": 10000,
		"lowRobot": 9000
	},
	"23": {
		"id": 23,
		"range": [
			4300,
			4449
		],
		"atkPrestigewin": 30,
		"defPrestigewin": 15,
		"atkPrestigedefeat": 24,
		"defPrestigedefeat": 12,
		"score": 660,
		"npcId": 100002,
		"winRewards": [
			{
				"id": 23,
				"propId": 10106,
				"num": 50
			}
		],
		"defeatRewards": [
			{
				"id": 23,
				"propId": 10106,
				"num": 20
			}
		],
		"seasonReduce": 4000,
		"greatRobot": 11000,
		"Robot": 10000,
		"lowRobot": 9000
	},
	"24": {
		"id": 24,
		"range": [
			4450,
			4599
		],
		"atkPrestigewin": 30,
		"defPrestigewin": 15,
		"atkPrestigedefeat": 24,
		"defPrestigedefeat": 12,
		"score": 680,
		"npcId": 100002,
		"winRewards": [
			{
				"id": 24,
				"propId": 10106,
				"num": 50
			}
		],
		"defeatRewards": [
			{
				"id": 24,
				"propId": 10106,
				"num": 20
			}
		],
		"seasonReduce": 4000,
		"greatRobot": 11000,
		"Robot": 10000,
		"lowRobot": 9000
	},
	"25": {
		"id": 25,
		"range": [
			4600,
			4749
		],
		"atkPrestigewin": 30,
		"defPrestigewin": 15,
		"atkPrestigedefeat": 30,
		"defPrestigedefeat": 15,
		"score": 700,
		"npcId": 100002,
		"winRewards": [
			{
				"id": 25,
				"propId": 10106,
				"num": 50
			}
		],
		"defeatRewards": [
			{
				"id": 25,
				"propId": 10106,
				"num": 20
			}
		],
		"seasonReduce": 4600,
		"greatRobot": 11000,
		"Robot": 10000,
		"lowRobot": 9000
	},
	"26": {
		"id": 26,
		"range": [
			4750,
			4899
		],
		"atkPrestigewin": 30,
		"defPrestigewin": 15,
		"atkPrestigedefeat": 30,
		"defPrestigedefeat": 15,
		"score": 720,
		"npcId": 100002,
		"winRewards": [
			{
				"id": 26,
				"propId": 10106,
				"num": 50
			}
		],
		"defeatRewards": [
			{
				"id": 26,
				"propId": 10106,
				"num": 20
			}
		],
		"seasonReduce": 4600,
		"greatRobot": 11000,
		"Robot": 10000,
		"lowRobot": 9000
	},
	"27": {
		"id": 27,
		"range": [
			4900,
			5049
		],
		"atkPrestigewin": 30,
		"defPrestigewin": 15,
		"atkPrestigedefeat": 30,
		"defPrestigedefeat": 15,
		"score": 740,
		"npcId": 100002,
		"winRewards": [
			{
				"id": 27,
				"propId": 10106,
				"num": 50
			}
		],
		"defeatRewards": [
			{
				"id": 27,
				"propId": 10106,
				"num": 20
			}
		],
		"seasonReduce": 4600,
		"greatRobot": 11000,
		"Robot": 10000,
		"lowRobot": 9000
	},
	"28": {
		"id": 28,
		"range": [
			5050,
			5199
		],
		"atkPrestigewin": 30,
		"defPrestigewin": 15,
		"atkPrestigedefeat": 30,
		"defPrestigedefeat": 15,
		"score": 760,
		"npcId": 100002,
		"winRewards": [
			{
				"id": 28,
				"propId": 10106,
				"num": 50
			}
		],
		"defeatRewards": [
			{
				"id": 28,
				"propId": 10106,
				"num": 20
			}
		],
		"seasonReduce": 4600,
		"greatRobot": 11000,
		"Robot": 10000,
		"lowRobot": 9000
	},
	"29": {
		"id": 29,
		"range": [
			5200,
			5349
		],
		"atkPrestigewin": 30,
		"defPrestigewin": 15,
		"atkPrestigedefeat": 30,
		"defPrestigedefeat": 15,
		"score": 780,
		"npcId": 100002,
		"winRewards": [
			{
				"id": 29,
				"propId": 10106,
				"num": 50
			}
		],
		"defeatRewards": [
			{
				"id": 29,
				"propId": 10106,
				"num": 20
			}
		],
		"seasonReduce": 4600,
		"greatRobot": 11000,
		"Robot": 10000,
		"lowRobot": 9000
	},
	"30": {
		"id": 30,
		"range": [
			5350,
			-1
		],
		"atkPrestigewin": 30,
		"defPrestigewin": 15,
		"atkPrestigedefeat": 30,
		"defPrestigedefeat": 15,
		"score": 800,
		"npcId": 100002,
		"winRewards": [

		],
		"defeatRewards": [

		],
		"seasonReduce": 4600,
		"greatRobot": 11000,
		"Robot": 10000,
		"lowRobot": 9000
	}
}