{
	//Sheet1.type 1.声望连胜系数2.天梯分连胜系数3.天梯分战力逆差系数(对手/自身)4.天梯分境界逆差系数 (对手-自身)
	//Sheet1.more 更多内容
	//more.id 序号
	//more.min 区间最小值
	//more.max 区间最大值
	//more.type 类型
	//more.ratio 系数万分比
	//"salt": "9bb30ddfb7ed4486b8c5b2487a30dcc7"
	"1": {
		"type": 1,
		"more": [
			{
				"id": 1001,
				"min": 3,
				"max": 5,
				"type": 1,
				"ratio": 10100
			},
			{
				"id": 1002,
				"min": 6,
				"max": 7,
				"type": 1,
				"ratio": 10200
			},
			{
				"id": 1003,
				"min": 8,
				"max": -1,
				"type": 1,
				"ratio": 10300
			}
		]
	},
	"2": {
		"type": 2,
		"more": [
			{
				"id": 2001,
				"min": 3,
				"max": 5,
				"type": 2,
				"ratio": 10100
			},
			{
				"id": 2002,
				"min": 6,
				"max": 7,
				"type": 2,
				"ratio": 10250
			},
			{
				"id": 2003,
				"min": 8,
				"max": -1,
				"type": 2,
				"ratio": 10500
			}
		]
	},
	"3": {
		"type": 3,
		"more": [
			{
				"id": 3001,
				"min": -1,
				"max": 5000,
				"type": 3,
				"ratio": 7000
			},
			{
				"id": 3002,
				"min": 5001,
				"max": 7000,
				"type": 3,
				"ratio": 8500
			},
			{
				"id": 3003,
				"min": 7001,
				"max": 8500,
				"type": 3,
				"ratio": 9000
			},
			{
				"id": 3004,
				"min": 8501,
				"max": 11000,
				"type": 3,
				"ratio": 10000
			},
			{
				"id": 3005,
				"min": 11001,
				"max": 12000,
				"type": 3,
				"ratio": 10200
			},
			{
				"id": 3006,
				"min": 12001,
				"max": 13000,
				"type": 3,
				"ratio": 10300
			},
			{
				"id": 3007,
				"min": 13001,
				"max": 14000,
				"type": 3,
				"ratio": 10400
			},
			{
				"id": 3008,
				"min": 14001,
				"max": 15000,
				"type": 3,
				"ratio": 10500
			},
			{
				"id": 3009,
				"min": 15001,
				"max": -1,
				"type": 3,
				"ratio": 10600
			}
		]
	},
	"4": {
		"type": 4,
		"more": [
			{
				"id": 4001,
				"min": 0,
				"max": 0,
				"type": 4,
				"ratio": 10000
			},
			{
				"id": 4002,
				"min": 1,
				"max": 1,
				"type": 4,
				"ratio": 11000
			},
			{
				"id": 4003,
				"min": 2,
				"max": 2,
				"type": 4,
				"ratio": 12000
			},
			{
				"id": 4004,
				"min": 3,
				"max": -1,
				"type": 4,
				"ratio": 13000
			}
		]
	}
}