{
	//竞技场每日榜单奖励.id 序号
	//竞技场每日榜单奖励.rank 名次区间
	//竞技场每日榜单奖励.awards 奖励
	//awards.id 排名id
	//awards.propId 道具id
	//awards.num 数量
	//"salt": "56b725ad6ec87ce22bdd8521cf47573d"
	"1": {
		"id": 1,
		"rank": [
			1,
			1
		],
		"awards": [
			{
				"id": 1,
				"propId": 10106,
				"num": 500
			}
		]
	},
	"2": {
		"id": 2,
		"rank": [
			2,
			2
		],
		"awards": [
			{
				"id": 2,
				"propId": 10106,
				"num": 400
			}
		]
	},
	"3": {
		"id": 3,
		"rank": [
			3,
			3
		],
		"awards": [
			{
				"id": 3,
				"propId": 10106,
				"num": 300
			}
		]
	},
	"4": {
		"id": 4,
		"rank": [
			4,
			5
		],
		"awards": [
			{
				"id": 4,
				"propId": 10106,
				"num": 250
			}
		]
	},
	"5": {
		"id": 5,
		"rank": [
			6,
			10
		],
		"awards": [
			{
				"id": 5,
				"propId": 10106,
				"num": 200
			}
		]
	},
	"6": {
		"id": 6,
		"rank": [
			11,
			50
		],
		"awards": [
			{
				"id": 6,
				"propId": 10106,
				"num": 150
			}
		]
	},
	"7": {
		"id": 7,
		"rank": [
			51,
			9999
		],
		"awards": [
			{
				"id": 7,
				"propId": 10106,
				"num": 100
			}
		]
	}
}