{
	//工作表1.id 序号
	//工作表1.fieldName 字段名
	//工作表1.isRate 0固定值1比率
	//工作表1.sort 排序
	//工作表1.name 属性名称
	//工作表1.attrTips 属性描述
	//工作表1.valueTip 属性值描述
	//工作表1.valueFormat 属性值占位符
	//"salt": "fb4844e1d3a1d249cfc6493a292219a0"
	"1": {
		"id": 1,
		"fieldName": "hp",
		"isRate": 0,
		"sort": 3,
		"name": {"l10n":"-1o0pjj"},//生命
		"attrTips": {"l10n":"-evckxx"}//角色的生命值上限
	},
	"2": {
		"id": 2,
		"fieldName": "atk",
		"isRate": 0,
		"sort": 1,
		"name": {"l10n":"-yytt7"},//攻击
		"attrTips": {"l10n":"hg09eu"}//决定攻击伤害的基础属性
	},
	"3": {
		"id": 3,
		"fieldName": "def",
		"isRate": 0,
		"sort": 2,
		"name": {"l10n":"lkzgu"},//防御
		"attrTips": {"l10n":"-rkfhwi"}//决定伤害降低的基础属性
	},
	"4": {
		"id": 4,
		"fieldName": "speed",
		"isRate": 0,
		"sort": 4,
		"name": {"l10n":"2xc184"},//攻击速度
		"attrTips": {"l10n":"pgqq4t"}//角色进行攻击的速度
	},
	"5": {
		"id": 5,
		"fieldName": "hit",
		"isRate": 1,
		"sort": 5,
		"name": {"l10n":"5gkjir"},//命中
		"attrTips": {"l10n":"-swryw4"}//攻击命中概率
	},
	"6": {
		"id": 6,
		"fieldName": "dodge",
		"isRate": 1,
		"sort": 6,
		"name": {"l10n":"h73znq"},//闪避
		"attrTips": {"l10n":"426fbf"}//降低被攻击命中概率
	},
	"7": {
		"id": 7,
		"fieldName": "crit",
		"isRate": 1,
		"sort": 7,
		"name": {"l10n":"-9cywvo"},//暴率
		"attrTips": {"l10n":"-7vj16t"}//攻击造成暴击概率
	},
	"8": {
		"id": 8,
		"fieldName": "lowCrit",
		"isRate": 1,
		"sort": 8,
		"name": {"l10n":"-5rmfh3"},//抗暴
		"attrTips": {"l10n":"-c3hwwr"}//降低受到攻击时被暴击概率
	},
	"9": {
		"id": 9,
		"fieldName": "critDamage",
		"isRate": 1,
		"sort": 9,
		"name": {"l10n":"56b18s"},//暴伤
		"attrTips": {"l10n":"-ah18o0"}//攻击造成暴击时伤害倍率
	},
	"10": {
		"id": 10,
		"fieldName": "penetrate",
		"isRate": 1,
		"sort": 10,
		"name": {"l10n":"h59j2p"},//穿透
		"attrTips": {"l10n":"f3br2g"}//攻击时无视防御比例
	},
	"11": {
		"id": 11,
		"fieldName": "lowPenetrate",
		"isRate": 1,
		"sort": 11,
		"name": {"l10n":"g78rna"},//坚韧
		"attrTips": {"l10n":"21zv1n"}//降低受到攻击时无视防御比例
	},
	"12": {
		"id": 12,
		"fieldName": "hurt",
		"isRate": 1,
		"sort": 12,
		"name": {"l10n":"56b6eq"},//增伤
		"attrTips": {"l10n":"-xt4zjq"}//攻击伤害增加比例
	},
	"13": {
		"id": 13,
		"fieldName": "harmless",
		"isRate": 1,
		"sort": 13,
		"name": {"l10n":"56b4o1"},//减伤
		"attrTips": {"l10n":"dz4hxb"}//受到攻击伤害减免比例
	},
	"14": {
		"id": 14,
		"fieldName": "vertigo",
		"isRate": 1,
		"sort": 14,
		"name": {"l10n":"-5ixawp"},//眩晕
		"attrTips": {"l10n":"mgsinj"}//攻击命中时造成眩晕概率
	},
	"15": {
		"id": 15,
		"fieldName": "lowVertigo",
		"isRate": 1,
		"sort": 15,
		"name": {"l10n":"-5ix6tz"},//抗晕
		"attrTips": {"l10n":"-65r2o8"}//降低受到攻击时被眩晕概率
	},
	"16": {
		"id": 16,
		"fieldName": "cure",
		"isRate": 1,
		"sort": 16,
		"name": {"l10n":"-b09ywb"},//治疗
		"attrTips": {"l10n":"-9m23k5"}//治疗效果增强比例
	},
	"17": {
		"id": 17,
		"fieldName": "atkPer",
		"isRate": 1,
		"sort": 17,
		"name": {"l10n":"-dea4rb"},//攻击百分比
		"attrTips": {"l10n":"lq20ub"}//攻击属性增强
	},
	"18": {
		"id": 18,
		"fieldName": "defPer",
		"isRate": 1,
		"sort": 18,
		"name": {"l10n":"-wl7bel"},//防御百分比
		"attrTips": {"l10n":"-u4fdp3"}//防御属性增强
	},
	"19": {
		"id": 19,
		"fieldName": "hpPer",
		"isRate": 1,
		"sort": 19,
		"name": {"l10n":"yo45bx"},//生命百分比
		"attrTips": {"l10n":"qi75gn"}//生命属性增强
	},
	"20": {
		"id": 20,
		"fieldName": "globalAtkPer",
		"isRate": 1,
		"sort": 20,
		"name": {"l10n":"35hidq"},//全局攻击百分比
		"attrTips": {"l10n":"lq20ub"}//攻击属性增强
	},
	"21": {
		"id": 21,
		"fieldName": "globalDefPer",
		"isRate": 1,
		"sort": 21,
		"name": {"l10n":"rps6ts"},//全局防御百分比
		"attrTips": {"l10n":"-u4fdp3"}//防御属性增强
	},
	"22": {
		"id": 22,
		"fieldName": "globalHpPer",
		"isRate": 1,
		"sort": 22,
		"name": {"l10n":"avdgaa"},//全局生命百分比
		"attrTips": {"l10n":"qi75gn"}//生命属性增强
	},
	"23": {
		"id": 23,
		"fieldName": "finalHurt",
		"isRate": 1,
		"sort": 23,
		"name": {"l10n":"-yfra3g"},//最终增伤
		"attrTips": {"l10n":"vnwhxp"}//最终伤害增加
	},
	"24": {
		"id": 24,
		"fieldName": "finalHarmless",
		"isRate": 1,
		"sort": 24,
		"name": {"l10n":"-wo9u1d"},//最终减伤
		"attrTips": {"l10n":"twvx1a"}//最终伤害减少
	},
	"25": {
		"id": 25,
		"fieldName": "strength",
		"isRate": 0,
		"sort": 25,
		"name": {"l10n":"gss5yt"},//力量
		"attrTips": {"l10n":"-abiye1"},//1点力量转化1点攻击
		"valueTip": {"l10n":"gss5yt"},//力量
		"valueFormat": {"l10n":"-s2t8w8"}//+{value}
	},
	"26": {
		"id": 26,
		"fieldName": "endurance",
		"isRate": 0,
		"sort": 26,
		"name": {"l10n":"-69ufk"},//耐力
		"attrTips": {"l10n":"-wsh58b"},//1点耐力转化1点防御
		"valueTip": {"l10n":"-69ufk"},//耐力
		"valueFormat": {"l10n":"-s2t8w8"}//+{value}
	},
	"27": {
		"id": 27,
		"fieldName": "constitution",
		"isRate": 0,
		"sort": 27,
		"name": {"l10n":"-68rgz"},//体力
		"attrTips": {"l10n":"-qhpbam"},//1点体力转化100点生命
		"valueTip": {"l10n":"-68rgz"},//体力
		"valueFormat": {"l10n":"-s2t8w8"}//+{value}
	},
	"28": {
		"id": 28,
		"fieldName": "skillAtkPer",
		"isRate": 1,
		"sort": 28,
		"name": {"l10n":"-m4f6jp"},//大招增加攻击率
		"attrTips": {"l10n":"4gicb4"}//大招技能增加攻击比例
	},
	"29": {
		"id": 29,
		"fieldName": "lowSkillAtkPer",
		"isRate": 1,
		"sort": 29,
		"name": {"l10n":"-yugiax"},//抗大招增加攻击率
		"attrTips": {"l10n":"-i4vxdj"}//降低大招技能增加攻击比例
	},
	"30": {
		"id": 30,
		"fieldName": "skillVertigo",
		"isRate": 1,
		"sort": 30,
		"name": {"l10n":"-n7s0e5"},//大招眩晕率
		"attrTips": {"l10n":"-nq9sg2"}//大招技能眩晕概率
	},
	"31": {
		"id": 31,
		"fieldName": "lowSkillVertigo",
		"isRate": 1,
		"sort": 31,
		"name": {"l10n":"z9ifdw"},//抗大招眩晕率
		"attrTips": {"l10n":"8puwp1"}//降低大招技能眩晕概率
	},
	"32": {
		"id": 32,
		"fieldName": "lowMpCost",
		"isRate": 0,
		"sort": 32,
		"name": {"l10n":"z410jh"},//法力消耗
		"attrTips": {"l10n":"9a4g9n"},//减少形成1个法力条需要的法力
		"valueTip": {"l10n":"inc7go"},//主动技能消耗法力
		"valueFormat": {"l10n":"-s2t91m"}//-{value}
	},
	"33": {
		"id": 33,
		"fieldName": "mpUp",
		"isRate": 0,
		"sort": 33,
		"name": {"l10n":"-ny046p"},//技能累积
		"attrTips": {"l10n":"yh6y2x"},//角色法力条数量上限增加
		"valueTip": {"l10n":"-ai7l4d"},//主动技能积累次数
		"valueFormat": {"l10n":"-iz6ie1"}//+{value}次
	},
	"34": {
		"id": 34,
		"fieldName": "skillDuration",
		"isRate": 0,
		"sort": 34,
		"name": {"l10n":"6gv1jv"},//持续时间
		"attrTips": {"l10n":"-cnd4nd"},//增加大招释放的持续时间
		"valueTip": {"l10n":"-aojwf4"},//主动技能持续时间
		"valueFormat": {"l10n":"-iz6ls8"}//+{value}秒
	},
	"35": {
		"id": 35,
		"fieldName": "bossRageRecoverNum",
		"isRate": 1,
		"sort": 35,
		"name": {"l10n":"47cg7k"},//boss怒气恢复次数
		"attrTips": {"l10n":"2sn9dp"}//boss回复怒气
	}
}