{
	//audio.id id
	//audio.explain 说明(可以不用读)
	//audio.audios 路径名
	//route.id 音频id
	//route.route 路径名
	//route.weight 权重（0-1000）
	//"salt": "676e67ddc50cf924df3aaf726f0ea409"
	"click": {
		"id": "click",
		"explain": "通用点击",
		"audios": [
			{
				"id": "click",
				"route": "Res/Audio/SFX/00001_sfx_click.ogg",
				"weight": 1000
			}
		]
	},
	"button": {
		"id": "button",
		"explain": "通用按钮",
		"audios": [
			{
				"id": "button",
				"route": "Res/Audio/SFX/00002_sfx_button.ogg",
				"weight": 1000
			}
		]
	},
	"back": {
		"id": "back",
		"explain": "通用返回",
		"audios": [
			{
				"id": "back",
				"route": "Res/Audio/SFX/00003_sfx_back.ogg",
				"weight": 1000
			}
		]
	},
	"switch": {
		"id": "switch",
		"explain": "通用切换",
		"audios": [
			{
				"id": "switch",
				"route": "Res/Audio/SFX/00004_sfx_switch.ogg",
				"weight": 1000
			}
		]
	},
	"rollButton": {
		"id": "rollButton",
		"explain": "随机按钮",
		"audios": [
			{
				"id": "rollButton",
				"route": "Res/Audio/SFX/00005_sfx_rollButton.ogg",
				"weight": 1000
			}
		]
	},
	"result": {
		"id": "result",
		"explain": "恭喜获得",
		"audios": [
			{
				"id": "result",
				"route": "Res/Audio/SFX/00006_sfx_result.ogg",
				"weight": 1000
			}
		]
	},
	"gradeUp": {
		"id": "gradeUp",
		"explain": "等级提升",
		"audios": [
			{
				"id": "gradeUp",
				"route": "Res/Audio/SFX/00007_sfx_gradeUp.ogg",
				"weight": 1000
			}
		]
	},
	"buttonInto": {
		"id": "buttonInto",
		"explain": "进入按钮",
		"audios": [
			{
				"id": "buttonInto",
				"route": "Res/Audio/SFX/00008_sfx_buttonInto.ogg",
				"weight": 1000
			}
		]
	},
	"score": {
		"id": "score",
		"explain": "角色评分",
		"audios": [
			{
				"id": "score",
				"route": "Res/Audio/SFX/00009_sfx_score.ogg",
				"weight": 1000
			}
		]
	},
	"upgradeLight": {
		"id": "upgradeLight",
		"explain": "升级光效",
		"audios": [
			{
				"id": "upgradeLight",
				"route": "Res/Audio/SFX/00010_sfx_upgradeLight.ogg",
				"weight": 1000
			}
		]
	},
	"hurt": {
		"id": "hurt",
		"explain": "受击",
		"audios": [
			{
				"id": "hurt",
				"route": "Res/Audio/SFX/01001_sfx_hurt.ogg",
				"weight": 1000
			}
		]
	},
	"lightBall": {
		"id": "lightBall",
		"explain": "光球",
		"audios": [
			{
				"id": "lightBall",
				"route": "Res/Audio/SFX/01002_sfx_lightBall.ogg",
				"weight": 1000
			}
		]
	},
	"itemPopup": {
		"id": "itemPopup",
		"explain": "物品弹出",
		"audios": [
			{
				"id": "itemPopup",
				"route": "Res/Audio/SFX/01003_sfx_itemPopup.ogg",
				"weight": 1000
			}
		]
	},
	"victory": {
		"id": "victory",
		"explain": "胜利",
		"audios": [
			{
				"id": "victory",
				"route": "Res/Audio/SFX/02001_sfx_victory.ogg",
				"weight": 1000
			}
		]
	},
	"defeat": {
		"id": "defeat",
		"explain": "失败",
		"audios": [
			{
				"id": "defeat",
				"route": "Res/Audio/SFX/02002_sfx_defeat.ogg",
				"weight": 1000
			}
		]
	},
	"shopInto": {
		"id": "shopInto",
		"explain": "进入商城",
		"audios": [
			{
				"id": "shopInto",
				"route": "Res/Audio/SFX/03001_sfx_shopInto.ogg",
				"weight": 1000
			}
		]
	},
	"listLike": {
		"id": "listLike",
		"explain": "排行榜_点赞",
		"audios": [
			{
				"id": "listLike",
				"route": "Res/Audio/SFX/03002_sfx_listLike.ogg",
				"weight": 1000
			}
		]
	},
	"battleStart": {
		"id": "battleStart",
		"explain": "论道台_斗法",
		"audios": [
			{
				"id": "battleStart",
				"route": "Res/Audio/SFX/03003_sfx_battleStart.ogg",
				"weight": 1000
			}
		]
	},
	"taskBox": {
		"id": "taskBox",
		"explain": "任务_宝箱",
		"audios": [
			{
				"id": "taskBox",
				"route": "Res/Audio/SFX/03004_sfx_taskBox.ogg",
				"weight": 1000
			}
		]
	},
	"soulRefresh": {
		"id": "soulRefresh",
		"explain": "铭文_刷新",
		"audios": [
			{
				"id": "soulRefresh",
				"route": "Res/Audio/SFX/04001_sfx_soulRefresh.ogg",
				"weight": 1000
			}
		]
	},
	"trainInto": {
		"id": "trainInto",
		"explain": "历练_入口",
		"audios": [
			{
				"id": "trainInto",
				"route": "Res/Audio/SFX/05001_sfx_trainInto.ogg",
				"weight": 1000
			}
		]
	},
	"leagueSetUp": {
		"id": "leagueSetUp",
		"explain": "山头_创建",
		"audios": [
			{
				"id": "leagueSetUp",
				"route": "Res/Audio/SFX/06001_sfx_leagueSetUp.ogg",
				"weight": 1000
			}
		]
	},
	"magicActivate": {
		"id": "magicActivate",
		"explain": "血脉契印_激活",
		"audios": [
			{
				"id": "magicActivate",
				"route": "Res/Audio/SFX/06002_sfx_magicActivate.ogg",
				"weight": 1000
			}
		]
	},
	"engrave": {
		"id": "engrave",
		"explain": "符石_镌刻",
		"audios": [
			{
				"id": "engrave",
				"route": "Res/Audio/SFX/07001_sfx_engrave.ogg",
				"weight": 1000
			}
		]
	},
	"logIn": {
		"id": "logIn",
		"explain": "登录界面",
		"audios": [
			{
				"id": "logIn",
				"route": "Res/Audio/BGM/Bgm_logIn.ogg",
				"weight": 1000
			}
		]
	},
	"create": {
		"id": "create",
		"explain": "创角界面",
		"audios": [
			{
				"id": "create",
				"route": "Res/Audio/BGM/Bgm_create.ogg",
				"weight": 1000
			}
		]
	},
	"main": {
		"id": "main",
		"explain": "主界面",
		"audios": [
			{
				"id": "main",
				"route": "Res/Audio/BGM/Bgm_main.ogg",
				"weight": 1000
			}
		]
	},
	"training": {
		"id": "training",
		"explain": "历练系统",
		"audios": [
			{
				"id": "training",
				"route": "Res/Audio/BGM/Bgm_training.ogg",
				"weight": 1000
			}
		]
	},
	"league": {
		"id": "league",
		"explain": "山头系统",
		"audios": [
			{
				"id": "league",
				"route": "Res/Audio/BGM/Bgm_league.ogg",
				"weight": 1000
			}
		]
	},
	"fight": {
		"id": "fight",
		"explain": "战斗系统",
		"audios": [
			{
				"id": "fight",
				"route": "Res/Audio/BGM/Bgm_fight.ogg",
				"weight": 1000
			}
		]
	},
	"succeed": {
		"id": "succeed",
		"explain": "突破成功、渡劫成功",
		"audios": [
			{
				"id": "succeed",
				"route": "Res/Audio/SFX/00011_sfx_succeed.ogg",
				"weight": 1000
			}
		]
	},
	"newFunction": {
		"id": "newFunction",
		"explain": "新功能开启",
		"audios": [
			{
				"id": "newFunction",
				"route": "Res/Audio/SFX/00012_sfx_newFunction.ogg",
				"weight": 1000
			}
		]
	},
	"enemyAssault": {
		"id": "enemyAssault",
		"explain": "强敌来袭",
		"audios": [
			{
				"id": "enemyAssault",
				"route": "Res/Audio/SFX/01004_sfx_enemyAssault.ogg",
				"weight": 1000
			}
		]
	},
	"switchMulti": {
		"id": "switchMulti",
		"explain": "切换多人",
		"audios": [
			{
				"id": "switchMulti",
				"route": "Res/Audio/SFX/01005_sfx_switchMulti.ogg",
				"weight": 1000
			}
		]
	},
	"switchSolo": {
		"id": "switchSolo",
		"explain": "切换单人、遮罩缩小",
		"audios": [
			{
				"id": "switchSolo",
				"route": "Res/Audio/SFX/01006_sfx_switchSolo.ogg",
				"weight": 1000
			}
		]
	},
	"bossShow": {
		"id": "bossShow",
		"explain": "boss登场",
		"audios": [
			{
				"id": "bossShow",
				"route": "Res/Audio/SFX/01007_sfx_bossShow.ogg",
				"weight": 1000
			}
		]
	},
	"soulNew": {
		"id": "soulNew",
		"explain": "新铭文",
		"audios": [
			{
				"id": "soulNew",
				"route": "Res/Audio/SFX/04002_sfx_soulNew.ogg",
				"weight": 1000
			}
		]
	},
	"cowRage": {
		"id": "cowRage",
		"explain": "夔牛狂暴",
		"audios": [
			{
				"id": "cowRage",
				"route": "Res/Audio/SFX/05002_sfx_cowRage.ogg",
				"weight": 1000
			}
		]
	},
	"stateBreak": {
		"id": "stateBreak",
		"explain": "境界突破",
		"audios": [
			{
				"id": "stateBreak",
				"route": "Res/Audio/SFX/08001_sfx_stateBreak.ogg",
				"weight": 1000
			}
		]
	},
	"uiGong": {
		"id": "uiGong",
		"explain": "底部UI_元神",
		"audios": [
			{
				"id": "uiGong",
				"route": "Res/Audio/SFX/09001_sfx_uiGong.ogg",
				"weight": 1000
			}
		]
	},
	"uiArmour": {
		"id": "uiArmour",
		"explain": "底部UI_装备",
		"audios": [
			{
				"id": "uiArmour",
				"route": "Res/Audio/SFX/09002_sfx_uiArmour.ogg",
				"weight": 1000
			}
		]
	},
	"uiWeapon": {
		"id": "uiWeapon",
		"explain": "底部UI_法宝",
		"audios": [
			{
				"id": "uiWeapon",
				"route": "Res/Audio/SFX/09003_sfx_uiWeapon.ogg",
				"weight": 1000
			}
		]
	},
	"uiPractice": {
		"id": "uiPractice",
		"explain": "底部UI_修炼",
		"audios": [
			{
				"id": "uiPractice",
				"route": "Res/Audio/SFX/09004_sfx_uiPractice.ogg",
				"weight": 1000
			}
		]
	},
	"uiTraining": {
		"id": "uiTraining",
		"explain": "底部UI_历练",
		"audios": [
			{
				"id": "uiTraining",
				"route": "Res/Audio/SFX/09005_sfx_uiTraining.ogg",
				"weight": 1000
			}
		]
	},
	"uiLeague": {
		"id": "uiLeague",
		"explain": "底部UI_山头",
		"audios": [
			{
				"id": "uiLeague",
				"route": "Res/Audio/SFX/09006_sfx_uiLeague.ogg",
				"weight": 1000
			}
		]
	},
	"uiClick": {
		"id": "uiClick",
		"explain": "底部UI_点击",
		"audios": [
			{
				"id": "uiClick",
				"route": "Res/Audio/SFX/09007_sfx_uiClick.ogg",
				"weight": 1000
			}
		]
	},
	"refine": {
		"id": "refine",
		"explain": "炼器_抽取",
		"audios": [
			{
				"id": "refine",
				"route": "Res/Audio/SFX/03005_sfx_refine.ogg",
				"weight": 1000
			}
		]
	},
	"bird_bigSkill": {
		"id": "bird_bigSkill",
		"explain": "鸟_大招",
		"audios": [
			{
				"id": "bird_bigSkill",
				"route": "Res/Audio/SFX/10001_sfx_bird_bigSkill.ogg",
				"weight": 1000
			}
		]
	},
	"bird_crit": {
		"id": "bird_crit",
		"explain": "鸟_暴击",
		"audios": [
			{
				"id": "bird_crit",
				"route": "Res/Audio/SFX/10002_sfx_bird_crit.ogg",
				"weight": 1000
			}
		]
	},
	"fox_bigSkill": {
		"id": "fox_bigSkill",
		"explain": "狐狸_大招",
		"audios": [
			{
				"id": "fox_bigSkill",
				"route": "Res/Audio/SFX/10003_sfx_fox_bigSkill.ogg",
				"weight": 1000
			}
		]
	},
	"fox_crit": {
		"id": "fox_crit",
		"explain": "狐狸_暴击",
		"audios": [
			{
				"id": "fox_crit",
				"route": "Res/Audio/SFX/10004_sfx_fox_crit.ogg",
				"weight": 1000
			}
		]
	},
	"snake_bigSkill": {
		"id": "snake_bigSkill",
		"explain": "蛇_大招",
		"audios": [
			{
				"id": "snake_bigSkill",
				"route": "Res/Audio/SFX/10005_sfx_snake_bigSkill.ogg",
				"weight": 1000
			}
		]
	},
	"snake_crit": {
		"id": "snake_crit",
		"explain": "蛇_暴击",
		"audios": [
			{
				"id": "snake_crit",
				"route": "Res/Audio/SFX/10006_sfx_snake_crit.ogg",
				"weight": 1000
			}
		]
	},
	"boss_electricity": {
		"id": "boss_electricity",
		"explain": "boss_电",
		"audios": [
			{
				"id": "boss_electricity",
				"route": "Res/Audio/SFX/11001_sfx_boss_electricity.ogg",
				"weight": 1000
			}
		]
	},
	"boss_wind": {
		"id": "boss_wind",
		"explain": "boss_风",
		"audios": [
			{
				"id": "boss_wind",
				"route": "Res/Audio/SFX/11002_sfx_boss_wind.ogg",
				"weight": 1000
			}
		]
	},
	"boss_fire": {
		"id": "boss_fire",
		"explain": "boss_火",
		"audios": [
			{
				"id": "boss_fire",
				"route": "Res/Audio/SFX/11003_sfx_boss_fire.ogg",
				"weight": 1000
			}
		]
	},
	"boss_wood": {
		"id": "boss_wood",
		"explain": "boss_木",
		"audios": [
			{
				"id": "boss_wood",
				"route": "Res/Audio/SFX/11004_sfx_boss_wood.ogg",
				"weight": 1000
			}
		]
	},
	"boss_water": {
		"id": "boss_water",
		"explain": "boss_水",
		"audios": [
			{
				"id": "boss_water",
				"route": "Res/Audio/SFX/11005_sfx_boss_water.ogg",
				"weight": 1000
			}
		]
	},
	"boss_soil": {
		"id": "boss_soil",
		"explain": "boss_土",
		"audios": [
			{
				"id": "boss_soil",
				"route": "Res/Audio/SFX/11006_sfx_boss_soil.ogg",
				"weight": 1000
			}
		]
	}
}