{
	//日礼包表.id 第X天
	//日礼包表.name 标题
	//日礼包表.icon 图片资源
	//日礼包表.content 礼包内容
	//content.giftId 礼包id
	//content.id 第X天
	//content.desc 礼包名称
	//content.giftIcon 礼包icon图片资源id(每日40X，限时仙玉50X，限时现金60X，终身礼包70X)
	//content.rechargeId 计费点ID
	//content.type 礼包类型(1现金礼包4免费礼包3广告礼包2仙玉礼包)
	//content.costId 消耗道具id
	//content.costNum 消耗道具数量
	//content.buyLimitType 限购种类(1每日限购，2每周限购，3每月限购，4终身限购。-1则不限购)
	//content.buyLimitNum 限购次数(-1无限次)
	//content.awards 固定奖励内容
	//content.choose 自选格奖励详细
	//awards.giftId 礼包id
	//awards.propId 道具id
	//awards.num 数量
	//choose.sort 序号
	//choose.giftId 礼包id
	//choose.optional 自选第X格
	//choose.awards2 自选奖励内容
	//awards2.sort 序号
	//awards2.propId 道具id
	//awards2.num 数量
	//"salt": "0cca33ae64f794d71b582827141bb9d0"
	"1": {
		"id": 1,
		"name": {"l10n":"1bkl4k"},//每日特惠礼包
		"content": {
			"11001": {
				"giftId": 11001,
				"id": 1,
				"desc": {"l10n":"-4o6jsh"},//福利礼包
				"giftIcon": 401,
				"rechargeId": 0,
				"type": 4,
				"costId": 0,
				"costNum": 0,
				"buyLimitType": 1,
				"buyLimitNum": 1,
				"awards": [
					{
						// 馈礼券
						"giftId": 11001,
						"propId": 1018,
						"num": 5
					}
				],
				"choose": {

				}
			},
			"11002": {
				"giftId": 11002,
				"id": 1,
				"desc": {"l10n":"-y5v2bp"},//初级供奉礼包
				"giftIcon": 401,
				"rechargeId": 11002,
				"type": 1,
				"costId": 0,
				"costNum": 0,
				"buyLimitType": 1,
				"buyLimitNum": 1,
				"awards": [
					{
						// 馈礼券
						"giftId": 11002,
						"propId": 1018,
						"num": 10
					},
					{
						// 精力
						"giftId": 11002,
						"propId": 1003,
						"num": 10
					},
					{
						// 鬼市币
						"giftId": 11002,
						"propId": 8016,
						"num": 1
					}
				],
				"choose": {

				}
			},
			"11003": {
				"giftId": 11003,
				"id": 1,
				"desc": {"l10n":"-y5dlqt"},//中级供奉礼包
				"giftIcon": 402,
				"rechargeId": 11003,
				"type": 1,
				"costId": 0,
				"costNum": 0,
				"buyLimitType": 1,
				"buyLimitNum": 1,
				"awards": [
					{
						// 馈礼券
						"giftId": 11003,
						"propId": 1018,
						"num": 20
					},
					{
						// 精力
						"giftId": 11003,
						"propId": 1003,
						"num": 20
					},
					{
						// 鬼市币
						"giftId": 11003,
						"propId": 8016,
						"num": 2
					}
				],
				"choose": {

				}
			},
			"11004": {
				"giftId": 11004,
				"id": 1,
				"desc": {"l10n":"-y6ox68"},//高级供奉礼包
				"giftIcon": 402,
				"rechargeId": 11004,
				"type": 1,
				"costId": 0,
				"costNum": 0,
				"buyLimitType": 1,
				"buyLimitNum": 1,
				"awards": [
					{
						// 馈礼券
						"giftId": 11004,
						"propId": 1018,
						"num": 30
					},
					{
						// 精力
						"giftId": 11004,
						"propId": 1003,
						"num": 30
					},
					{
						// 鬼市币
						"giftId": 11004,
						"propId": 8016,
						"num": 3
					}
				],
				"choose": {

				}
			},
			"11005": {
				"giftId": 11005,
				"id": 1,
				"desc": {"l10n":"-y5pcbt"},//特级供奉礼包
				"giftIcon": 403,
				"rechargeId": 11005,
				"type": 1,
				"costId": 0,
				"costNum": 0,
				"buyLimitType": 1,
				"buyLimitNum": 1,
				"awards": [
					{
						// 馈礼券
						"giftId": 11005,
						"propId": 1018,
						"num": 40
					},
					{
						// 精力
						"giftId": 11005,
						"propId": 1003,
						"num": 40
					},
					{
						// 鬼市币
						"giftId": 11005,
						"propId": 8016,
						"num": 6
					}
				],
				"choose": {

				}
			},
			"11006": {
				"giftId": 11006,
				"id": 1,
				"desc": {"l10n":"q5k7ys"},//元神提升礼包
				"giftIcon": 403,
				"rechargeId": 11006,
				"type": 1,
				"costId": 0,
				"costNum": 0,
				"buyLimitType": 1,
				"buyLimitNum": 1,
				"awards": [
					{
						// 馈礼券
						"giftId": 11006,
						"propId": 1018,
						"num": 40
					},
					{
						// 精力
						"giftId": 11006,
						"propId": 1003,
						"num": 50
					},
					{
						// 鬼市币
						"giftId": 11006,
						"propId": 8016,
						"num": 8
					},
					{
						// 灵气
						"giftId": 11006,
						"propId": 10201,
						"num": 8000
					}
				],
				"choose": {

				}
			},
			"11007": {
				"giftId": 11007,
				"id": 1,
				"desc": {"l10n":"k7zc5p"},//元神进阶礼包
				"giftIcon": 404,
				"rechargeId": 11007,
				"type": 1,
				"costId": 0,
				"costNum": 0,
				"buyLimitType": 1,
				"buyLimitNum": 1,
				"awards": [
					{
						// 馈礼券
						"giftId": 11007,
						"propId": 1018,
						"num": 40
					},
					{
						// 精力
						"giftId": 11007,
						"propId": 1003,
						"num": 60
					},
					{
						// 鬼市币
						"giftId": 11007,
						"propId": 8016,
						"num": 12
					},
					{
						// 灵气
						"giftId": 11007,
						"propId": 10201,
						"num": 12000
					}
				],
				"choose": {

				}
			},
			"11008": {
				"giftId": 11008,
				"id": 1,
				"desc": {"l10n":"-8ypu4w"},//初级自选礼包
				"giftIcon": 404,
				"rechargeId": 11008,
				"type": 1,
				"costId": 0,
				"costNum": 0,
				"buyLimitType": 1,
				"buyLimitNum": 1,
				"awards": [
					{
						// 馈礼券
						"giftId": 11008,
						"propId": 1018,
						"num": 40
					},
					{
						// 精力
						"giftId": 11008,
						"propId": 1003,
						"num": 70
					}
				],
				"choose": {
					"1": {
						"sort": 110081,
						"giftId": 11008,
						"optional": 1,
						"awards2": {
							"10201": {
								"sort": 110081,
								"propId": 10201,
								"num": 14000
							},
							"10202": {
								"sort": 110081,
								"propId": 10202,
								"num": 14000
							},
							"10203": {
								"sort": 110081,
								"propId": 10203,
								"num": 14000
							}
						}
					},
					"2": {
						"sort": 110082,
						"giftId": 11008,
						"optional": 2,
						"awards2": {
							"8016": {
								"sort": 110082,
								"propId": 8016,
								"num": 14
							},
							"10204": {
								"sort": 110082,
								"propId": 10204,
								"num": 14
							},
							"8015": {
								"sort": 110082,
								"propId": 8015,
								"num": 14
							}
						}
					}
				}
			},
			"11009": {
				"giftId": 11009,
				"id": 1,
				"desc": {"l10n":"-8y8dk0"},//中级自选礼包
				"giftIcon": 404,
				"rechargeId": 11009,
				"type": 1,
				"costId": 0,
				"costNum": 0,
				"buyLimitType": 1,
				"buyLimitNum": 1,
				"awards": [
					{
						// 馈礼券
						"giftId": 11009,
						"propId": 1018,
						"num": 40
					},
					{
						// 精力
						"giftId": 11009,
						"propId": 1003,
						"num": 80
					}
				],
				"choose": {
					"1": {
						"sort": 110091,
						"giftId": 11009,
						"optional": 1,
						"awards2": {
							"10201": {
								"sort": 110091,
								"propId": 10201,
								"num": 30000
							},
							"10202": {
								"sort": 110091,
								"propId": 10202,
								"num": 30000
							},
							"10203": {
								"sort": 110091,
								"propId": 10203,
								"num": 30000
							}
						}
					},
					"2": {
						"sort": 110092,
						"giftId": 11009,
						"optional": 2,
						"awards2": {
							"8016": {
								"sort": 110092,
								"propId": 8016,
								"num": 30
							},
							"10204": {
								"sort": 110092,
								"propId": 10204,
								"num": 30
							},
							"8015": {
								"sort": 110092,
								"propId": 8015,
								"num": 30
							}
						}
					}
				}
			},
			"11010": {
				"giftId": 11010,
				"id": 1,
				"desc": {"l10n":"-8zjozf"},//高级自选礼包
				"giftIcon": 404,
				"rechargeId": 11010,
				"type": 1,
				"costId": 0,
				"costNum": 0,
				"buyLimitType": 1,
				"buyLimitNum": 1,
				"awards": [
					{
						// 馈礼券
						"giftId": 11010,
						"propId": 1018,
						"num": 40
					},
					{
						// 精力
						"giftId": 11010,
						"propId": 1003,
						"num": 90
					}
				],
				"choose": {
					"1": {
						"sort": 110101,
						"giftId": 11010,
						"optional": 1,
						"awards2": {
							"10201": {
								"sort": 110101,
								"propId": 10201,
								"num": 60000
							},
							"10202": {
								"sort": 110101,
								"propId": 10202,
								"num": 60000
							},
							"10203": {
								"sort": 110101,
								"propId": 10203,
								"num": 60000
							}
						}
					},
					"2": {
						"sort": 110102,
						"giftId": 11010,
						"optional": 2,
						"awards2": {
							"8016": {
								"sort": 110102,
								"propId": 8016,
								"num": 60
							},
							"10204": {
								"sort": 110102,
								"propId": 10204,
								"num": 60
							},
							"8015": {
								"sort": 110102,
								"propId": 8015,
								"num": 60
							}
						}
					}
				}
			}
		}
	},
	"2": {
		"id": 2,
		"name": {"l10n":"1bkl4k"},//每日特惠礼包
		"content": {
			"11101": {
				"giftId": 11101,
				"id": 2,
				"desc": {"l10n":"-4o6jsh"},//福利礼包
				"giftIcon": 401,
				"rechargeId": 0,
				"type": 4,
				"costId": 0,
				"costNum": 0,
				"buyLimitType": 1,
				"buyLimitNum": 1,
				"awards": [
					{
						// 馈礼券
						"giftId": 11101,
						"propId": 1018,
						"num": 5
					}
				],
				"choose": {

				}
			},
			"11102": {
				"giftId": 11102,
				"id": 2,
				"desc": {"l10n":"p1tybl"},//初级铭文礼包
				"giftIcon": 401,
				"rechargeId": 11102,
				"type": 1,
				"costId": 0,
				"costNum": 0,
				"buyLimitType": 1,
				"buyLimitNum": 1,
				"awards": [
					{
						// 馈礼券
						"giftId": 11102,
						"propId": 1018,
						"num": 10
					},
					{
						// 精力
						"giftId": 11102,
						"propId": 1003,
						"num": 10
					},
					{
						// 引魂珠
						"giftId": 11102,
						"propId": 10204,
						"num": 1
					}
				],
				"choose": {

				}
			},
			"11103": {
				"giftId": 11103,
				"id": 2,
				"desc": {"l10n":"p2bewh"},//中级铭文礼包
				"giftIcon": 402,
				"rechargeId": 11103,
				"type": 1,
				"costId": 0,
				"costNum": 0,
				"buyLimitType": 1,
				"buyLimitNum": 1,
				"awards": [
					{
						// 馈礼券
						"giftId": 11103,
						"propId": 1018,
						"num": 20
					},
					{
						// 精力
						"giftId": 11103,
						"propId": 1003,
						"num": 20
					},
					{
						// 引魂珠
						"giftId": 11103,
						"propId": 10204,
						"num": 2
					}
				],
				"choose": {

				}
			},
			"11104": {
				"giftId": 11104,
				"id": 2,
				"desc": {"l10n":"p103h2"},//高级铭文礼包
				"giftIcon": 402,
				"rechargeId": 11104,
				"type": 1,
				"costId": 0,
				"costNum": 0,
				"buyLimitType": 1,
				"buyLimitNum": 1,
				"awards": [
					{
						// 馈礼券
						"giftId": 11104,
						"propId": 1018,
						"num": 30
					},
					{
						// 精力
						"giftId": 11104,
						"propId": 1003,
						"num": 30
					},
					{
						// 引魂珠
						"giftId": 11104,
						"propId": 10204,
						"num": 3
					}
				],
				"choose": {

				}
			},
			"11105": {
				"giftId": 11105,
				"id": 2,
				"desc": {"l10n":"p1zobh"},//特级铭文礼包
				"giftIcon": 403,
				"rechargeId": 11105,
				"type": 1,
				"costId": 0,
				"costNum": 0,
				"buyLimitType": 1,
				"buyLimitNum": 1,
				"awards": [
					{
						// 馈礼券
						"giftId": 11105,
						"propId": 1018,
						"num": 40
					},
					{
						// 精力
						"giftId": 11105,
						"propId": 1003,
						"num": 40
					},
					{
						// 引魂珠
						"giftId": 11105,
						"propId": 10204,
						"num": 6
					}
				],
				"choose": {

				}
			},
			"11106": {
				"giftId": 11106,
				"id": 2,
				"desc": {"l10n":"1kajd2"},//法宝提升礼包
				"giftIcon": 403,
				"rechargeId": 11106,
				"type": 1,
				"costId": 0,
				"costNum": 0,
				"buyLimitType": 1,
				"buyLimitNum": 1,
				"awards": [
					{
						// 馈礼券
						"giftId": 11106,
						"propId": 1018,
						"num": 40
					},
					{
						// 精力
						"giftId": 11106,
						"propId": 1003,
						"num": 50
					},
					{
						// 引魂珠
						"giftId": 11106,
						"propId": 10204,
						"num": 8
					},
					{
						// 妖气
						"giftId": 11106,
						"propId": 10202,
						"num": 8000
					}
				],
				"choose": {

				}
			},
			"11107": {
				"giftId": 11107,
				"id": 2,
				"desc": {"l10n":"-4dacg1"},//法宝进阶礼包
				"giftIcon": 404,
				"rechargeId": 11107,
				"type": 1,
				"costId": 0,
				"costNum": 0,
				"buyLimitType": 1,
				"buyLimitNum": 1,
				"awards": [
					{
						// 馈礼券
						"giftId": 11107,
						"propId": 1018,
						"num": 40
					},
					{
						// 精力
						"giftId": 11107,
						"propId": 1003,
						"num": 60
					},
					{
						// 引魂珠
						"giftId": 11107,
						"propId": 10204,
						"num": 12
					},
					{
						// 妖气
						"giftId": 11107,
						"propId": 10202,
						"num": 12000
					}
				],
				"choose": {

				}
			},
			"11108": {
				"giftId": 11108,
				"id": 2,
				"desc": {"l10n":"-8ypu4w"},//初级自选礼包
				"giftIcon": 404,
				"rechargeId": 11108,
				"type": 1,
				"costId": 0,
				"costNum": 0,
				"buyLimitType": 1,
				"buyLimitNum": 1,
				"awards": [
					{
						// 馈礼券
						"giftId": 11108,
						"propId": 1018,
						"num": 40
					},
					{
						// 精力
						"giftId": 11108,
						"propId": 1003,
						"num": 70
					}
				],
				"choose": {
					"1": {
						"sort": 111081,
						"giftId": 11108,
						"optional": 1,
						"awards2": {
							"10201": {
								"sort": 111081,
								"propId": 10201,
								"num": 14000
							},
							"10202": {
								"sort": 111081,
								"propId": 10202,
								"num": 14000
							},
							"10203": {
								"sort": 111081,
								"propId": 10203,
								"num": 14000
							}
						}
					},
					"2": {
						"sort": 111082,
						"giftId": 11108,
						"optional": 2,
						"awards2": {
							"8016": {
								"sort": 111082,
								"propId": 8016,
								"num": 14
							},
							"10204": {
								"sort": 111082,
								"propId": 10204,
								"num": 14
							},
							"8015": {
								"sort": 111082,
								"propId": 8015,
								"num": 14
							}
						}
					}
				}
			},
			"11109": {
				"giftId": 11109,
				"id": 2,
				"desc": {"l10n":"-8y8dk0"},//中级自选礼包
				"giftIcon": 404,
				"rechargeId": 11109,
				"type": 1,
				"costId": 0,
				"costNum": 0,
				"buyLimitType": 1,
				"buyLimitNum": 1,
				"awards": [
					{
						// 馈礼券
						"giftId": 11109,
						"propId": 1018,
						"num": 40
					},
					{
						// 精力
						"giftId": 11109,
						"propId": 1003,
						"num": 80
					}
				],
				"choose": {
					"1": {
						"sort": 111091,
						"giftId": 11109,
						"optional": 1,
						"awards2": {
							"10201": {
								"sort": 111091,
								"propId": 10201,
								"num": 30000
							},
							"10202": {
								"sort": 111091,
								"propId": 10202,
								"num": 30000
							},
							"10203": {
								"sort": 111091,
								"propId": 10203,
								"num": 30000
							}
						}
					},
					"2": {
						"sort": 111092,
						"giftId": 11109,
						"optional": 2,
						"awards2": {
							"8016": {
								"sort": 111092,
								"propId": 8016,
								"num": 30
							},
							"10204": {
								"sort": 111092,
								"propId": 10204,
								"num": 30
							},
							"8015": {
								"sort": 111092,
								"propId": 8015,
								"num": 30
							}
						}
					}
				}
			},
			"11110": {
				"giftId": 11110,
				"id": 2,
				"desc": {"l10n":"-8zjozf"},//高级自选礼包
				"giftIcon": 404,
				"rechargeId": 11110,
				"type": 1,
				"costId": 0,
				"costNum": 0,
				"buyLimitType": 1,
				"buyLimitNum": 1,
				"awards": [
					{
						// 馈礼券
						"giftId": 11110,
						"propId": 1018,
						"num": 40
					},
					{
						// 精力
						"giftId": 11110,
						"propId": 1003,
						"num": 90
					}
				],
				"choose": {
					"1": {
						"sort": 111101,
						"giftId": 11110,
						"optional": 1,
						"awards2": {
							"10201": {
								"sort": 111101,
								"propId": 10201,
								"num": 60000
							},
							"10202": {
								"sort": 111101,
								"propId": 10202,
								"num": 60000
							},
							"10203": {
								"sort": 111101,
								"propId": 10203,
								"num": 60000
							}
						}
					},
					"2": {
						"sort": 111102,
						"giftId": 11110,
						"optional": 2,
						"awards2": {
							"8016": {
								"sort": 111102,
								"propId": 8016,
								"num": 60
							},
							"10204": {
								"sort": 111102,
								"propId": 10204,
								"num": 60
							},
							"8015": {
								"sort": 111102,
								"propId": 8015,
								"num": 60
							}
						}
					}
				}
			}
		}
	},
	"3": {
		"id": 3,
		"name": {"l10n":"1bkl4k"},//每日特惠礼包
		"content": {
			"11201": {
				"giftId": 11201,
				"id": 3,
				"desc": {"l10n":"-4o6jsh"},//福利礼包
				"giftIcon": 401,
				"rechargeId": 0,
				"type": 4,
				"costId": 0,
				"costNum": 0,
				"buyLimitType": 1,
				"buyLimitNum": 1,
				"awards": [
					{
						// 馈礼券
						"giftId": 11201,
						"propId": 1018,
						"num": 5
					}
				],
				"choose": {

				}
			},
			"11202": {
				"giftId": 11202,
				"id": 3,
				"desc": {"l10n":"b8g1ew"},//初级魂石礼包
				"giftIcon": 401,
				"rechargeId": 11202,
				"type": 1,
				"costId": 0,
				"costNum": 0,
				"buyLimitType": 1,
				"buyLimitNum": 1,
				"awards": [
					{
						// 馈礼券
						"giftId": 11202,
						"propId": 1018,
						"num": 10
					},
					{
						// 精力
						"giftId": 11202,
						"propId": 1003,
						"num": 10
					},
					{
						// 宝石袋
						"giftId": 11202,
						"propId": 8015,
						"num": 1
					}
				],
				"choose": {

				}
			},
			"11203": {
				"giftId": 11203,
				"id": 3,
				"desc": {"l10n":"b8xhzs"},//中级魂石礼包
				"giftIcon": 402,
				"rechargeId": 11203,
				"type": 1,
				"costId": 0,
				"costNum": 0,
				"buyLimitType": 1,
				"buyLimitNum": 1,
				"awards": [
					{
						// 馈礼券
						"giftId": 11203,
						"propId": 1018,
						"num": 20
					},
					{
						// 精力
						"giftId": 11203,
						"propId": 1003,
						"num": 20
					},
					{
						// 宝石袋
						"giftId": 11203,
						"propId": 8015,
						"num": 2
					}
				],
				"choose": {

				}
			},
			"11204": {
				"giftId": 11204,
				"id": 3,
				"desc": {"l10n":"b7m6kd"},//高级魂石礼包
				"giftIcon": 402,
				"rechargeId": 11204,
				"type": 1,
				"costId": 0,
				"costNum": 0,
				"buyLimitType": 1,
				"buyLimitNum": 1,
				"awards": [
					{
						// 馈礼券
						"giftId": 11204,
						"propId": 1018,
						"num": 30
					},
					{
						// 精力
						"giftId": 11204,
						"propId": 1003,
						"num": 30
					},
					{
						// 宝石袋
						"giftId": 11204,
						"propId": 8015,
						"num": 3
					}
				],
				"choose": {

				}
			},
			"11205": {
				"giftId": 11205,
				"id": 3,
				"desc": {"l10n":"b8lres"},//特级魂石礼包
				"giftIcon": 403,
				"rechargeId": 11205,
				"type": 1,
				"costId": 0,
				"costNum": 0,
				"buyLimitType": 1,
				"buyLimitNum": 1,
				"awards": [
					{
						// 馈礼券
						"giftId": 11205,
						"propId": 1018,
						"num": 40
					},
					{
						// 精力
						"giftId": 11205,
						"propId": 1003,
						"num": 40
					},
					{
						// 宝石袋
						"giftId": 11205,
						"propId": 8015,
						"num": 6
					}
				],
				"choose": {

				}
			},
			"11206": {
				"giftId": 11206,
				"id": 3,
				"desc": {"l10n":"-3owktm"},//装备提升礼包
				"giftIcon": 403,
				"rechargeId": 11206,
				"type": 1,
				"costId": 0,
				"costNum": 0,
				"buyLimitType": 1,
				"buyLimitNum": 1,
				"awards": [
					{
						// 馈礼券
						"giftId": 11206,
						"propId": 1018,
						"num": 40
					},
					{
						// 精力
						"giftId": 11206,
						"propId": 1003,
						"num": 50
					},
					{
						// 宝石袋
						"giftId": 11206,
						"propId": 8015,
						"num": 8
					},
					{
						// 精铁
						"giftId": 11206,
						"propId": 10203,
						"num": 8000
					}
				],
				"choose": {

				}
			},
			"11207": {
				"giftId": 11207,
				"id": 3,
				"desc": {"l10n":"-9mhgmp"},//装备进阶礼包
				"giftIcon": 404,
				"rechargeId": 11207,
				"type": 1,
				"costId": 0,
				"costNum": 0,
				"buyLimitType": 1,
				"buyLimitNum": 1,
				"awards": [
					{
						// 馈礼券
						"giftId": 11207,
						"propId": 1018,
						"num": 40
					},
					{
						// 精力
						"giftId": 11207,
						"propId": 1003,
						"num": 60
					},
					{
						// 宝石袋
						"giftId": 11207,
						"propId": 8015,
						"num": 12
					},
					{
						// 精铁
						"giftId": 11207,
						"propId": 10203,
						"num": 12000
					}
				],
				"choose": {

				}
			},
			"11208": {
				"giftId": 11208,
				"id": 3,
				"desc": {"l10n":"-8ypu4w"},//初级自选礼包
				"giftIcon": 404,
				"rechargeId": 11208,
				"type": 1,
				"costId": 0,
				"costNum": 0,
				"buyLimitType": 1,
				"buyLimitNum": 1,
				"awards": [
					{
						// 馈礼券
						"giftId": 11208,
						"propId": 1018,
						"num": 40
					},
					{
						// 精力
						"giftId": 11208,
						"propId": 1003,
						"num": 70
					}
				],
				"choose": {
					"1": {
						"sort": 112081,
						"giftId": 11208,
						"optional": 1,
						"awards2": {
							"10201": {
								"sort": 112081,
								"propId": 10201,
								"num": 14000
							},
							"10202": {
								"sort": 112081,
								"propId": 10202,
								"num": 14000
							},
							"10203": {
								"sort": 112081,
								"propId": 10203,
								"num": 14000
							}
						}
					},
					"2": {
						"sort": 112082,
						"giftId": 11208,
						"optional": 2,
						"awards2": {
							"8016": {
								"sort": 112082,
								"propId": 8016,
								"num": 14
							},
							"10204": {
								"sort": 112082,
								"propId": 10204,
								"num": 14
							},
							"8015": {
								"sort": 112082,
								"propId": 8015,
								"num": 14
							}
						}
					}
				}
			},
			"11209": {
				"giftId": 11209,
				"id": 3,
				"desc": {"l10n":"-8y8dk0"},//中级自选礼包
				"giftIcon": 404,
				"rechargeId": 11209,
				"type": 1,
				"costId": 0,
				"costNum": 0,
				"buyLimitType": 1,
				"buyLimitNum": 1,
				"awards": [
					{
						// 馈礼券
						"giftId": 11209,
						"propId": 1018,
						"num": 40
					},
					{
						// 精力
						"giftId": 11209,
						"propId": 1003,
						"num": 80
					}
				],
				"choose": {
					"1": {
						"sort": 112091,
						"giftId": 11209,
						"optional": 1,
						"awards2": {
							"10201": {
								"sort": 112091,
								"propId": 10201,
								"num": 30000
							},
							"10202": {
								"sort": 112091,
								"propId": 10202,
								"num": 30000
							},
							"10203": {
								"sort": 112091,
								"propId": 10203,
								"num": 30000
							}
						}
					},
					"2": {
						"sort": 112092,
						"giftId": 11209,
						"optional": 2,
						"awards2": {
							"8016": {
								"sort": 112092,
								"propId": 8016,
								"num": 30
							},
							"10204": {
								"sort": 112092,
								"propId": 10204,
								"num": 30
							},
							"8015": {
								"sort": 112092,
								"propId": 8015,
								"num": 30
							}
						}
					}
				}
			},
			"11210": {
				"giftId": 11210,
				"id": 3,
				"desc": {"l10n":"-8zjozf"},//高级自选礼包
				"giftIcon": 404,
				"rechargeId": 11210,
				"type": 1,
				"costId": 0,
				"costNum": 0,
				"buyLimitType": 1,
				"buyLimitNum": 1,
				"awards": [
					{
						// 馈礼券
						"giftId": 11210,
						"propId": 1018,
						"num": 40
					},
					{
						// 精力
						"giftId": 11210,
						"propId": 1003,
						"num": 90
					}
				],
				"choose": {
					"1": {
						"sort": 112101,
						"giftId": 11210,
						"optional": 1,
						"awards2": {
							"10201": {
								"sort": 112101,
								"propId": 10201,
								"num": 60000
							},
							"10202": {
								"sort": 112101,
								"propId": 10202,
								"num": 60000
							},
							"10203": {
								"sort": 112101,
								"propId": 10203,
								"num": 60000
							}
						}
					},
					"2": {
						"sort": 112102,
						"giftId": 11210,
						"optional": 2,
						"awards2": {
							"8016": {
								"sort": 112102,
								"propId": 8016,
								"num": 60
							},
							"10204": {
								"sort": 112102,
								"propId": 10204,
								"num": 60
							},
							"8015": {
								"sort": 112102,
								"propId": 8015,
								"num": 60
							}
						}
					}
				}
			}
		}
	}
}