{
	//药物.id 药物id=物品id
	//药物.lvLimit 使用等级限制，默认0级可使用
	//药物.name 名称
	//药物.type 类型1.解除当前控制(眩晕等)，参数不填；类型2回复固定血量，参数填回复数值；类型3回复固定法力，参数填回复数值；类型4复活，参数填复活后血量比例（万分比）
	//药物.value 类型参数
	//药物.time 冷却时间，单位秒
	//"salt": "bf5c36b822ad14d203e7a7f84ff71dbf"
	"10301": {
		"id": 10301,
		"lvLimit": 1,
		"name": {"l10n":"-mb2wp4"},//清心丹
		"type": 1,
		"value": "0",
		"time": 20
	},
	"10302": {
		"id": 10302,
		"lvLimit": 1,
		"name": {"l10n":"-bkaog"},//活血散
		"type": 2,
		"value": "50000",
		"time": 20
	},
	"10303": {
		"id": 10303,
		"lvLimit": 1,
		"name": {"l10n":"-2vpotr"},//通脉散
		"type": 3,
		"value": "10",
		"time": 20
	},
	"10304": {
		"id": 10304,
		"lvLimit": 1,
		"name": {"l10n":"-3au78r"},//还魂丹
		"type": 4,
		"value": "10000",
		"time": 120
	},
	"10305": {
		"id": 10305,
		"lvLimit": 90,
		"name": {"l10n":"qrhzyv"},//活血丸
		"type": 2,
		"value": "100000",
		"time": 20
	},
	"10306": {
		"id": 10306,
		"lvLimit": 180,
		"name": {"l10n":"v3a5k"},//灵血丹
		"type": 2,
		"value": "150000",
		"time": 20
	}
}