{
	//宝石.id 装备位置：1头盔2衣服3裤子4护腕5腰带6鞋子
	//宝石.more 详细内容
	//more.id 装备位置：1头盔2衣服3裤子4护腕5腰带6鞋子
	//more.gemId 符石id也是物品id
	//more.equipLevel 装备等级要求
	//more.attrType 属性类型值1生命2攻击3防御
	//more.value 属性值
	//more.propId 升级消耗道具
	//more.num 消耗数量(不含本体)
	//more.newId 升级后的符石id
	//more.insetId 镶嵌消耗id
	//more.insetNum 镶嵌消耗数量
	//"salt": "4737d4e002d56f8b447d11638eb77d4d"
	"1": {
		"id": 1,
		"more": {
			"10501": {
				"id": 1,
				"gemId": 10501,
				"equipLevel": 1,
				"attrType": 2,
				"value": 50,
				"propId": 10501,
				"num": 2,
				"newId": 10502,
				"insetId": 10501,
				"insetNum": 1
			},
			"10502": {
				"id": 1,
				"gemId": 10502,
				"equipLevel": 60,
				"attrType": 2,
				"value": 100,
				"propId": 10501,
				"num": 6,
				"newId": 10503,
				"insetId": 0,
				"insetNum": 0
			},
			"10503": {
				"id": 1,
				"gemId": 10503,
				"equipLevel": 90,
				"attrType": 2,
				"value": 150,
				"propId": 10501,
				"num": 18,
				"newId": 10504,
				"insetId": 0,
				"insetNum": 0
			},
			"10504": {
				"id": 1,
				"gemId": 10504,
				"equipLevel": 120,
				"attrType": 2,
				"value": 200,
				"propId": 10501,
				"num": 54,
				"newId": 10505,
				"insetId": 0,
				"insetNum": 0
			},
			"10505": {
				"id": 1,
				"gemId": 10505,
				"equipLevel": 150,
				"attrType": 2,
				"value": 250,
				"propId": 10501,
				"num": 162,
				"newId": 10506,
				"insetId": 0,
				"insetNum": 0
			},
			"10506": {
				"id": 1,
				"gemId": 10506,
				"equipLevel": 180,
				"attrType": 2,
				"value": 300,
				"propId": 10501,
				"num": 486,
				"newId": 10507,
				"insetId": 0,
				"insetNum": 0
			},
			"10507": {
				"id": 1,
				"gemId": 10507,
				"equipLevel": 210,
				"attrType": 2,
				"value": 350,
				"propId": 10501,
				"num": 1458,
				"newId": 10508,
				"insetId": 0,
				"insetNum": 0
			},
			"10508": {
				"id": 1,
				"gemId": 10508,
				"equipLevel": 240,
				"attrType": 2,
				"value": 400,
				"propId": 10501,
				"num": 4374,
				"newId": 10509,
				"insetId": 0,
				"insetNum": 0
			},
			"10509": {
				"id": 1,
				"gemId": 10509,
				"equipLevel": 270,
				"attrType": 2,
				"value": 450,
				"propId": 10501,
				"num": 13122,
				"newId": 10510,
				"insetId": 0,
				"insetNum": 0
			},
			"10510": {
				"id": 1,
				"gemId": 10510,
				"equipLevel": 300,
				"attrType": 2,
				"value": 500,
				"propId": 0,
				"num": 0,
				"newId": 0,
				"insetId": 0,
				"insetNum": 0
			}
		}
	},
	"2": {
		"id": 2,
		"more": {
			"10601": {
				"id": 2,
				"gemId": 10601,
				"equipLevel": 1,
				"attrType": 3,
				"value": 50,
				"propId": 10601,
				"num": 2,
				"newId": 10602,
				"insetId": 10601,
				"insetNum": 1
			},
			"10602": {
				"id": 2,
				"gemId": 10602,
				"equipLevel": 60,
				"attrType": 3,
				"value": 100,
				"propId": 10601,
				"num": 6,
				"newId": 10603,
				"insetId": 0,
				"insetNum": 0
			},
			"10603": {
				"id": 2,
				"gemId": 10603,
				"equipLevel": 90,
				"attrType": 3,
				"value": 150,
				"propId": 10601,
				"num": 18,
				"newId": 10604,
				"insetId": 0,
				"insetNum": 0
			},
			"10604": {
				"id": 2,
				"gemId": 10604,
				"equipLevel": 120,
				"attrType": 3,
				"value": 200,
				"propId": 10601,
				"num": 54,
				"newId": 10605,
				"insetId": 0,
				"insetNum": 0
			},
			"10605": {
				"id": 2,
				"gemId": 10605,
				"equipLevel": 150,
				"attrType": 3,
				"value": 250,
				"propId": 10601,
				"num": 162,
				"newId": 10606,
				"insetId": 0,
				"insetNum": 0
			},
			"10606": {
				"id": 2,
				"gemId": 10606,
				"equipLevel": 180,
				"attrType": 3,
				"value": 300,
				"propId": 10601,
				"num": 486,
				"newId": 10607,
				"insetId": 0,
				"insetNum": 0
			},
			"10607": {
				"id": 2,
				"gemId": 10607,
				"equipLevel": 210,
				"attrType": 3,
				"value": 350,
				"propId": 10601,
				"num": 1458,
				"newId": 10608,
				"insetId": 0,
				"insetNum": 0
			},
			"10608": {
				"id": 2,
				"gemId": 10608,
				"equipLevel": 240,
				"attrType": 3,
				"value": 400,
				"propId": 10601,
				"num": 4374,
				"newId": 10609,
				"insetId": 0,
				"insetNum": 0
			},
			"10609": {
				"id": 2,
				"gemId": 10609,
				"equipLevel": 270,
				"attrType": 3,
				"value": 450,
				"propId": 10601,
				"num": 13122,
				"newId": 10610,
				"insetId": 0,
				"insetNum": 0
			},
			"10610": {
				"id": 2,
				"gemId": 10610,
				"equipLevel": 300,
				"attrType": 3,
				"value": 500,
				"propId": 0,
				"num": 0,
				"newId": 0,
				"insetId": 0,
				"insetNum": 0
			}
		}
	},
	"3": {
		"id": 3,
		"more": {
			"10601": {
				"id": 3,
				"gemId": 10601,
				"equipLevel": 30,
				"attrType": 3,
				"value": 50,
				"propId": 10601,
				"num": 2,
				"newId": 10602,
				"insetId": 10601,
				"insetNum": 1
			},
			"10602": {
				"id": 3,
				"gemId": 10602,
				"equipLevel": 60,
				"attrType": 3,
				"value": 100,
				"propId": 10601,
				"num": 6,
				"newId": 10603,
				"insetId": 0,
				"insetNum": 0
			},
			"10603": {
				"id": 3,
				"gemId": 10603,
				"equipLevel": 90,
				"attrType": 3,
				"value": 150,
				"propId": 10601,
				"num": 18,
				"newId": 10604,
				"insetId": 0,
				"insetNum": 0
			},
			"10604": {
				"id": 3,
				"gemId": 10604,
				"equipLevel": 120,
				"attrType": 3,
				"value": 200,
				"propId": 10601,
				"num": 54,
				"newId": 10605,
				"insetId": 0,
				"insetNum": 0
			},
			"10605": {
				"id": 3,
				"gemId": 10605,
				"equipLevel": 150,
				"attrType": 3,
				"value": 250,
				"propId": 10601,
				"num": 162,
				"newId": 10606,
				"insetId": 0,
				"insetNum": 0
			},
			"10606": {
				"id": 3,
				"gemId": 10606,
				"equipLevel": 180,
				"attrType": 3,
				"value": 300,
				"propId": 10601,
				"num": 486,
				"newId": 10607,
				"insetId": 0,
				"insetNum": 0
			},
			"10607": {
				"id": 3,
				"gemId": 10607,
				"equipLevel": 210,
				"attrType": 3,
				"value": 350,
				"propId": 10601,
				"num": 1458,
				"newId": 10608,
				"insetId": 0,
				"insetNum": 0
			},
			"10608": {
				"id": 3,
				"gemId": 10608,
				"equipLevel": 240,
				"attrType": 3,
				"value": 400,
				"propId": 10601,
				"num": 4374,
				"newId": 10609,
				"insetId": 0,
				"insetNum": 0
			},
			"10609": {
				"id": 3,
				"gemId": 10609,
				"equipLevel": 270,
				"attrType": 3,
				"value": 450,
				"propId": 10601,
				"num": 13122,
				"newId": 10610,
				"insetId": 0,
				"insetNum": 0
			},
			"10610": {
				"id": 3,
				"gemId": 10610,
				"equipLevel": 300,
				"attrType": 3,
				"value": 500,
				"propId": 0,
				"num": 0,
				"newId": 0,
				"insetId": 0,
				"insetNum": 0
			}
		}
	},
	"4": {
		"id": 4,
		"more": {
			"10501": {
				"id": 4,
				"gemId": 10501,
				"equipLevel": 30,
				"attrType": 2,
				"value": 50,
				"propId": 10501,
				"num": 2,
				"newId": 10502,
				"insetId": 10501,
				"insetNum": 1
			},
			"10502": {
				"id": 4,
				"gemId": 10502,
				"equipLevel": 60,
				"attrType": 2,
				"value": 100,
				"propId": 10501,
				"num": 6,
				"newId": 10503,
				"insetId": 0,
				"insetNum": 0
			},
			"10503": {
				"id": 4,
				"gemId": 10503,
				"equipLevel": 90,
				"attrType": 2,
				"value": 150,
				"propId": 10501,
				"num": 18,
				"newId": 10504,
				"insetId": 0,
				"insetNum": 0
			},
			"10504": {
				"id": 4,
				"gemId": 10504,
				"equipLevel": 120,
				"attrType": 2,
				"value": 200,
				"propId": 10501,
				"num": 54,
				"newId": 10505,
				"insetId": 0,
				"insetNum": 0
			},
			"10505": {
				"id": 4,
				"gemId": 10505,
				"equipLevel": 150,
				"attrType": 2,
				"value": 250,
				"propId": 10501,
				"num": 162,
				"newId": 10506,
				"insetId": 0,
				"insetNum": 0
			},
			"10506": {
				"id": 4,
				"gemId": 10506,
				"equipLevel": 180,
				"attrType": 2,
				"value": 300,
				"propId": 10501,
				"num": 486,
				"newId": 10507,
				"insetId": 0,
				"insetNum": 0
			},
			"10507": {
				"id": 4,
				"gemId": 10507,
				"equipLevel": 210,
				"attrType": 2,
				"value": 350,
				"propId": 10501,
				"num": 1458,
				"newId": 10508,
				"insetId": 0,
				"insetNum": 0
			},
			"10508": {
				"id": 4,
				"gemId": 10508,
				"equipLevel": 240,
				"attrType": 2,
				"value": 400,
				"propId": 10501,
				"num": 4374,
				"newId": 10509,
				"insetId": 0,
				"insetNum": 0
			},
			"10509": {
				"id": 4,
				"gemId": 10509,
				"equipLevel": 270,
				"attrType": 2,
				"value": 450,
				"propId": 10501,
				"num": 13122,
				"newId": 10510,
				"insetId": 0,
				"insetNum": 0
			},
			"10510": {
				"id": 4,
				"gemId": 10510,
				"equipLevel": 300,
				"attrType": 2,
				"value": 500,
				"propId": 0,
				"num": 0,
				"newId": 0,
				"insetId": 0,
				"insetNum": 0
			}
		}
	},
	"5": {
		"id": 5,
		"more": {
			"10701": {
				"id": 5,
				"gemId": 10701,
				"equipLevel": 1,
				"attrType": 1,
				"value": 10000,
				"propId": 10701,
				"num": 2,
				"newId": 10702,
				"insetId": 10701,
				"insetNum": 1
			},
			"10702": {
				"id": 5,
				"gemId": 10702,
				"equipLevel": 60,
				"attrType": 1,
				"value": 20000,
				"propId": 10701,
				"num": 6,
				"newId": 10703,
				"insetId": 0,
				"insetNum": 0
			},
			"10703": {
				"id": 5,
				"gemId": 10703,
				"equipLevel": 90,
				"attrType": 1,
				"value": 30000,
				"propId": 10701,
				"num": 18,
				"newId": 10704,
				"insetId": 0,
				"insetNum": 0
			},
			"10704": {
				"id": 5,
				"gemId": 10704,
				"equipLevel": 120,
				"attrType": 1,
				"value": 40000,
				"propId": 10701,
				"num": 54,
				"newId": 10705,
				"insetId": 0,
				"insetNum": 0
			},
			"10705": {
				"id": 5,
				"gemId": 10705,
				"equipLevel": 150,
				"attrType": 1,
				"value": 50000,
				"propId": 10701,
				"num": 162,
				"newId": 10706,
				"insetId": 0,
				"insetNum": 0
			},
			"10706": {
				"id": 5,
				"gemId": 10706,
				"equipLevel": 180,
				"attrType": 1,
				"value": 60000,
				"propId": 10701,
				"num": 486,
				"newId": 10707,
				"insetId": 0,
				"insetNum": 0
			},
			"10707": {
				"id": 5,
				"gemId": 10707,
				"equipLevel": 210,
				"attrType": 1,
				"value": 70000,
				"propId": 10701,
				"num": 1458,
				"newId": 10708,
				"insetId": 0,
				"insetNum": 0
			},
			"10708": {
				"id": 5,
				"gemId": 10708,
				"equipLevel": 240,
				"attrType": 1,
				"value": 80000,
				"propId": 10701,
				"num": 4374,
				"newId": 10709,
				"insetId": 0,
				"insetNum": 0
			},
			"10709": {
				"id": 5,
				"gemId": 10709,
				"equipLevel": 270,
				"attrType": 1,
				"value": 90000,
				"propId": 10701,
				"num": 13122,
				"newId": 10710,
				"insetId": 0,
				"insetNum": 0
			},
			"10710": {
				"id": 5,
				"gemId": 10710,
				"equipLevel": 300,
				"attrType": 1,
				"value": 100000,
				"propId": 0,
				"num": 0,
				"newId": 0,
				"insetId": 0,
				"insetNum": 0
			}
		}
	},
	"6": {
		"id": 6,
		"more": {
			"10701": {
				"id": 6,
				"gemId": 10701,
				"equipLevel": 30,
				"attrType": 1,
				"value": 10000,
				"propId": 10701,
				"num": 2,
				"newId": 10702,
				"insetId": 10701,
				"insetNum": 1
			},
			"10702": {
				"id": 6,
				"gemId": 10702,
				"equipLevel": 60,
				"attrType": 1,
				"value": 20000,
				"propId": 10701,
				"num": 6,
				"newId": 10703,
				"insetId": 0,
				"insetNum": 0
			},
			"10703": {
				"id": 6,
				"gemId": 10703,
				"equipLevel": 90,
				"attrType": 1,
				"value": 30000,
				"propId": 10701,
				"num": 18,
				"newId": 10704,
				"insetId": 0,
				"insetNum": 0
			},
			"10704": {
				"id": 6,
				"gemId": 10704,
				"equipLevel": 120,
				"attrType": 1,
				"value": 40000,
				"propId": 10701,
				"num": 54,
				"newId": 10705,
				"insetId": 0,
				"insetNum": 0
			},
			"10705": {
				"id": 6,
				"gemId": 10705,
				"equipLevel": 150,
				"attrType": 1,
				"value": 50000,
				"propId": 10701,
				"num": 162,
				"newId": 10706,
				"insetId": 0,
				"insetNum": 0
			},
			"10706": {
				"id": 6,
				"gemId": 10706,
				"equipLevel": 180,
				"attrType": 1,
				"value": 60000,
				"propId": 10701,
				"num": 486,
				"newId": 10707,
				"insetId": 0,
				"insetNum": 0
			},
			"10707": {
				"id": 6,
				"gemId": 10707,
				"equipLevel": 210,
				"attrType": 1,
				"value": 70000,
				"propId": 10701,
				"num": 1458,
				"newId": 10708,
				"insetId": 0,
				"insetNum": 0
			},
			"10708": {
				"id": 6,
				"gemId": 10708,
				"equipLevel": 240,
				"attrType": 1,
				"value": 80000,
				"propId": 10701,
				"num": 4374,
				"newId": 10709,
				"insetId": 0,
				"insetNum": 0
			},
			"10709": {
				"id": 6,
				"gemId": 10709,
				"equipLevel": 270,
				"attrType": 1,
				"value": 90000,
				"propId": 10701,
				"num": 13122,
				"newId": 10710,
				"insetId": 0,
				"insetNum": 0
			},
			"10710": {
				"id": 6,
				"gemId": 10710,
				"equipLevel": 300,
				"attrType": 1,
				"value": 100000,
				"propId": 0,
				"num": 0,
				"newId": 0,
				"insetId": 0,
				"insetNum": 0
			}
		}
	}
}