{
	//装备词条.id 词条id
	//装备词条.minAttr 最小基础属性值
	//装备词条.maxAttr 最大基础属性值
	//装备词条.mAttr 基础属性类型随机
	//mAttr.id 词条id
	//mAttr.attrType 属性类型值
	//mAttr.pro 权重，总权重代表100%
	//"salt": "acfd087971341154f7df54d08aa6f6ee"
	"1061": {
		"id": 1061,
		"minAttr": 11,
		"maxAttr": 11,
		"mAttr": [
			{
				"id": 1061,
				"attrType": 25,
				"pro": 1000
			}
		]
	},
	"1081": {
		"id": 1081,
		"minAttr": 15,
		"maxAttr": 15,
		"mAttr": [
			{
				"id": 1081,
				"attrType": 25,
				"pro": 1000
			}
		]
	},
	"1001": {
		"id": 1001,
		"minAttr": 1,
		"maxAttr": 1,
		"mAttr": [
			{
				"id": 1001,
				"attrType": 25,
				"pro": 1000
			},
			{
				"id": 1001,
				"attrType": 26,
				"pro": 1000
			},
			{
				"id": 1001,
				"attrType": 27,
				"pro": 1000
			}
		]
	},
	"1010": {
		"id": 1010,
		"minAttr": 1,
		"maxAttr": 2,
		"mAttr": [
			{
				"id": 1010,
				"attrType": 25,
				"pro": 1000
			},
			{
				"id": 1010,
				"attrType": 26,
				"pro": 1000
			},
			{
				"id": 1010,
				"attrType": 27,
				"pro": 1000
			}
		]
	},
	"1020": {
		"id": 1020,
		"minAttr": 2,
		"maxAttr": 3,
		"mAttr": [
			{
				"id": 1020,
				"attrType": 25,
				"pro": 1000
			},
			{
				"id": 1020,
				"attrType": 26,
				"pro": 1000
			},
			{
				"id": 1020,
				"attrType": 27,
				"pro": 1000
			}
		]
	},
	"1030": {
		"id": 1030,
		"minAttr": 3,
		"maxAttr": 5,
		"mAttr": [
			{
				"id": 1030,
				"attrType": 25,
				"pro": 1000
			},
			{
				"id": 1030,
				"attrType": 26,
				"pro": 1000
			},
			{
				"id": 1030,
				"attrType": 27,
				"pro": 1000
			}
		]
	},
	"1040": {
		"id": 1040,
		"minAttr": 4,
		"maxAttr": 7,
		"mAttr": [
			{
				"id": 1040,
				"attrType": 25,
				"pro": 1000
			},
			{
				"id": 1040,
				"attrType": 26,
				"pro": 1000
			},
			{
				"id": 1040,
				"attrType": 27,
				"pro": 1000
			}
		]
	},
	"1050": {
		"id": 1050,
		"minAttr": 5,
		"maxAttr": 9,
		"mAttr": [
			{
				"id": 1050,
				"attrType": 25,
				"pro": 1000
			},
			{
				"id": 1050,
				"attrType": 26,
				"pro": 1000
			},
			{
				"id": 1050,
				"attrType": 27,
				"pro": 1000
			}
		]
	},
	"1060": {
		"id": 1060,
		"minAttr": 6,
		"maxAttr": 11,
		"mAttr": [
			{
				"id": 1060,
				"attrType": 25,
				"pro": 1000
			},
			{
				"id": 1060,
				"attrType": 26,
				"pro": 1000
			},
			{
				"id": 1060,
				"attrType": 27,
				"pro": 1000
			}
		]
	},
	"1070": {
		"id": 1070,
		"minAttr": 7,
		"maxAttr": 13,
		"mAttr": [
			{
				"id": 1070,
				"attrType": 25,
				"pro": 1000
			},
			{
				"id": 1070,
				"attrType": 26,
				"pro": 1000
			},
			{
				"id": 1070,
				"attrType": 27,
				"pro": 1000
			}
		]
	},
	"1080": {
		"id": 1080,
		"minAttr": 8,
		"maxAttr": 15,
		"mAttr": [
			{
				"id": 1080,
				"attrType": 25,
				"pro": 1000
			},
			{
				"id": 1080,
				"attrType": 26,
				"pro": 1000
			},
			{
				"id": 1080,
				"attrType": 27,
				"pro": 1000
			}
		]
	},
	"1090": {
		"id": 1090,
		"minAttr": 9,
		"maxAttr": 17,
		"mAttr": [
			{
				"id": 1090,
				"attrType": 25,
				"pro": 1000
			},
			{
				"id": 1090,
				"attrType": 26,
				"pro": 1000
			},
			{
				"id": 1090,
				"attrType": 27,
				"pro": 1000
			}
		]
	},
	"1100": {
		"id": 1100,
		"minAttr": 10,
		"maxAttr": 19,
		"mAttr": [
			{
				"id": 1100,
				"attrType": 25,
				"pro": 1000
			},
			{
				"id": 1100,
				"attrType": 26,
				"pro": 1000
			},
			{
				"id": 1100,
				"attrType": 27,
				"pro": 1000
			}
		]
	},
	"1110": {
		"id": 1110,
		"minAttr": 11,
		"maxAttr": 21,
		"mAttr": [
			{
				"id": 1110,
				"attrType": 25,
				"pro": 1000
			},
			{
				"id": 1110,
				"attrType": 26,
				"pro": 1000
			},
			{
				"id": 1110,
				"attrType": 27,
				"pro": 1000
			}
		]
	},
	"1120": {
		"id": 1120,
		"minAttr": 12,
		"maxAttr": 23,
		"mAttr": [
			{
				"id": 1120,
				"attrType": 25,
				"pro": 1000
			},
			{
				"id": 1120,
				"attrType": 26,
				"pro": 1000
			},
			{
				"id": 1120,
				"attrType": 27,
				"pro": 1000
			}
		]
	},
	"1130": {
		"id": 1130,
		"minAttr": 13,
		"maxAttr": 25,
		"mAttr": [
			{
				"id": 1130,
				"attrType": 25,
				"pro": 1000
			},
			{
				"id": 1130,
				"attrType": 26,
				"pro": 1000
			},
			{
				"id": 1130,
				"attrType": 27,
				"pro": 1000
			}
		]
	},
	"1140": {
		"id": 1140,
		"minAttr": 14,
		"maxAttr": 27,
		"mAttr": [
			{
				"id": 1140,
				"attrType": 25,
				"pro": 1000
			},
			{
				"id": 1140,
				"attrType": 26,
				"pro": 1000
			},
			{
				"id": 1140,
				"attrType": 27,
				"pro": 1000
			}
		]
	},
	"1150": {
		"id": 1150,
		"minAttr": 15,
		"maxAttr": 29,
		"mAttr": [
			{
				"id": 1150,
				"attrType": 25,
				"pro": 1000
			},
			{
				"id": 1150,
				"attrType": 26,
				"pro": 1000
			},
			{
				"id": 1150,
				"attrType": 27,
				"pro": 1000
			}
		]
	},
	"1160": {
		"id": 1160,
		"minAttr": 16,
		"maxAttr": 31,
		"mAttr": [
			{
				"id": 1160,
				"attrType": 25,
				"pro": 1000
			},
			{
				"id": 1160,
				"attrType": 26,
				"pro": 1000
			},
			{
				"id": 1160,
				"attrType": 27,
				"pro": 1000
			}
		]
	},
	"1170": {
		"id": 1170,
		"minAttr": 17,
		"maxAttr": 33,
		"mAttr": [
			{
				"id": 1170,
				"attrType": 25,
				"pro": 1000
			},
			{
				"id": 1170,
				"attrType": 26,
				"pro": 1000
			},
			{
				"id": 1170,
				"attrType": 27,
				"pro": 1000
			}
		]
	},
	"1180": {
		"id": 1180,
		"minAttr": 18,
		"maxAttr": 35,
		"mAttr": [
			{
				"id": 1180,
				"attrType": 25,
				"pro": 1000
			},
			{
				"id": 1180,
				"attrType": 26,
				"pro": 1000
			},
			{
				"id": 1180,
				"attrType": 27,
				"pro": 1000
			}
		]
	},
	"1190": {
		"id": 1190,
		"minAttr": 19,
		"maxAttr": 37,
		"mAttr": [
			{
				"id": 1190,
				"attrType": 25,
				"pro": 1000
			},
			{
				"id": 1190,
				"attrType": 26,
				"pro": 1000
			},
			{
				"id": 1190,
				"attrType": 27,
				"pro": 1000
			}
		]
	},
	"1200": {
		"id": 1200,
		"minAttr": 20,
		"maxAttr": 39,
		"mAttr": [
			{
				"id": 1200,
				"attrType": 25,
				"pro": 1000
			},
			{
				"id": 1200,
				"attrType": 26,
				"pro": 1000
			},
			{
				"id": 1200,
				"attrType": 27,
				"pro": 1000
			}
		]
	},
	"1210": {
		"id": 1210,
		"minAttr": 21,
		"maxAttr": 41,
		"mAttr": [
			{
				"id": 1210,
				"attrType": 25,
				"pro": 1000
			},
			{
				"id": 1210,
				"attrType": 26,
				"pro": 1000
			},
			{
				"id": 1210,
				"attrType": 27,
				"pro": 1000
			}
		]
	},
	"1220": {
		"id": 1220,
		"minAttr": 22,
		"maxAttr": 43,
		"mAttr": [
			{
				"id": 1220,
				"attrType": 25,
				"pro": 1000
			},
			{
				"id": 1220,
				"attrType": 26,
				"pro": 1000
			},
			{
				"id": 1220,
				"attrType": 27,
				"pro": 1000
			}
		]
	},
	"1230": {
		"id": 1230,
		"minAttr": 23,
		"maxAttr": 45,
		"mAttr": [
			{
				"id": 1230,
				"attrType": 25,
				"pro": 1000
			},
			{
				"id": 1230,
				"attrType": 26,
				"pro": 1000
			},
			{
				"id": 1230,
				"attrType": 27,
				"pro": 1000
			}
		]
	},
	"1240": {
		"id": 1240,
		"minAttr": 24,
		"maxAttr": 47,
		"mAttr": [
			{
				"id": 1240,
				"attrType": 25,
				"pro": 1000
			},
			{
				"id": 1240,
				"attrType": 26,
				"pro": 1000
			},
			{
				"id": 1240,
				"attrType": 27,
				"pro": 1000
			}
		]
	},
	"1250": {
		"id": 1250,
		"minAttr": 25,
		"maxAttr": 49,
		"mAttr": [
			{
				"id": 1250,
				"attrType": 25,
				"pro": 1000
			},
			{
				"id": 1250,
				"attrType": 26,
				"pro": 1000
			},
			{
				"id": 1250,
				"attrType": 27,
				"pro": 1000
			}
		]
	},
	"1260": {
		"id": 1260,
		"minAttr": 26,
		"maxAttr": 51,
		"mAttr": [
			{
				"id": 1260,
				"attrType": 25,
				"pro": 1000
			},
			{
				"id": 1260,
				"attrType": 26,
				"pro": 1000
			},
			{
				"id": 1260,
				"attrType": 27,
				"pro": 1000
			}
		]
	},
	"1270": {
		"id": 1270,
		"minAttr": 27,
		"maxAttr": 53,
		"mAttr": [
			{
				"id": 1270,
				"attrType": 25,
				"pro": 1000
			},
			{
				"id": 1270,
				"attrType": 26,
				"pro": 1000
			},
			{
				"id": 1270,
				"attrType": 27,
				"pro": 1000
			}
		]
	},
	"1280": {
		"id": 1280,
		"minAttr": 28,
		"maxAttr": 55,
		"mAttr": [
			{
				"id": 1280,
				"attrType": 25,
				"pro": 1000
			},
			{
				"id": 1280,
				"attrType": 26,
				"pro": 1000
			},
			{
				"id": 1280,
				"attrType": 27,
				"pro": 1000
			}
		]
	},
	"1290": {
		"id": 1290,
		"minAttr": 29,
		"maxAttr": 57,
		"mAttr": [
			{
				"id": 1290,
				"attrType": 25,
				"pro": 1000
			},
			{
				"id": 1290,
				"attrType": 26,
				"pro": 1000
			},
			{
				"id": 1290,
				"attrType": 27,
				"pro": 1000
			}
		]
	},
	"1300": {
		"id": 1300,
		"minAttr": 30,
		"maxAttr": 59,
		"mAttr": [
			{
				"id": 1300,
				"attrType": 25,
				"pro": 1000
			},
			{
				"id": 1300,
				"attrType": 26,
				"pro": 1000
			},
			{
				"id": 1300,
				"attrType": 27,
				"pro": 1000
			}
		]
	}
}