{
	//特效词条.id 特效词条id
	//特效词条.effectType 特效类型1专属2唯一3通用
	//特效词条.name 词条特效名称
	//特效词条.type 类型1.属性变化，参数1填属性类型值参数2填属性值；类型2.佩戴等级变化，参数1填减少的等级(填0代表无级别)；类型3.新增X个词条，参数1填新增的词条数量；类型4.装备基础属性额外增加比例，参数1填增加的比例，万分比值；类型5.宝石基础属性额外增加比例，参数1填增加的比例，万分比值，类型6.调用技能id，参数1填技能id
	//特效词条.value1 类型参数1
	//特效词条.value2 类型参数2
	//特效词条.desc 词条特效描述
	//特效词条.more 评分详细
	//more.sort 序号
	//more.id 特效词条id
	//more.level 装备等级
	//more.fpType 评分类型1读表，2按计算
	//more.fp 评分
	//"salt": "8dc35c9145a7dc46bcc8082178d1f31b"
	"1": {
		"id": 1,
		"effectType": 3,
		"name": {"l10n":"-9cywvo"},//暴率
		"type": 1,
		"value1": 7,
		"value2": 100,
		"desc": {"l10n":"-5b0ijd"},//增加1%暴击概率
		"more": {
			"1": {
				"sort": 1,
				"id": 1,
				"level": 1,
				"fpType": 1,
				"fp": 50
			},
			"10": {
				"sort": 22,
				"id": 1,
				"level": 10,
				"fpType": 1,
				"fp": 50
			},
			"20": {
				"sort": 43,
				"id": 1,
				"level": 20,
				"fpType": 1,
				"fp": 50
			},
			"30": {
				"sort": 64,
				"id": 1,
				"level": 30,
				"fpType": 1,
				"fp": 50
			},
			"40": {
				"sort": 85,
				"id": 1,
				"level": 40,
				"fpType": 1,
				"fp": 50
			},
			"50": {
				"sort": 106,
				"id": 1,
				"level": 50,
				"fpType": 1,
				"fp": 50
			},
			"60": {
				"sort": 127,
				"id": 1,
				"level": 60,
				"fpType": 1,
				"fp": 50
			},
			"70": {
				"sort": 148,
				"id": 1,
				"level": 70,
				"fpType": 1,
				"fp": 50
			},
			"80": {
				"sort": 169,
				"id": 1,
				"level": 80,
				"fpType": 1,
				"fp": 50
			},
			"90": {
				"sort": 190,
				"id": 1,
				"level": 90,
				"fpType": 1,
				"fp": 50
			},
			"100": {
				"sort": 211,
				"id": 1,
				"level": 100,
				"fpType": 1,
				"fp": 50
			},
			"110": {
				"sort": 232,
				"id": 1,
				"level": 110,
				"fpType": 1,
				"fp": 50
			},
			"120": {
				"sort": 253,
				"id": 1,
				"level": 120,
				"fpType": 1,
				"fp": 50
			},
			"130": {
				"sort": 274,
				"id": 1,
				"level": 130,
				"fpType": 1,
				"fp": 50
			},
			"140": {
				"sort": 295,
				"id": 1,
				"level": 140,
				"fpType": 1,
				"fp": 50
			},
			"150": {
				"sort": 316,
				"id": 1,
				"level": 150,
				"fpType": 1,
				"fp": 50
			},
			"160": {
				"sort": 337,
				"id": 1,
				"level": 160,
				"fpType": 1,
				"fp": 50
			},
			"170": {
				"sort": 358,
				"id": 1,
				"level": 170,
				"fpType": 1,
				"fp": 50
			},
			"180": {
				"sort": 379,
				"id": 1,
				"level": 180,
				"fpType": 1,
				"fp": 50
			},
			"190": {
				"sort": 400,
				"id": 1,
				"level": 190,
				"fpType": 1,
				"fp": 50
			},
			"200": {
				"sort": 421,
				"id": 1,
				"level": 200,
				"fpType": 1,
				"fp": 50
			},
			"210": {
				"sort": 442,
				"id": 1,
				"level": 210,
				"fpType": 1,
				"fp": 50
			},
			"220": {
				"sort": 463,
				"id": 1,
				"level": 220,
				"fpType": 1,
				"fp": 50
			},
			"230": {
				"sort": 484,
				"id": 1,
				"level": 230,
				"fpType": 1,
				"fp": 50
			},
			"240": {
				"sort": 505,
				"id": 1,
				"level": 240,
				"fpType": 1,
				"fp": 50
			},
			"250": {
				"sort": 526,
				"id": 1,
				"level": 250,
				"fpType": 1,
				"fp": 50
			},
			"260": {
				"sort": 547,
				"id": 1,
				"level": 260,
				"fpType": 1,
				"fp": 50
			},
			"270": {
				"sort": 568,
				"id": 1,
				"level": 270,
				"fpType": 1,
				"fp": 50
			},
			"280": {
				"sort": 589,
				"id": 1,
				"level": 280,
				"fpType": 1,
				"fp": 50
			},
			"290": {
				"sort": 610,
				"id": 1,
				"level": 290,
				"fpType": 1,
				"fp": 50
			},
			"300": {
				"sort": 631,
				"id": 1,
				"level": 300,
				"fpType": 1,
				"fp": 50
			}
		}
	},
	"2": {
		"id": 2,
		"effectType": 3,
		"name": {"l10n":"h59j2p"},//穿透
		"type": 1,
		"value1": 10,
		"value2": 250,
		"desc": {"l10n":"-pyd8n1"},//增加2.5%防御穿透
		"more": {
			"1": {
				"sort": 2,
				"id": 2,
				"level": 1,
				"fpType": 1,
				"fp": 50
			},
			"10": {
				"sort": 23,
				"id": 2,
				"level": 10,
				"fpType": 1,
				"fp": 50
			},
			"20": {
				"sort": 44,
				"id": 2,
				"level": 20,
				"fpType": 1,
				"fp": 50
			},
			"30": {
				"sort": 65,
				"id": 2,
				"level": 30,
				"fpType": 1,
				"fp": 50
			},
			"40": {
				"sort": 86,
				"id": 2,
				"level": 40,
				"fpType": 1,
				"fp": 50
			},
			"50": {
				"sort": 107,
				"id": 2,
				"level": 50,
				"fpType": 1,
				"fp": 50
			},
			"60": {
				"sort": 128,
				"id": 2,
				"level": 60,
				"fpType": 1,
				"fp": 50
			},
			"70": {
				"sort": 149,
				"id": 2,
				"level": 70,
				"fpType": 1,
				"fp": 50
			},
			"80": {
				"sort": 170,
				"id": 2,
				"level": 80,
				"fpType": 1,
				"fp": 50
			},
			"90": {
				"sort": 191,
				"id": 2,
				"level": 90,
				"fpType": 1,
				"fp": 50
			},
			"100": {
				"sort": 212,
				"id": 2,
				"level": 100,
				"fpType": 1,
				"fp": 50
			},
			"110": {
				"sort": 233,
				"id": 2,
				"level": 110,
				"fpType": 1,
				"fp": 50
			},
			"120": {
				"sort": 254,
				"id": 2,
				"level": 120,
				"fpType": 1,
				"fp": 50
			},
			"130": {
				"sort": 275,
				"id": 2,
				"level": 130,
				"fpType": 1,
				"fp": 50
			},
			"140": {
				"sort": 296,
				"id": 2,
				"level": 140,
				"fpType": 1,
				"fp": 50
			},
			"150": {
				"sort": 317,
				"id": 2,
				"level": 150,
				"fpType": 1,
				"fp": 50
			},
			"160": {
				"sort": 338,
				"id": 2,
				"level": 160,
				"fpType": 1,
				"fp": 50
			},
			"170": {
				"sort": 359,
				"id": 2,
				"level": 170,
				"fpType": 1,
				"fp": 50
			},
			"180": {
				"sort": 380,
				"id": 2,
				"level": 180,
				"fpType": 1,
				"fp": 50
			},
			"190": {
				"sort": 401,
				"id": 2,
				"level": 190,
				"fpType": 1,
				"fp": 50
			},
			"200": {
				"sort": 422,
				"id": 2,
				"level": 200,
				"fpType": 1,
				"fp": 50
			},
			"210": {
				"sort": 443,
				"id": 2,
				"level": 210,
				"fpType": 1,
				"fp": 50
			},
			"220": {
				"sort": 464,
				"id": 2,
				"level": 220,
				"fpType": 1,
				"fp": 50
			},
			"230": {
				"sort": 485,
				"id": 2,
				"level": 230,
				"fpType": 1,
				"fp": 50
			},
			"240": {
				"sort": 506,
				"id": 2,
				"level": 240,
				"fpType": 1,
				"fp": 50
			},
			"250": {
				"sort": 527,
				"id": 2,
				"level": 250,
				"fpType": 1,
				"fp": 50
			},
			"260": {
				"sort": 548,
				"id": 2,
				"level": 260,
				"fpType": 1,
				"fp": 50
			},
			"270": {
				"sort": 569,
				"id": 2,
				"level": 270,
				"fpType": 1,
				"fp": 50
			},
			"280": {
				"sort": 590,
				"id": 2,
				"level": 280,
				"fpType": 1,
				"fp": 50
			},
			"290": {
				"sort": 611,
				"id": 2,
				"level": 290,
				"fpType": 1,
				"fp": 50
			},
			"300": {
				"sort": 632,
				"id": 2,
				"level": 300,
				"fpType": 1,
				"fp": 50
			}
		}
	},
	"3": {
		"id": 3,
		"effectType": 3,
		"name": {"l10n":"56b6eq"},//增伤
		"type": 1,
		"value1": 12,
		"value2": 100,
		"desc": {"l10n":"llfvq5"},//增加1%最终伤害
		"more": {
			"1": {
				"sort": 3,
				"id": 3,
				"level": 1,
				"fpType": 1,
				"fp": 50
			},
			"10": {
				"sort": 24,
				"id": 3,
				"level": 10,
				"fpType": 1,
				"fp": 50
			},
			"20": {
				"sort": 45,
				"id": 3,
				"level": 20,
				"fpType": 1,
				"fp": 50
			},
			"30": {
				"sort": 66,
				"id": 3,
				"level": 30,
				"fpType": 1,
				"fp": 50
			},
			"40": {
				"sort": 87,
				"id": 3,
				"level": 40,
				"fpType": 1,
				"fp": 50
			},
			"50": {
				"sort": 108,
				"id": 3,
				"level": 50,
				"fpType": 1,
				"fp": 50
			},
			"60": {
				"sort": 129,
				"id": 3,
				"level": 60,
				"fpType": 1,
				"fp": 50
			},
			"70": {
				"sort": 150,
				"id": 3,
				"level": 70,
				"fpType": 1,
				"fp": 50
			},
			"80": {
				"sort": 171,
				"id": 3,
				"level": 80,
				"fpType": 1,
				"fp": 50
			},
			"90": {
				"sort": 192,
				"id": 3,
				"level": 90,
				"fpType": 1,
				"fp": 50
			},
			"100": {
				"sort": 213,
				"id": 3,
				"level": 100,
				"fpType": 1,
				"fp": 50
			},
			"110": {
				"sort": 234,
				"id": 3,
				"level": 110,
				"fpType": 1,
				"fp": 50
			},
			"120": {
				"sort": 255,
				"id": 3,
				"level": 120,
				"fpType": 1,
				"fp": 50
			},
			"130": {
				"sort": 276,
				"id": 3,
				"level": 130,
				"fpType": 1,
				"fp": 50
			},
			"140": {
				"sort": 297,
				"id": 3,
				"level": 140,
				"fpType": 1,
				"fp": 50
			},
			"150": {
				"sort": 318,
				"id": 3,
				"level": 150,
				"fpType": 1,
				"fp": 50
			},
			"160": {
				"sort": 339,
				"id": 3,
				"level": 160,
				"fpType": 1,
				"fp": 50
			},
			"170": {
				"sort": 360,
				"id": 3,
				"level": 170,
				"fpType": 1,
				"fp": 50
			},
			"180": {
				"sort": 381,
				"id": 3,
				"level": 180,
				"fpType": 1,
				"fp": 50
			},
			"190": {
				"sort": 402,
				"id": 3,
				"level": 190,
				"fpType": 1,
				"fp": 50
			},
			"200": {
				"sort": 423,
				"id": 3,
				"level": 200,
				"fpType": 1,
				"fp": 50
			},
			"210": {
				"sort": 444,
				"id": 3,
				"level": 210,
				"fpType": 1,
				"fp": 50
			},
			"220": {
				"sort": 465,
				"id": 3,
				"level": 220,
				"fpType": 1,
				"fp": 50
			},
			"230": {
				"sort": 486,
				"id": 3,
				"level": 230,
				"fpType": 1,
				"fp": 50
			},
			"240": {
				"sort": 507,
				"id": 3,
				"level": 240,
				"fpType": 1,
				"fp": 50
			},
			"250": {
				"sort": 528,
				"id": 3,
				"level": 250,
				"fpType": 1,
				"fp": 50
			},
			"260": {
				"sort": 549,
				"id": 3,
				"level": 260,
				"fpType": 1,
				"fp": 50
			},
			"270": {
				"sort": 570,
				"id": 3,
				"level": 270,
				"fpType": 1,
				"fp": 50
			},
			"280": {
				"sort": 591,
				"id": 3,
				"level": 280,
				"fpType": 1,
				"fp": 50
			},
			"290": {
				"sort": 612,
				"id": 3,
				"level": 290,
				"fpType": 1,
				"fp": 50
			},
			"300": {
				"sort": 633,
				"id": 3,
				"level": 300,
				"fpType": 1,
				"fp": 50
			}
		}
	},
	"4": {
		"id": 4,
		"effectType": 3,
		"name": {"l10n":"56b4o1"},//减伤
		"type": 1,
		"value1": 13,
		"value2": 100,
		"desc": {"l10n":"txfpcw"},//减少1%受到最终伤害
		"more": {
			"1": {
				"sort": 4,
				"id": 4,
				"level": 1,
				"fpType": 1,
				"fp": 50
			},
			"10": {
				"sort": 25,
				"id": 4,
				"level": 10,
				"fpType": 1,
				"fp": 50
			},
			"20": {
				"sort": 46,
				"id": 4,
				"level": 20,
				"fpType": 1,
				"fp": 50
			},
			"30": {
				"sort": 67,
				"id": 4,
				"level": 30,
				"fpType": 1,
				"fp": 50
			},
			"40": {
				"sort": 88,
				"id": 4,
				"level": 40,
				"fpType": 1,
				"fp": 50
			},
			"50": {
				"sort": 109,
				"id": 4,
				"level": 50,
				"fpType": 1,
				"fp": 50
			},
			"60": {
				"sort": 130,
				"id": 4,
				"level": 60,
				"fpType": 1,
				"fp": 50
			},
			"70": {
				"sort": 151,
				"id": 4,
				"level": 70,
				"fpType": 1,
				"fp": 50
			},
			"80": {
				"sort": 172,
				"id": 4,
				"level": 80,
				"fpType": 1,
				"fp": 50
			},
			"90": {
				"sort": 193,
				"id": 4,
				"level": 90,
				"fpType": 1,
				"fp": 50
			},
			"100": {
				"sort": 214,
				"id": 4,
				"level": 100,
				"fpType": 1,
				"fp": 50
			},
			"110": {
				"sort": 235,
				"id": 4,
				"level": 110,
				"fpType": 1,
				"fp": 50
			},
			"120": {
				"sort": 256,
				"id": 4,
				"level": 120,
				"fpType": 1,
				"fp": 50
			},
			"130": {
				"sort": 277,
				"id": 4,
				"level": 130,
				"fpType": 1,
				"fp": 50
			},
			"140": {
				"sort": 298,
				"id": 4,
				"level": 140,
				"fpType": 1,
				"fp": 50
			},
			"150": {
				"sort": 319,
				"id": 4,
				"level": 150,
				"fpType": 1,
				"fp": 50
			},
			"160": {
				"sort": 340,
				"id": 4,
				"level": 160,
				"fpType": 1,
				"fp": 50
			},
			"170": {
				"sort": 361,
				"id": 4,
				"level": 170,
				"fpType": 1,
				"fp": 50
			},
			"180": {
				"sort": 382,
				"id": 4,
				"level": 180,
				"fpType": 1,
				"fp": 50
			},
			"190": {
				"sort": 403,
				"id": 4,
				"level": 190,
				"fpType": 1,
				"fp": 50
			},
			"200": {
				"sort": 424,
				"id": 4,
				"level": 200,
				"fpType": 1,
				"fp": 50
			},
			"210": {
				"sort": 445,
				"id": 4,
				"level": 210,
				"fpType": 1,
				"fp": 50
			},
			"220": {
				"sort": 466,
				"id": 4,
				"level": 220,
				"fpType": 1,
				"fp": 50
			},
			"230": {
				"sort": 487,
				"id": 4,
				"level": 230,
				"fpType": 1,
				"fp": 50
			},
			"240": {
				"sort": 508,
				"id": 4,
				"level": 240,
				"fpType": 1,
				"fp": 50
			},
			"250": {
				"sort": 529,
				"id": 4,
				"level": 250,
				"fpType": 1,
				"fp": 50
			},
			"260": {
				"sort": 550,
				"id": 4,
				"level": 260,
				"fpType": 1,
				"fp": 50
			},
			"270": {
				"sort": 571,
				"id": 4,
				"level": 270,
				"fpType": 1,
				"fp": 50
			},
			"280": {
				"sort": 592,
				"id": 4,
				"level": 280,
				"fpType": 1,
				"fp": 50
			},
			"290": {
				"sort": 613,
				"id": 4,
				"level": 290,
				"fpType": 1,
				"fp": 50
			},
			"300": {
				"sort": 634,
				"id": 4,
				"level": 300,
				"fpType": 1,
				"fp": 50
			}
		}
	},
	"5": {
		"id": 5,
		"effectType": 3,
		"name": {"l10n":"-5ixawp"},//眩晕
		"type": 1,
		"value1": 14,
		"value2": 50,
		"desc": {"l10n":"s9qm5r"},//增加0.5%眩晕概率
		"more": {
			"1": {
				"sort": 5,
				"id": 5,
				"level": 1,
				"fpType": 1,
				"fp": 50
			},
			"10": {
				"sort": 26,
				"id": 5,
				"level": 10,
				"fpType": 1,
				"fp": 50
			},
			"20": {
				"sort": 47,
				"id": 5,
				"level": 20,
				"fpType": 1,
				"fp": 50
			},
			"30": {
				"sort": 68,
				"id": 5,
				"level": 30,
				"fpType": 1,
				"fp": 50
			},
			"40": {
				"sort": 89,
				"id": 5,
				"level": 40,
				"fpType": 1,
				"fp": 50
			},
			"50": {
				"sort": 110,
				"id": 5,
				"level": 50,
				"fpType": 1,
				"fp": 50
			},
			"60": {
				"sort": 131,
				"id": 5,
				"level": 60,
				"fpType": 1,
				"fp": 50
			},
			"70": {
				"sort": 152,
				"id": 5,
				"level": 70,
				"fpType": 1,
				"fp": 50
			},
			"80": {
				"sort": 173,
				"id": 5,
				"level": 80,
				"fpType": 1,
				"fp": 50
			},
			"90": {
				"sort": 194,
				"id": 5,
				"level": 90,
				"fpType": 1,
				"fp": 50
			},
			"100": {
				"sort": 215,
				"id": 5,
				"level": 100,
				"fpType": 1,
				"fp": 50
			},
			"110": {
				"sort": 236,
				"id": 5,
				"level": 110,
				"fpType": 1,
				"fp": 50
			},
			"120": {
				"sort": 257,
				"id": 5,
				"level": 120,
				"fpType": 1,
				"fp": 50
			},
			"130": {
				"sort": 278,
				"id": 5,
				"level": 130,
				"fpType": 1,
				"fp": 50
			},
			"140": {
				"sort": 299,
				"id": 5,
				"level": 140,
				"fpType": 1,
				"fp": 50
			},
			"150": {
				"sort": 320,
				"id": 5,
				"level": 150,
				"fpType": 1,
				"fp": 50
			},
			"160": {
				"sort": 341,
				"id": 5,
				"level": 160,
				"fpType": 1,
				"fp": 50
			},
			"170": {
				"sort": 362,
				"id": 5,
				"level": 170,
				"fpType": 1,
				"fp": 50
			},
			"180": {
				"sort": 383,
				"id": 5,
				"level": 180,
				"fpType": 1,
				"fp": 50
			},
			"190": {
				"sort": 404,
				"id": 5,
				"level": 190,
				"fpType": 1,
				"fp": 50
			},
			"200": {
				"sort": 425,
				"id": 5,
				"level": 200,
				"fpType": 1,
				"fp": 50
			},
			"210": {
				"sort": 446,
				"id": 5,
				"level": 210,
				"fpType": 1,
				"fp": 50
			},
			"220": {
				"sort": 467,
				"id": 5,
				"level": 220,
				"fpType": 1,
				"fp": 50
			},
			"230": {
				"sort": 488,
				"id": 5,
				"level": 230,
				"fpType": 1,
				"fp": 50
			},
			"240": {
				"sort": 509,
				"id": 5,
				"level": 240,
				"fpType": 1,
				"fp": 50
			},
			"250": {
				"sort": 530,
				"id": 5,
				"level": 250,
				"fpType": 1,
				"fp": 50
			},
			"260": {
				"sort": 551,
				"id": 5,
				"level": 260,
				"fpType": 1,
				"fp": 50
			},
			"270": {
				"sort": 572,
				"id": 5,
				"level": 270,
				"fpType": 1,
				"fp": 50
			},
			"280": {
				"sort": 593,
				"id": 5,
				"level": 280,
				"fpType": 1,
				"fp": 50
			},
			"290": {
				"sort": 614,
				"id": 5,
				"level": 290,
				"fpType": 1,
				"fp": 50
			},
			"300": {
				"sort": 635,
				"id": 5,
				"level": 300,
				"fpType": 1,
				"fp": 50
			}
		}
	},
	"6": {
		"id": 6,
		"effectType": 3,
		"name": {"l10n":"-5ix6tz"},//抗晕
		"type": 1,
		"value1": 15,
		"value2": 50,
		"desc": {"l10n":"njb074"},//增加0.5%眩晕抵抗
		"more": {
			"1": {
				"sort": 6,
				"id": 6,
				"level": 1,
				"fpType": 1,
				"fp": 50
			},
			"10": {
				"sort": 27,
				"id": 6,
				"level": 10,
				"fpType": 1,
				"fp": 50
			},
			"20": {
				"sort": 48,
				"id": 6,
				"level": 20,
				"fpType": 1,
				"fp": 50
			},
			"30": {
				"sort": 69,
				"id": 6,
				"level": 30,
				"fpType": 1,
				"fp": 50
			},
			"40": {
				"sort": 90,
				"id": 6,
				"level": 40,
				"fpType": 1,
				"fp": 50
			},
			"50": {
				"sort": 111,
				"id": 6,
				"level": 50,
				"fpType": 1,
				"fp": 50
			},
			"60": {
				"sort": 132,
				"id": 6,
				"level": 60,
				"fpType": 1,
				"fp": 50
			},
			"70": {
				"sort": 153,
				"id": 6,
				"level": 70,
				"fpType": 1,
				"fp": 50
			},
			"80": {
				"sort": 174,
				"id": 6,
				"level": 80,
				"fpType": 1,
				"fp": 50
			},
			"90": {
				"sort": 195,
				"id": 6,
				"level": 90,
				"fpType": 1,
				"fp": 50
			},
			"100": {
				"sort": 216,
				"id": 6,
				"level": 100,
				"fpType": 1,
				"fp": 50
			},
			"110": {
				"sort": 237,
				"id": 6,
				"level": 110,
				"fpType": 1,
				"fp": 50
			},
			"120": {
				"sort": 258,
				"id": 6,
				"level": 120,
				"fpType": 1,
				"fp": 50
			},
			"130": {
				"sort": 279,
				"id": 6,
				"level": 130,
				"fpType": 1,
				"fp": 50
			},
			"140": {
				"sort": 300,
				"id": 6,
				"level": 140,
				"fpType": 1,
				"fp": 50
			},
			"150": {
				"sort": 321,
				"id": 6,
				"level": 150,
				"fpType": 1,
				"fp": 50
			},
			"160": {
				"sort": 342,
				"id": 6,
				"level": 160,
				"fpType": 1,
				"fp": 50
			},
			"170": {
				"sort": 363,
				"id": 6,
				"level": 170,
				"fpType": 1,
				"fp": 50
			},
			"180": {
				"sort": 384,
				"id": 6,
				"level": 180,
				"fpType": 1,
				"fp": 50
			},
			"190": {
				"sort": 405,
				"id": 6,
				"level": 190,
				"fpType": 1,
				"fp": 50
			},
			"200": {
				"sort": 426,
				"id": 6,
				"level": 200,
				"fpType": 1,
				"fp": 50
			},
			"210": {
				"sort": 447,
				"id": 6,
				"level": 210,
				"fpType": 1,
				"fp": 50
			},
			"220": {
				"sort": 468,
				"id": 6,
				"level": 220,
				"fpType": 1,
				"fp": 50
			},
			"230": {
				"sort": 489,
				"id": 6,
				"level": 230,
				"fpType": 1,
				"fp": 50
			},
			"240": {
				"sort": 510,
				"id": 6,
				"level": 240,
				"fpType": 1,
				"fp": 50
			},
			"250": {
				"sort": 531,
				"id": 6,
				"level": 250,
				"fpType": 1,
				"fp": 50
			},
			"260": {
				"sort": 552,
				"id": 6,
				"level": 260,
				"fpType": 1,
				"fp": 50
			},
			"270": {
				"sort": 573,
				"id": 6,
				"level": 270,
				"fpType": 1,
				"fp": 50
			},
			"280": {
				"sort": 594,
				"id": 6,
				"level": 280,
				"fpType": 1,
				"fp": 50
			},
			"290": {
				"sort": 615,
				"id": 6,
				"level": 290,
				"fpType": 1,
				"fp": 50
			},
			"300": {
				"sort": 636,
				"id": 6,
				"level": 300,
				"fpType": 1,
				"fp": 50
			}
		}
	},
	"7": {
		"id": 7,
		"effectType": 3,
		"name": {"l10n":"h73znq"},//闪避
		"type": 1,
		"value1": 6,
		"value2": 100,
		"desc": {"l10n":"-kj49wq"},//增加1%闪避率
		"more": {
			"1": {
				"sort": 7,
				"id": 7,
				"level": 1,
				"fpType": 1,
				"fp": 50
			},
			"10": {
				"sort": 28,
				"id": 7,
				"level": 10,
				"fpType": 1,
				"fp": 50
			},
			"20": {
				"sort": 49,
				"id": 7,
				"level": 20,
				"fpType": 1,
				"fp": 50
			},
			"30": {
				"sort": 70,
				"id": 7,
				"level": 30,
				"fpType": 1,
				"fp": 50
			},
			"40": {
				"sort": 91,
				"id": 7,
				"level": 40,
				"fpType": 1,
				"fp": 50
			},
			"50": {
				"sort": 112,
				"id": 7,
				"level": 50,
				"fpType": 1,
				"fp": 50
			},
			"60": {
				"sort": 133,
				"id": 7,
				"level": 60,
				"fpType": 1,
				"fp": 50
			},
			"70": {
				"sort": 154,
				"id": 7,
				"level": 70,
				"fpType": 1,
				"fp": 50
			},
			"80": {
				"sort": 175,
				"id": 7,
				"level": 80,
				"fpType": 1,
				"fp": 50
			},
			"90": {
				"sort": 196,
				"id": 7,
				"level": 90,
				"fpType": 1,
				"fp": 50
			},
			"100": {
				"sort": 217,
				"id": 7,
				"level": 100,
				"fpType": 1,
				"fp": 50
			},
			"110": {
				"sort": 238,
				"id": 7,
				"level": 110,
				"fpType": 1,
				"fp": 50
			},
			"120": {
				"sort": 259,
				"id": 7,
				"level": 120,
				"fpType": 1,
				"fp": 50
			},
			"130": {
				"sort": 280,
				"id": 7,
				"level": 130,
				"fpType": 1,
				"fp": 50
			},
			"140": {
				"sort": 301,
				"id": 7,
				"level": 140,
				"fpType": 1,
				"fp": 50
			},
			"150": {
				"sort": 322,
				"id": 7,
				"level": 150,
				"fpType": 1,
				"fp": 50
			},
			"160": {
				"sort": 343,
				"id": 7,
				"level": 160,
				"fpType": 1,
				"fp": 50
			},
			"170": {
				"sort": 364,
				"id": 7,
				"level": 170,
				"fpType": 1,
				"fp": 50
			},
			"180": {
				"sort": 385,
				"id": 7,
				"level": 180,
				"fpType": 1,
				"fp": 50
			},
			"190": {
				"sort": 406,
				"id": 7,
				"level": 190,
				"fpType": 1,
				"fp": 50
			},
			"200": {
				"sort": 427,
				"id": 7,
				"level": 200,
				"fpType": 1,
				"fp": 50
			},
			"210": {
				"sort": 448,
				"id": 7,
				"level": 210,
				"fpType": 1,
				"fp": 50
			},
			"220": {
				"sort": 469,
				"id": 7,
				"level": 220,
				"fpType": 1,
				"fp": 50
			},
			"230": {
				"sort": 490,
				"id": 7,
				"level": 230,
				"fpType": 1,
				"fp": 50
			},
			"240": {
				"sort": 511,
				"id": 7,
				"level": 240,
				"fpType": 1,
				"fp": 50
			},
			"250": {
				"sort": 532,
				"id": 7,
				"level": 250,
				"fpType": 1,
				"fp": 50
			},
			"260": {
				"sort": 553,
				"id": 7,
				"level": 260,
				"fpType": 1,
				"fp": 50
			},
			"270": {
				"sort": 574,
				"id": 7,
				"level": 270,
				"fpType": 1,
				"fp": 50
			},
			"280": {
				"sort": 595,
				"id": 7,
				"level": 280,
				"fpType": 1,
				"fp": 50
			},
			"290": {
				"sort": 616,
				"id": 7,
				"level": 290,
				"fpType": 1,
				"fp": 50
			},
			"300": {
				"sort": 637,
				"id": 7,
				"level": 300,
				"fpType": 1,
				"fp": 50
			}
		}
	},
	"8": {
		"id": 8,
		"effectType": 2,
		"name": {"l10n":"-5lcbts"},//简易
		"type": 2,
		"value1": 10,
		"value2": 0,
		"desc": {"l10n":"qav12u"},//穿戴等级减少10级
		"more": {
			"1": {
				"sort": 8,
				"id": 8,
				"level": 1,
				"fpType": 1,
				"fp": 10
			},
			"10": {
				"sort": 29,
				"id": 8,
				"level": 10,
				"fpType": 1,
				"fp": 10
			},
			"20": {
				"sort": 50,
				"id": 8,
				"level": 20,
				"fpType": 1,
				"fp": 10
			},
			"30": {
				"sort": 71,
				"id": 8,
				"level": 30,
				"fpType": 1,
				"fp": 10
			},
			"40": {
				"sort": 92,
				"id": 8,
				"level": 40,
				"fpType": 1,
				"fp": 10
			},
			"50": {
				"sort": 113,
				"id": 8,
				"level": 50,
				"fpType": 1,
				"fp": 10
			},
			"60": {
				"sort": 134,
				"id": 8,
				"level": 60,
				"fpType": 1,
				"fp": 10
			},
			"70": {
				"sort": 155,
				"id": 8,
				"level": 70,
				"fpType": 1,
				"fp": 10
			},
			"80": {
				"sort": 176,
				"id": 8,
				"level": 80,
				"fpType": 1,
				"fp": 10
			},
			"90": {
				"sort": 197,
				"id": 8,
				"level": 90,
				"fpType": 1,
				"fp": 10
			},
			"100": {
				"sort": 218,
				"id": 8,
				"level": 100,
				"fpType": 1,
				"fp": 10
			},
			"110": {
				"sort": 239,
				"id": 8,
				"level": 110,
				"fpType": 1,
				"fp": 10
			},
			"120": {
				"sort": 260,
				"id": 8,
				"level": 120,
				"fpType": 1,
				"fp": 10
			},
			"130": {
				"sort": 281,
				"id": 8,
				"level": 130,
				"fpType": 1,
				"fp": 10
			},
			"140": {
				"sort": 302,
				"id": 8,
				"level": 140,
				"fpType": 1,
				"fp": 10
			},
			"150": {
				"sort": 323,
				"id": 8,
				"level": 150,
				"fpType": 1,
				"fp": 10
			},
			"160": {
				"sort": 344,
				"id": 8,
				"level": 160,
				"fpType": 1,
				"fp": 10
			},
			"170": {
				"sort": 365,
				"id": 8,
				"level": 170,
				"fpType": 1,
				"fp": 10
			},
			"180": {
				"sort": 386,
				"id": 8,
				"level": 180,
				"fpType": 1,
				"fp": 10
			},
			"190": {
				"sort": 407,
				"id": 8,
				"level": 190,
				"fpType": 1,
				"fp": 10
			},
			"200": {
				"sort": 428,
				"id": 8,
				"level": 200,
				"fpType": 1,
				"fp": 10
			},
			"210": {
				"sort": 449,
				"id": 8,
				"level": 210,
				"fpType": 1,
				"fp": 10
			},
			"220": {
				"sort": 470,
				"id": 8,
				"level": 220,
				"fpType": 1,
				"fp": 10
			},
			"230": {
				"sort": 491,
				"id": 8,
				"level": 230,
				"fpType": 1,
				"fp": 10
			},
			"240": {
				"sort": 512,
				"id": 8,
				"level": 240,
				"fpType": 1,
				"fp": 10
			},
			"250": {
				"sort": 533,
				"id": 8,
				"level": 250,
				"fpType": 1,
				"fp": 10
			},
			"260": {
				"sort": 554,
				"id": 8,
				"level": 260,
				"fpType": 1,
				"fp": 10
			},
			"270": {
				"sort": 575,
				"id": 8,
				"level": 270,
				"fpType": 1,
				"fp": 10
			},
			"280": {
				"sort": 596,
				"id": 8,
				"level": 280,
				"fpType": 1,
				"fp": 10
			},
			"290": {
				"sort": 617,
				"id": 8,
				"level": 290,
				"fpType": 1,
				"fp": 10
			},
			"300": {
				"sort": 638,
				"id": 8,
				"level": 300,
				"fpType": 1,
				"fp": 10
			}
		}
	},
	"9": {
		"id": 9,
		"effectType": 2,
		"name": {"l10n":"-xxvh9a"},//高级简易
		"type": 2,
		"value1": 20,
		"value2": 0,
		"desc": {"l10n":"egez5"},//穿戴等级减少20级
		"more": {
			"1": {
				"sort": 9,
				"id": 9,
				"level": 1,
				"fpType": 1,
				"fp": 20
			},
			"10": {
				"sort": 30,
				"id": 9,
				"level": 10,
				"fpType": 1,
				"fp": 20
			},
			"20": {
				"sort": 51,
				"id": 9,
				"level": 20,
				"fpType": 1,
				"fp": 20
			},
			"30": {
				"sort": 72,
				"id": 9,
				"level": 30,
				"fpType": 1,
				"fp": 20
			},
			"40": {
				"sort": 93,
				"id": 9,
				"level": 40,
				"fpType": 1,
				"fp": 20
			},
			"50": {
				"sort": 114,
				"id": 9,
				"level": 50,
				"fpType": 1,
				"fp": 20
			},
			"60": {
				"sort": 135,
				"id": 9,
				"level": 60,
				"fpType": 1,
				"fp": 20
			},
			"70": {
				"sort": 156,
				"id": 9,
				"level": 70,
				"fpType": 1,
				"fp": 20
			},
			"80": {
				"sort": 177,
				"id": 9,
				"level": 80,
				"fpType": 1,
				"fp": 20
			},
			"90": {
				"sort": 198,
				"id": 9,
				"level": 90,
				"fpType": 1,
				"fp": 20
			},
			"100": {
				"sort": 219,
				"id": 9,
				"level": 100,
				"fpType": 1,
				"fp": 20
			},
			"110": {
				"sort": 240,
				"id": 9,
				"level": 110,
				"fpType": 1,
				"fp": 20
			},
			"120": {
				"sort": 261,
				"id": 9,
				"level": 120,
				"fpType": 1,
				"fp": 20
			},
			"130": {
				"sort": 282,
				"id": 9,
				"level": 130,
				"fpType": 1,
				"fp": 20
			},
			"140": {
				"sort": 303,
				"id": 9,
				"level": 140,
				"fpType": 1,
				"fp": 20
			},
			"150": {
				"sort": 324,
				"id": 9,
				"level": 150,
				"fpType": 1,
				"fp": 20
			},
			"160": {
				"sort": 345,
				"id": 9,
				"level": 160,
				"fpType": 1,
				"fp": 20
			},
			"170": {
				"sort": 366,
				"id": 9,
				"level": 170,
				"fpType": 1,
				"fp": 20
			},
			"180": {
				"sort": 387,
				"id": 9,
				"level": 180,
				"fpType": 1,
				"fp": 20
			},
			"190": {
				"sort": 408,
				"id": 9,
				"level": 190,
				"fpType": 1,
				"fp": 20
			},
			"200": {
				"sort": 429,
				"id": 9,
				"level": 200,
				"fpType": 1,
				"fp": 20
			},
			"210": {
				"sort": 450,
				"id": 9,
				"level": 210,
				"fpType": 1,
				"fp": 20
			},
			"220": {
				"sort": 471,
				"id": 9,
				"level": 220,
				"fpType": 1,
				"fp": 20
			},
			"230": {
				"sort": 492,
				"id": 9,
				"level": 230,
				"fpType": 1,
				"fp": 20
			},
			"240": {
				"sort": 513,
				"id": 9,
				"level": 240,
				"fpType": 1,
				"fp": 20
			},
			"250": {
				"sort": 534,
				"id": 9,
				"level": 250,
				"fpType": 1,
				"fp": 20
			},
			"260": {
				"sort": 555,
				"id": 9,
				"level": 260,
				"fpType": 1,
				"fp": 20
			},
			"270": {
				"sort": 576,
				"id": 9,
				"level": 270,
				"fpType": 1,
				"fp": 20
			},
			"280": {
				"sort": 597,
				"id": 9,
				"level": 280,
				"fpType": 1,
				"fp": 20
			},
			"290": {
				"sort": 618,
				"id": 9,
				"level": 290,
				"fpType": 1,
				"fp": 20
			},
			"300": {
				"sort": 639,
				"id": 9,
				"level": 300,
				"fpType": 1,
				"fp": 20
			}
		}
	},
	"10": {
		"id": 10,
		"effectType": 2,
		"name": {"l10n":"5upfur"},//无级别
		"type": 2,
		"value1": 0,
		"value2": 0,
		"desc": {"l10n":"-fnrmvj"},//任意等级可以穿戴
		"more": {
			"1": {
				"sort": 10,
				"id": 10,
				"level": 1,
				"fpType": 1,
				"fp": 50
			},
			"10": {
				"sort": 31,
				"id": 10,
				"level": 10,
				"fpType": 1,
				"fp": 50
			},
			"20": {
				"sort": 52,
				"id": 10,
				"level": 20,
				"fpType": 1,
				"fp": 50
			},
			"30": {
				"sort": 73,
				"id": 10,
				"level": 30,
				"fpType": 1,
				"fp": 50
			},
			"40": {
				"sort": 94,
				"id": 10,
				"level": 40,
				"fpType": 1,
				"fp": 50
			},
			"50": {
				"sort": 115,
				"id": 10,
				"level": 50,
				"fpType": 1,
				"fp": 50
			},
			"60": {
				"sort": 136,
				"id": 10,
				"level": 60,
				"fpType": 1,
				"fp": 50
			},
			"70": {
				"sort": 157,
				"id": 10,
				"level": 70,
				"fpType": 1,
				"fp": 50
			},
			"80": {
				"sort": 178,
				"id": 10,
				"level": 80,
				"fpType": 1,
				"fp": 50
			},
			"90": {
				"sort": 199,
				"id": 10,
				"level": 90,
				"fpType": 1,
				"fp": 50
			},
			"100": {
				"sort": 220,
				"id": 10,
				"level": 100,
				"fpType": 1,
				"fp": 50
			},
			"110": {
				"sort": 241,
				"id": 10,
				"level": 110,
				"fpType": 1,
				"fp": 50
			},
			"120": {
				"sort": 262,
				"id": 10,
				"level": 120,
				"fpType": 1,
				"fp": 50
			},
			"130": {
				"sort": 283,
				"id": 10,
				"level": 130,
				"fpType": 1,
				"fp": 50
			},
			"140": {
				"sort": 304,
				"id": 10,
				"level": 140,
				"fpType": 1,
				"fp": 50
			},
			"150": {
				"sort": 325,
				"id": 10,
				"level": 150,
				"fpType": 1,
				"fp": 50
			},
			"160": {
				"sort": 346,
				"id": 10,
				"level": 160,
				"fpType": 1,
				"fp": 50
			},
			"170": {
				"sort": 367,
				"id": 10,
				"level": 170,
				"fpType": 1,
				"fp": 50
			},
			"180": {
				"sort": 388,
				"id": 10,
				"level": 180,
				"fpType": 1,
				"fp": 50
			},
			"190": {
				"sort": 409,
				"id": 10,
				"level": 190,
				"fpType": 1,
				"fp": 50
			},
			"200": {
				"sort": 430,
				"id": 10,
				"level": 200,
				"fpType": 1,
				"fp": 50
			},
			"210": {
				"sort": 451,
				"id": 10,
				"level": 210,
				"fpType": 1,
				"fp": 50
			},
			"220": {
				"sort": 472,
				"id": 10,
				"level": 220,
				"fpType": 1,
				"fp": 50
			},
			"230": {
				"sort": 493,
				"id": 10,
				"level": 230,
				"fpType": 1,
				"fp": 50
			},
			"240": {
				"sort": 514,
				"id": 10,
				"level": 240,
				"fpType": 1,
				"fp": 50
			},
			"250": {
				"sort": 535,
				"id": 10,
				"level": 250,
				"fpType": 1,
				"fp": 50
			},
			"260": {
				"sort": 556,
				"id": 10,
				"level": 260,
				"fpType": 1,
				"fp": 50
			},
			"270": {
				"sort": 577,
				"id": 10,
				"level": 270,
				"fpType": 1,
				"fp": 50
			},
			"280": {
				"sort": 598,
				"id": 10,
				"level": 280,
				"fpType": 1,
				"fp": 50
			},
			"290": {
				"sort": 619,
				"id": 10,
				"level": 290,
				"fpType": 1,
				"fp": 50
			},
			"300": {
				"sort": 640,
				"id": 10,
				"level": 300,
				"fpType": 1,
				"fp": 50
			}
		}
	},
	"11": {
		"id": 11,
		"effectType": 3,
		"name": {"l10n":"-7oq58t"},//祝福
		"type": 3,
		"value1": 1,
		"value2": 0,
		"desc": {"l10n":"a60u1p"},//装备增加一条词条属性
		"more": {
			"1": {
				"sort": 11,
				"id": 11,
				"level": 1,
				"fpType": 2,
				"fp": 0
			},
			"10": {
				"sort": 32,
				"id": 11,
				"level": 10,
				"fpType": 2,
				"fp": 0
			},
			"20": {
				"sort": 53,
				"id": 11,
				"level": 20,
				"fpType": 2,
				"fp": 0
			},
			"30": {
				"sort": 74,
				"id": 11,
				"level": 30,
				"fpType": 2,
				"fp": 0
			},
			"40": {
				"sort": 95,
				"id": 11,
				"level": 40,
				"fpType": 2,
				"fp": 0
			},
			"50": {
				"sort": 116,
				"id": 11,
				"level": 50,
				"fpType": 2,
				"fp": 0
			},
			"60": {
				"sort": 137,
				"id": 11,
				"level": 60,
				"fpType": 2,
				"fp": 0
			},
			"70": {
				"sort": 158,
				"id": 11,
				"level": 70,
				"fpType": 2,
				"fp": 0
			},
			"80": {
				"sort": 179,
				"id": 11,
				"level": 80,
				"fpType": 2,
				"fp": 0
			},
			"90": {
				"sort": 200,
				"id": 11,
				"level": 90,
				"fpType": 2,
				"fp": 0
			},
			"100": {
				"sort": 221,
				"id": 11,
				"level": 100,
				"fpType": 2,
				"fp": 0
			},
			"110": {
				"sort": 242,
				"id": 11,
				"level": 110,
				"fpType": 2,
				"fp": 0
			},
			"120": {
				"sort": 263,
				"id": 11,
				"level": 120,
				"fpType": 2,
				"fp": 0
			},
			"130": {
				"sort": 284,
				"id": 11,
				"level": 130,
				"fpType": 2,
				"fp": 0
			},
			"140": {
				"sort": 305,
				"id": 11,
				"level": 140,
				"fpType": 2,
				"fp": 0
			},
			"150": {
				"sort": 326,
				"id": 11,
				"level": 150,
				"fpType": 2,
				"fp": 0
			},
			"160": {
				"sort": 347,
				"id": 11,
				"level": 160,
				"fpType": 2,
				"fp": 0
			},
			"170": {
				"sort": 368,
				"id": 11,
				"level": 170,
				"fpType": 2,
				"fp": 0
			},
			"180": {
				"sort": 389,
				"id": 11,
				"level": 180,
				"fpType": 2,
				"fp": 0
			},
			"190": {
				"sort": 410,
				"id": 11,
				"level": 190,
				"fpType": 2,
				"fp": 0
			},
			"200": {
				"sort": 431,
				"id": 11,
				"level": 200,
				"fpType": 2,
				"fp": 0
			},
			"210": {
				"sort": 452,
				"id": 11,
				"level": 210,
				"fpType": 2,
				"fp": 0
			},
			"220": {
				"sort": 473,
				"id": 11,
				"level": 220,
				"fpType": 2,
				"fp": 0
			},
			"230": {
				"sort": 494,
				"id": 11,
				"level": 230,
				"fpType": 2,
				"fp": 0
			},
			"240": {
				"sort": 515,
				"id": 11,
				"level": 240,
				"fpType": 2,
				"fp": 0
			},
			"250": {
				"sort": 536,
				"id": 11,
				"level": 250,
				"fpType": 2,
				"fp": 0
			},
			"260": {
				"sort": 557,
				"id": 11,
				"level": 260,
				"fpType": 2,
				"fp": 0
			},
			"270": {
				"sort": 578,
				"id": 11,
				"level": 270,
				"fpType": 2,
				"fp": 0
			},
			"280": {
				"sort": 599,
				"id": 11,
				"level": 280,
				"fpType": 2,
				"fp": 0
			},
			"290": {
				"sort": 620,
				"id": 11,
				"level": 290,
				"fpType": 2,
				"fp": 0
			},
			"300": {
				"sort": 641,
				"id": 11,
				"level": 300,
				"fpType": 2,
				"fp": 0
			}
		}
	},
	"12": {
		"id": 12,
		"effectType": 3,
		"name": {"l10n":"g53q6r"},//装备强化
		"type": 4,
		"value1": 1000,
		"value2": 0,
		"desc": {"l10n":"-98dmc8"},//装备属性增加10%
		"more": {
			"1": {
				"sort": 12,
				"id": 12,
				"level": 1,
				"fpType": 2,
				"fp": 0
			},
			"10": {
				"sort": 33,
				"id": 12,
				"level": 10,
				"fpType": 2,
				"fp": 0
			},
			"20": {
				"sort": 54,
				"id": 12,
				"level": 20,
				"fpType": 2,
				"fp": 0
			},
			"30": {
				"sort": 75,
				"id": 12,
				"level": 30,
				"fpType": 2,
				"fp": 0
			},
			"40": {
				"sort": 96,
				"id": 12,
				"level": 40,
				"fpType": 2,
				"fp": 0
			},
			"50": {
				"sort": 117,
				"id": 12,
				"level": 50,
				"fpType": 2,
				"fp": 0
			},
			"60": {
				"sort": 138,
				"id": 12,
				"level": 60,
				"fpType": 2,
				"fp": 0
			},
			"70": {
				"sort": 159,
				"id": 12,
				"level": 70,
				"fpType": 2,
				"fp": 0
			},
			"80": {
				"sort": 180,
				"id": 12,
				"level": 80,
				"fpType": 2,
				"fp": 0
			},
			"90": {
				"sort": 201,
				"id": 12,
				"level": 90,
				"fpType": 2,
				"fp": 0
			},
			"100": {
				"sort": 222,
				"id": 12,
				"level": 100,
				"fpType": 2,
				"fp": 0
			},
			"110": {
				"sort": 243,
				"id": 12,
				"level": 110,
				"fpType": 2,
				"fp": 0
			},
			"120": {
				"sort": 264,
				"id": 12,
				"level": 120,
				"fpType": 2,
				"fp": 0
			},
			"130": {
				"sort": 285,
				"id": 12,
				"level": 130,
				"fpType": 2,
				"fp": 0
			},
			"140": {
				"sort": 306,
				"id": 12,
				"level": 140,
				"fpType": 2,
				"fp": 0
			},
			"150": {
				"sort": 327,
				"id": 12,
				"level": 150,
				"fpType": 2,
				"fp": 0
			},
			"160": {
				"sort": 348,
				"id": 12,
				"level": 160,
				"fpType": 2,
				"fp": 0
			},
			"170": {
				"sort": 369,
				"id": 12,
				"level": 170,
				"fpType": 2,
				"fp": 0
			},
			"180": {
				"sort": 390,
				"id": 12,
				"level": 180,
				"fpType": 2,
				"fp": 0
			},
			"190": {
				"sort": 411,
				"id": 12,
				"level": 190,
				"fpType": 2,
				"fp": 0
			},
			"200": {
				"sort": 432,
				"id": 12,
				"level": 200,
				"fpType": 2,
				"fp": 0
			},
			"210": {
				"sort": 453,
				"id": 12,
				"level": 210,
				"fpType": 2,
				"fp": 0
			},
			"220": {
				"sort": 474,
				"id": 12,
				"level": 220,
				"fpType": 2,
				"fp": 0
			},
			"230": {
				"sort": 495,
				"id": 12,
				"level": 230,
				"fpType": 2,
				"fp": 0
			},
			"240": {
				"sort": 516,
				"id": 12,
				"level": 240,
				"fpType": 2,
				"fp": 0
			},
			"250": {
				"sort": 537,
				"id": 12,
				"level": 250,
				"fpType": 2,
				"fp": 0
			},
			"260": {
				"sort": 558,
				"id": 12,
				"level": 260,
				"fpType": 2,
				"fp": 0
			},
			"270": {
				"sort": 579,
				"id": 12,
				"level": 270,
				"fpType": 2,
				"fp": 0
			},
			"280": {
				"sort": 600,
				"id": 12,
				"level": 280,
				"fpType": 2,
				"fp": 0
			},
			"290": {
				"sort": 621,
				"id": 12,
				"level": 290,
				"fpType": 2,
				"fp": 0
			},
			"300": {
				"sort": 642,
				"id": 12,
				"level": 300,
				"fpType": 2,
				"fp": 0
			}
		}
	},
	"13": {
		"id": 13,
		"effectType": 3,
		"name": {"l10n":"4emzvv"},//宝石强化
		"type": 5,
		"value1": 3000,
		"value2": 0,
		"desc": {"l10n":"g0nwmq"},//宝石属性增加30%
		"more": {
			"1": {
				"sort": 13,
				"id": 13,
				"level": 1,
				"fpType": 2,
				"fp": 0
			},
			"10": {
				"sort": 34,
				"id": 13,
				"level": 10,
				"fpType": 2,
				"fp": 0
			},
			"20": {
				"sort": 55,
				"id": 13,
				"level": 20,
				"fpType": 2,
				"fp": 0
			},
			"30": {
				"sort": 76,
				"id": 13,
				"level": 30,
				"fpType": 2,
				"fp": 0
			},
			"40": {
				"sort": 97,
				"id": 13,
				"level": 40,
				"fpType": 2,
				"fp": 0
			},
			"50": {
				"sort": 118,
				"id": 13,
				"level": 50,
				"fpType": 2,
				"fp": 0
			},
			"60": {
				"sort": 139,
				"id": 13,
				"level": 60,
				"fpType": 2,
				"fp": 0
			},
			"70": {
				"sort": 160,
				"id": 13,
				"level": 70,
				"fpType": 2,
				"fp": 0
			},
			"80": {
				"sort": 181,
				"id": 13,
				"level": 80,
				"fpType": 2,
				"fp": 0
			},
			"90": {
				"sort": 202,
				"id": 13,
				"level": 90,
				"fpType": 2,
				"fp": 0
			},
			"100": {
				"sort": 223,
				"id": 13,
				"level": 100,
				"fpType": 2,
				"fp": 0
			},
			"110": {
				"sort": 244,
				"id": 13,
				"level": 110,
				"fpType": 2,
				"fp": 0
			},
			"120": {
				"sort": 265,
				"id": 13,
				"level": 120,
				"fpType": 2,
				"fp": 0
			},
			"130": {
				"sort": 286,
				"id": 13,
				"level": 130,
				"fpType": 2,
				"fp": 0
			},
			"140": {
				"sort": 307,
				"id": 13,
				"level": 140,
				"fpType": 2,
				"fp": 0
			},
			"150": {
				"sort": 328,
				"id": 13,
				"level": 150,
				"fpType": 2,
				"fp": 0
			},
			"160": {
				"sort": 349,
				"id": 13,
				"level": 160,
				"fpType": 2,
				"fp": 0
			},
			"170": {
				"sort": 370,
				"id": 13,
				"level": 170,
				"fpType": 2,
				"fp": 0
			},
			"180": {
				"sort": 391,
				"id": 13,
				"level": 180,
				"fpType": 2,
				"fp": 0
			},
			"190": {
				"sort": 412,
				"id": 13,
				"level": 190,
				"fpType": 2,
				"fp": 0
			},
			"200": {
				"sort": 433,
				"id": 13,
				"level": 200,
				"fpType": 2,
				"fp": 0
			},
			"210": {
				"sort": 454,
				"id": 13,
				"level": 210,
				"fpType": 2,
				"fp": 0
			},
			"220": {
				"sort": 475,
				"id": 13,
				"level": 220,
				"fpType": 2,
				"fp": 0
			},
			"230": {
				"sort": 496,
				"id": 13,
				"level": 230,
				"fpType": 2,
				"fp": 0
			},
			"240": {
				"sort": 517,
				"id": 13,
				"level": 240,
				"fpType": 2,
				"fp": 0
			},
			"250": {
				"sort": 538,
				"id": 13,
				"level": 250,
				"fpType": 2,
				"fp": 0
			},
			"260": {
				"sort": 559,
				"id": 13,
				"level": 260,
				"fpType": 2,
				"fp": 0
			},
			"270": {
				"sort": 580,
				"id": 13,
				"level": 270,
				"fpType": 2,
				"fp": 0
			},
			"280": {
				"sort": 601,
				"id": 13,
				"level": 280,
				"fpType": 2,
				"fp": 0
			},
			"290": {
				"sort": 622,
				"id": 13,
				"level": 290,
				"fpType": 2,
				"fp": 0
			},
			"300": {
				"sort": 643,
				"id": 13,
				"level": 300,
				"fpType": 2,
				"fp": 0
			}
		}
	},
	"14": {
		"id": 14,
		"effectType": 1,
		"name": {"l10n":"5asjci"},//神佑
		"type": 6,
		"value1": 901001,
		"value2": 0,
		"desc": {"l10n":"-174bnl"},//死亡时有20%概率复活，并恢复10%血量。（限：10秒内只能触发1次）
		"more": {
			"1": {
				"sort": 14,
				"id": 14,
				"level": 1,
				"fpType": 1,
				"fp": 100
			},
			"10": {
				"sort": 35,
				"id": 14,
				"level": 10,
				"fpType": 1,
				"fp": 100
			},
			"20": {
				"sort": 56,
				"id": 14,
				"level": 20,
				"fpType": 1,
				"fp": 100
			},
			"30": {
				"sort": 77,
				"id": 14,
				"level": 30,
				"fpType": 1,
				"fp": 100
			},
			"40": {
				"sort": 98,
				"id": 14,
				"level": 40,
				"fpType": 1,
				"fp": 100
			},
			"50": {
				"sort": 119,
				"id": 14,
				"level": 50,
				"fpType": 1,
				"fp": 100
			},
			"60": {
				"sort": 140,
				"id": 14,
				"level": 60,
				"fpType": 1,
				"fp": 100
			},
			"70": {
				"sort": 161,
				"id": 14,
				"level": 70,
				"fpType": 1,
				"fp": 100
			},
			"80": {
				"sort": 182,
				"id": 14,
				"level": 80,
				"fpType": 1,
				"fp": 100
			},
			"90": {
				"sort": 203,
				"id": 14,
				"level": 90,
				"fpType": 1,
				"fp": 100
			},
			"100": {
				"sort": 224,
				"id": 14,
				"level": 100,
				"fpType": 1,
				"fp": 100
			},
			"110": {
				"sort": 245,
				"id": 14,
				"level": 110,
				"fpType": 1,
				"fp": 100
			},
			"120": {
				"sort": 266,
				"id": 14,
				"level": 120,
				"fpType": 1,
				"fp": 100
			},
			"130": {
				"sort": 287,
				"id": 14,
				"level": 130,
				"fpType": 1,
				"fp": 100
			},
			"140": {
				"sort": 308,
				"id": 14,
				"level": 140,
				"fpType": 1,
				"fp": 100
			},
			"150": {
				"sort": 329,
				"id": 14,
				"level": 150,
				"fpType": 1,
				"fp": 100
			},
			"160": {
				"sort": 350,
				"id": 14,
				"level": 160,
				"fpType": 1,
				"fp": 100
			},
			"170": {
				"sort": 371,
				"id": 14,
				"level": 170,
				"fpType": 1,
				"fp": 100
			},
			"180": {
				"sort": 392,
				"id": 14,
				"level": 180,
				"fpType": 1,
				"fp": 100
			},
			"190": {
				"sort": 413,
				"id": 14,
				"level": 190,
				"fpType": 1,
				"fp": 100
			},
			"200": {
				"sort": 434,
				"id": 14,
				"level": 200,
				"fpType": 1,
				"fp": 100
			},
			"210": {
				"sort": 455,
				"id": 14,
				"level": 210,
				"fpType": 1,
				"fp": 100
			},
			"220": {
				"sort": 476,
				"id": 14,
				"level": 220,
				"fpType": 1,
				"fp": 100
			},
			"230": {
				"sort": 497,
				"id": 14,
				"level": 230,
				"fpType": 1,
				"fp": 100
			},
			"240": {
				"sort": 518,
				"id": 14,
				"level": 240,
				"fpType": 1,
				"fp": 100
			},
			"250": {
				"sort": 539,
				"id": 14,
				"level": 250,
				"fpType": 1,
				"fp": 100
			},
			"260": {
				"sort": 560,
				"id": 14,
				"level": 260,
				"fpType": 1,
				"fp": 100
			},
			"270": {
				"sort": 581,
				"id": 14,
				"level": 270,
				"fpType": 1,
				"fp": 100
			},
			"280": {
				"sort": 602,
				"id": 14,
				"level": 280,
				"fpType": 1,
				"fp": 100
			},
			"290": {
				"sort": 623,
				"id": 14,
				"level": 290,
				"fpType": 1,
				"fp": 100
			},
			"300": {
				"sort": 644,
				"id": 14,
				"level": 300,
				"fpType": 1,
				"fp": 100
			}
		}
	},
	"15": {
		"id": 15,
		"effectType": 1,
		"name": {"l10n":"-3h3pd"},//审判
		"type": 6,
		"value1": 902001,
		"value2": 0,
		"desc": {"l10n":"z1ts7m"},//攻击带有神佑效果单位增加5%伤害，并且禁止对方触发神佑。
		"more": {
			"1": {
				"sort": 15,
				"id": 15,
				"level": 1,
				"fpType": 1,
				"fp": 100
			},
			"10": {
				"sort": 36,
				"id": 15,
				"level": 10,
				"fpType": 1,
				"fp": 100
			},
			"20": {
				"sort": 57,
				"id": 15,
				"level": 20,
				"fpType": 1,
				"fp": 100
			},
			"30": {
				"sort": 78,
				"id": 15,
				"level": 30,
				"fpType": 1,
				"fp": 100
			},
			"40": {
				"sort": 99,
				"id": 15,
				"level": 40,
				"fpType": 1,
				"fp": 100
			},
			"50": {
				"sort": 120,
				"id": 15,
				"level": 50,
				"fpType": 1,
				"fp": 100
			},
			"60": {
				"sort": 141,
				"id": 15,
				"level": 60,
				"fpType": 1,
				"fp": 100
			},
			"70": {
				"sort": 162,
				"id": 15,
				"level": 70,
				"fpType": 1,
				"fp": 100
			},
			"80": {
				"sort": 183,
				"id": 15,
				"level": 80,
				"fpType": 1,
				"fp": 100
			},
			"90": {
				"sort": 204,
				"id": 15,
				"level": 90,
				"fpType": 1,
				"fp": 100
			},
			"100": {
				"sort": 225,
				"id": 15,
				"level": 100,
				"fpType": 1,
				"fp": 100
			},
			"110": {
				"sort": 246,
				"id": 15,
				"level": 110,
				"fpType": 1,
				"fp": 100
			},
			"120": {
				"sort": 267,
				"id": 15,
				"level": 120,
				"fpType": 1,
				"fp": 100
			},
			"130": {
				"sort": 288,
				"id": 15,
				"level": 130,
				"fpType": 1,
				"fp": 100
			},
			"140": {
				"sort": 309,
				"id": 15,
				"level": 140,
				"fpType": 1,
				"fp": 100
			},
			"150": {
				"sort": 330,
				"id": 15,
				"level": 150,
				"fpType": 1,
				"fp": 100
			},
			"160": {
				"sort": 351,
				"id": 15,
				"level": 160,
				"fpType": 1,
				"fp": 100
			},
			"170": {
				"sort": 372,
				"id": 15,
				"level": 170,
				"fpType": 1,
				"fp": 100
			},
			"180": {
				"sort": 393,
				"id": 15,
				"level": 180,
				"fpType": 1,
				"fp": 100
			},
			"190": {
				"sort": 414,
				"id": 15,
				"level": 190,
				"fpType": 1,
				"fp": 100
			},
			"200": {
				"sort": 435,
				"id": 15,
				"level": 200,
				"fpType": 1,
				"fp": 100
			},
			"210": {
				"sort": 456,
				"id": 15,
				"level": 210,
				"fpType": 1,
				"fp": 100
			},
			"220": {
				"sort": 477,
				"id": 15,
				"level": 220,
				"fpType": 1,
				"fp": 100
			},
			"230": {
				"sort": 498,
				"id": 15,
				"level": 230,
				"fpType": 1,
				"fp": 100
			},
			"240": {
				"sort": 519,
				"id": 15,
				"level": 240,
				"fpType": 1,
				"fp": 100
			},
			"250": {
				"sort": 540,
				"id": 15,
				"level": 250,
				"fpType": 1,
				"fp": 100
			},
			"260": {
				"sort": 561,
				"id": 15,
				"level": 260,
				"fpType": 1,
				"fp": 100
			},
			"270": {
				"sort": 582,
				"id": 15,
				"level": 270,
				"fpType": 1,
				"fp": 100
			},
			"280": {
				"sort": 603,
				"id": 15,
				"level": 280,
				"fpType": 1,
				"fp": 100
			},
			"290": {
				"sort": 624,
				"id": 15,
				"level": 290,
				"fpType": 1,
				"fp": 100
			},
			"300": {
				"sort": 645,
				"id": 15,
				"level": 300,
				"fpType": 1,
				"fp": 100
			}
		}
	},
	"16": {
		"id": 16,
		"effectType": 1,
		"name": {"l10n":"-b1oh0d"},//免疫
		"type": 6,
		"value1": 903001,
		"value2": 0,
		"desc": {"l10n":"-ofo5f6"},//释放主动妖术时获得3秒免疫控制状态
		"more": {
			"1": {
				"sort": 16,
				"id": 16,
				"level": 1,
				"fpType": 1,
				"fp": 100
			},
			"10": {
				"sort": 37,
				"id": 16,
				"level": 10,
				"fpType": 1,
				"fp": 100
			},
			"20": {
				"sort": 58,
				"id": 16,
				"level": 20,
				"fpType": 1,
				"fp": 100
			},
			"30": {
				"sort": 79,
				"id": 16,
				"level": 30,
				"fpType": 1,
				"fp": 100
			},
			"40": {
				"sort": 100,
				"id": 16,
				"level": 40,
				"fpType": 1,
				"fp": 100
			},
			"50": {
				"sort": 121,
				"id": 16,
				"level": 50,
				"fpType": 1,
				"fp": 100
			},
			"60": {
				"sort": 142,
				"id": 16,
				"level": 60,
				"fpType": 1,
				"fp": 100
			},
			"70": {
				"sort": 163,
				"id": 16,
				"level": 70,
				"fpType": 1,
				"fp": 100
			},
			"80": {
				"sort": 184,
				"id": 16,
				"level": 80,
				"fpType": 1,
				"fp": 100
			},
			"90": {
				"sort": 205,
				"id": 16,
				"level": 90,
				"fpType": 1,
				"fp": 100
			},
			"100": {
				"sort": 226,
				"id": 16,
				"level": 100,
				"fpType": 1,
				"fp": 100
			},
			"110": {
				"sort": 247,
				"id": 16,
				"level": 110,
				"fpType": 1,
				"fp": 100
			},
			"120": {
				"sort": 268,
				"id": 16,
				"level": 120,
				"fpType": 1,
				"fp": 100
			},
			"130": {
				"sort": 289,
				"id": 16,
				"level": 130,
				"fpType": 1,
				"fp": 100
			},
			"140": {
				"sort": 310,
				"id": 16,
				"level": 140,
				"fpType": 1,
				"fp": 100
			},
			"150": {
				"sort": 331,
				"id": 16,
				"level": 150,
				"fpType": 1,
				"fp": 100
			},
			"160": {
				"sort": 352,
				"id": 16,
				"level": 160,
				"fpType": 1,
				"fp": 100
			},
			"170": {
				"sort": 373,
				"id": 16,
				"level": 170,
				"fpType": 1,
				"fp": 100
			},
			"180": {
				"sort": 394,
				"id": 16,
				"level": 180,
				"fpType": 1,
				"fp": 100
			},
			"190": {
				"sort": 415,
				"id": 16,
				"level": 190,
				"fpType": 1,
				"fp": 100
			},
			"200": {
				"sort": 436,
				"id": 16,
				"level": 200,
				"fpType": 1,
				"fp": 100
			},
			"210": {
				"sort": 457,
				"id": 16,
				"level": 210,
				"fpType": 1,
				"fp": 100
			},
			"220": {
				"sort": 478,
				"id": 16,
				"level": 220,
				"fpType": 1,
				"fp": 100
			},
			"230": {
				"sort": 499,
				"id": 16,
				"level": 230,
				"fpType": 1,
				"fp": 100
			},
			"240": {
				"sort": 520,
				"id": 16,
				"level": 240,
				"fpType": 1,
				"fp": 100
			},
			"250": {
				"sort": 541,
				"id": 16,
				"level": 250,
				"fpType": 1,
				"fp": 100
			},
			"260": {
				"sort": 562,
				"id": 16,
				"level": 260,
				"fpType": 1,
				"fp": 100
			},
			"270": {
				"sort": 583,
				"id": 16,
				"level": 270,
				"fpType": 1,
				"fp": 100
			},
			"280": {
				"sort": 604,
				"id": 16,
				"level": 280,
				"fpType": 1,
				"fp": 100
			},
			"290": {
				"sort": 625,
				"id": 16,
				"level": 290,
				"fpType": 1,
				"fp": 100
			},
			"300": {
				"sort": 646,
				"id": 16,
				"level": 300,
				"fpType": 1,
				"fp": 100
			}
		}
	},
	"17": {
		"id": 17,
		"effectType": 1,
		"name": {"l10n":"-yzngu"},//连击
		"type": 6,
		"value1": 904001,
		"value2": 0,
		"desc": {"l10n":"-3tta8t"},//攻击时有5%概率触发连击，攻击2次。（限：20秒内只能触发一次）
		"more": {
			"1": {
				"sort": 17,
				"id": 17,
				"level": 1,
				"fpType": 1,
				"fp": 100
			},
			"10": {
				"sort": 38,
				"id": 17,
				"level": 10,
				"fpType": 1,
				"fp": 100
			},
			"20": {
				"sort": 59,
				"id": 17,
				"level": 20,
				"fpType": 1,
				"fp": 100
			},
			"30": {
				"sort": 80,
				"id": 17,
				"level": 30,
				"fpType": 1,
				"fp": 100
			},
			"40": {
				"sort": 101,
				"id": 17,
				"level": 40,
				"fpType": 1,
				"fp": 100
			},
			"50": {
				"sort": 122,
				"id": 17,
				"level": 50,
				"fpType": 1,
				"fp": 100
			},
			"60": {
				"sort": 143,
				"id": 17,
				"level": 60,
				"fpType": 1,
				"fp": 100
			},
			"70": {
				"sort": 164,
				"id": 17,
				"level": 70,
				"fpType": 1,
				"fp": 100
			},
			"80": {
				"sort": 185,
				"id": 17,
				"level": 80,
				"fpType": 1,
				"fp": 100
			},
			"90": {
				"sort": 206,
				"id": 17,
				"level": 90,
				"fpType": 1,
				"fp": 100
			},
			"100": {
				"sort": 227,
				"id": 17,
				"level": 100,
				"fpType": 1,
				"fp": 100
			},
			"110": {
				"sort": 248,
				"id": 17,
				"level": 110,
				"fpType": 1,
				"fp": 100
			},
			"120": {
				"sort": 269,
				"id": 17,
				"level": 120,
				"fpType": 1,
				"fp": 100
			},
			"130": {
				"sort": 290,
				"id": 17,
				"level": 130,
				"fpType": 1,
				"fp": 100
			},
			"140": {
				"sort": 311,
				"id": 17,
				"level": 140,
				"fpType": 1,
				"fp": 100
			},
			"150": {
				"sort": 332,
				"id": 17,
				"level": 150,
				"fpType": 1,
				"fp": 100
			},
			"160": {
				"sort": 353,
				"id": 17,
				"level": 160,
				"fpType": 1,
				"fp": 100
			},
			"170": {
				"sort": 374,
				"id": 17,
				"level": 170,
				"fpType": 1,
				"fp": 100
			},
			"180": {
				"sort": 395,
				"id": 17,
				"level": 180,
				"fpType": 1,
				"fp": 100
			},
			"190": {
				"sort": 416,
				"id": 17,
				"level": 190,
				"fpType": 1,
				"fp": 100
			},
			"200": {
				"sort": 437,
				"id": 17,
				"level": 200,
				"fpType": 1,
				"fp": 100
			},
			"210": {
				"sort": 458,
				"id": 17,
				"level": 210,
				"fpType": 1,
				"fp": 100
			},
			"220": {
				"sort": 479,
				"id": 17,
				"level": 220,
				"fpType": 1,
				"fp": 100
			},
			"230": {
				"sort": 500,
				"id": 17,
				"level": 230,
				"fpType": 1,
				"fp": 100
			},
			"240": {
				"sort": 521,
				"id": 17,
				"level": 240,
				"fpType": 1,
				"fp": 100
			},
			"250": {
				"sort": 542,
				"id": 17,
				"level": 250,
				"fpType": 1,
				"fp": 100
			},
			"260": {
				"sort": 563,
				"id": 17,
				"level": 260,
				"fpType": 1,
				"fp": 100
			},
			"270": {
				"sort": 584,
				"id": 17,
				"level": 270,
				"fpType": 1,
				"fp": 100
			},
			"280": {
				"sort": 605,
				"id": 17,
				"level": 280,
				"fpType": 1,
				"fp": 100
			},
			"290": {
				"sort": 626,
				"id": 17,
				"level": 290,
				"fpType": 1,
				"fp": 100
			},
			"300": {
				"sort": 647,
				"id": 17,
				"level": 300,
				"fpType": 1,
				"fp": 100
			}
		}
	},
	"18": {
		"id": 18,
		"effectType": 1,
		"name": {"l10n":"-b0a1gh"},//禁疗
		"type": 6,
		"value1": 905001,
		"value2": 0,
		"desc": {"l10n":"719v43"},//攻击时有5%的概率让对方5秒内无法获得治疗效果（限：20秒内只能触发一次）
		"more": {
			"1": {
				"sort": 18,
				"id": 18,
				"level": 1,
				"fpType": 1,
				"fp": 100
			},
			"10": {
				"sort": 39,
				"id": 18,
				"level": 10,
				"fpType": 1,
				"fp": 100
			},
			"20": {
				"sort": 60,
				"id": 18,
				"level": 20,
				"fpType": 1,
				"fp": 100
			},
			"30": {
				"sort": 81,
				"id": 18,
				"level": 30,
				"fpType": 1,
				"fp": 100
			},
			"40": {
				"sort": 102,
				"id": 18,
				"level": 40,
				"fpType": 1,
				"fp": 100
			},
			"50": {
				"sort": 123,
				"id": 18,
				"level": 50,
				"fpType": 1,
				"fp": 100
			},
			"60": {
				"sort": 144,
				"id": 18,
				"level": 60,
				"fpType": 1,
				"fp": 100
			},
			"70": {
				"sort": 165,
				"id": 18,
				"level": 70,
				"fpType": 1,
				"fp": 100
			},
			"80": {
				"sort": 186,
				"id": 18,
				"level": 80,
				"fpType": 1,
				"fp": 100
			},
			"90": {
				"sort": 207,
				"id": 18,
				"level": 90,
				"fpType": 1,
				"fp": 100
			},
			"100": {
				"sort": 228,
				"id": 18,
				"level": 100,
				"fpType": 1,
				"fp": 100
			},
			"110": {
				"sort": 249,
				"id": 18,
				"level": 110,
				"fpType": 1,
				"fp": 100
			},
			"120": {
				"sort": 270,
				"id": 18,
				"level": 120,
				"fpType": 1,
				"fp": 100
			},
			"130": {
				"sort": 291,
				"id": 18,
				"level": 130,
				"fpType": 1,
				"fp": 100
			},
			"140": {
				"sort": 312,
				"id": 18,
				"level": 140,
				"fpType": 1,
				"fp": 100
			},
			"150": {
				"sort": 333,
				"id": 18,
				"level": 150,
				"fpType": 1,
				"fp": 100
			},
			"160": {
				"sort": 354,
				"id": 18,
				"level": 160,
				"fpType": 1,
				"fp": 100
			},
			"170": {
				"sort": 375,
				"id": 18,
				"level": 170,
				"fpType": 1,
				"fp": 100
			},
			"180": {
				"sort": 396,
				"id": 18,
				"level": 180,
				"fpType": 1,
				"fp": 100
			},
			"190": {
				"sort": 417,
				"id": 18,
				"level": 190,
				"fpType": 1,
				"fp": 100
			},
			"200": {
				"sort": 438,
				"id": 18,
				"level": 200,
				"fpType": 1,
				"fp": 100
			},
			"210": {
				"sort": 459,
				"id": 18,
				"level": 210,
				"fpType": 1,
				"fp": 100
			},
			"220": {
				"sort": 480,
				"id": 18,
				"level": 220,
				"fpType": 1,
				"fp": 100
			},
			"230": {
				"sort": 501,
				"id": 18,
				"level": 230,
				"fpType": 1,
				"fp": 100
			},
			"240": {
				"sort": 522,
				"id": 18,
				"level": 240,
				"fpType": 1,
				"fp": 100
			},
			"250": {
				"sort": 543,
				"id": 18,
				"level": 250,
				"fpType": 1,
				"fp": 100
			},
			"260": {
				"sort": 564,
				"id": 18,
				"level": 260,
				"fpType": 1,
				"fp": 100
			},
			"270": {
				"sort": 585,
				"id": 18,
				"level": 270,
				"fpType": 1,
				"fp": 100
			},
			"280": {
				"sort": 606,
				"id": 18,
				"level": 280,
				"fpType": 1,
				"fp": 100
			},
			"290": {
				"sort": 627,
				"id": 18,
				"level": 290,
				"fpType": 1,
				"fp": 100
			},
			"300": {
				"sort": 648,
				"id": 18,
				"level": 300,
				"fpType": 1,
				"fp": 100
			}
		}
	},
	"19": {
		"id": 19,
		"effectType": 1,
		"name": {"l10n":"irljxj"},//沉默
		"type": 6,
		"value1": 906001,
		"value2": 0,
		"desc": {"l10n":"v24s2n"},//攻击时有5%的概率让对方5秒内无法释放技能（限：20秒内只能触发一次）
		"more": {
			"1": {
				"sort": 19,
				"id": 19,
				"level": 1,
				"fpType": 1,
				"fp": 100
			},
			"10": {
				"sort": 40,
				"id": 19,
				"level": 10,
				"fpType": 1,
				"fp": 100
			},
			"20": {
				"sort": 61,
				"id": 19,
				"level": 20,
				"fpType": 1,
				"fp": 100
			},
			"30": {
				"sort": 82,
				"id": 19,
				"level": 30,
				"fpType": 1,
				"fp": 100
			},
			"40": {
				"sort": 103,
				"id": 19,
				"level": 40,
				"fpType": 1,
				"fp": 100
			},
			"50": {
				"sort": 124,
				"id": 19,
				"level": 50,
				"fpType": 1,
				"fp": 100
			},
			"60": {
				"sort": 145,
				"id": 19,
				"level": 60,
				"fpType": 1,
				"fp": 100
			},
			"70": {
				"sort": 166,
				"id": 19,
				"level": 70,
				"fpType": 1,
				"fp": 100
			},
			"80": {
				"sort": 187,
				"id": 19,
				"level": 80,
				"fpType": 1,
				"fp": 100
			},
			"90": {
				"sort": 208,
				"id": 19,
				"level": 90,
				"fpType": 1,
				"fp": 100
			},
			"100": {
				"sort": 229,
				"id": 19,
				"level": 100,
				"fpType": 1,
				"fp": 100
			},
			"110": {
				"sort": 250,
				"id": 19,
				"level": 110,
				"fpType": 1,
				"fp": 100
			},
			"120": {
				"sort": 271,
				"id": 19,
				"level": 120,
				"fpType": 1,
				"fp": 100
			},
			"130": {
				"sort": 292,
				"id": 19,
				"level": 130,
				"fpType": 1,
				"fp": 100
			},
			"140": {
				"sort": 313,
				"id": 19,
				"level": 140,
				"fpType": 1,
				"fp": 100
			},
			"150": {
				"sort": 334,
				"id": 19,
				"level": 150,
				"fpType": 1,
				"fp": 100
			},
			"160": {
				"sort": 355,
				"id": 19,
				"level": 160,
				"fpType": 1,
				"fp": 100
			},
			"170": {
				"sort": 376,
				"id": 19,
				"level": 170,
				"fpType": 1,
				"fp": 100
			},
			"180": {
				"sort": 397,
				"id": 19,
				"level": 180,
				"fpType": 1,
				"fp": 100
			},
			"190": {
				"sort": 418,
				"id": 19,
				"level": 190,
				"fpType": 1,
				"fp": 100
			},
			"200": {
				"sort": 439,
				"id": 19,
				"level": 200,
				"fpType": 1,
				"fp": 100
			},
			"210": {
				"sort": 460,
				"id": 19,
				"level": 210,
				"fpType": 1,
				"fp": 100
			},
			"220": {
				"sort": 481,
				"id": 19,
				"level": 220,
				"fpType": 1,
				"fp": 100
			},
			"230": {
				"sort": 502,
				"id": 19,
				"level": 230,
				"fpType": 1,
				"fp": 100
			},
			"240": {
				"sort": 523,
				"id": 19,
				"level": 240,
				"fpType": 1,
				"fp": 100
			},
			"250": {
				"sort": 544,
				"id": 19,
				"level": 250,
				"fpType": 1,
				"fp": 100
			},
			"260": {
				"sort": 565,
				"id": 19,
				"level": 260,
				"fpType": 1,
				"fp": 100
			},
			"270": {
				"sort": 586,
				"id": 19,
				"level": 270,
				"fpType": 1,
				"fp": 100
			},
			"280": {
				"sort": 607,
				"id": 19,
				"level": 280,
				"fpType": 1,
				"fp": 100
			},
			"290": {
				"sort": 628,
				"id": 19,
				"level": 290,
				"fpType": 1,
				"fp": 100
			},
			"300": {
				"sort": 649,
				"id": 19,
				"level": 300,
				"fpType": 1,
				"fp": 100
			}
		}
	},
	"20": {
		"id": 20,
		"effectType": 3,
		"name": {"l10n":"5gkjir"},//命中
		"type": 1,
		"value1": 5,
		"value2": 100,
		"desc": {"l10n":"-7ut39d"},//增加1%命中率
		"more": {
			"1": {
				"sort": 20,
				"id": 20,
				"level": 1,
				"fpType": 1,
				"fp": 50
			},
			"10": {
				"sort": 41,
				"id": 20,
				"level": 10,
				"fpType": 1,
				"fp": 50
			},
			"20": {
				"sort": 62,
				"id": 20,
				"level": 20,
				"fpType": 1,
				"fp": 50
			},
			"30": {
				"sort": 83,
				"id": 20,
				"level": 30,
				"fpType": 1,
				"fp": 50
			},
			"40": {
				"sort": 104,
				"id": 20,
				"level": 40,
				"fpType": 1,
				"fp": 50
			},
			"50": {
				"sort": 125,
				"id": 20,
				"level": 50,
				"fpType": 1,
				"fp": 50
			},
			"60": {
				"sort": 146,
				"id": 20,
				"level": 60,
				"fpType": 1,
				"fp": 50
			},
			"70": {
				"sort": 167,
				"id": 20,
				"level": 70,
				"fpType": 1,
				"fp": 50
			},
			"80": {
				"sort": 188,
				"id": 20,
				"level": 80,
				"fpType": 1,
				"fp": 50
			},
			"90": {
				"sort": 209,
				"id": 20,
				"level": 90,
				"fpType": 1,
				"fp": 50
			},
			"100": {
				"sort": 230,
				"id": 20,
				"level": 100,
				"fpType": 1,
				"fp": 50
			},
			"110": {
				"sort": 251,
				"id": 20,
				"level": 110,
				"fpType": 1,
				"fp": 50
			},
			"120": {
				"sort": 272,
				"id": 20,
				"level": 120,
				"fpType": 1,
				"fp": 50
			},
			"130": {
				"sort": 293,
				"id": 20,
				"level": 130,
				"fpType": 1,
				"fp": 50
			},
			"140": {
				"sort": 314,
				"id": 20,
				"level": 140,
				"fpType": 1,
				"fp": 50
			},
			"150": {
				"sort": 335,
				"id": 20,
				"level": 150,
				"fpType": 1,
				"fp": 50
			},
			"160": {
				"sort": 356,
				"id": 20,
				"level": 160,
				"fpType": 1,
				"fp": 50
			},
			"170": {
				"sort": 377,
				"id": 20,
				"level": 170,
				"fpType": 1,
				"fp": 50
			},
			"180": {
				"sort": 398,
				"id": 20,
				"level": 180,
				"fpType": 1,
				"fp": 50
			},
			"190": {
				"sort": 419,
				"id": 20,
				"level": 190,
				"fpType": 1,
				"fp": 50
			},
			"200": {
				"sort": 440,
				"id": 20,
				"level": 200,
				"fpType": 1,
				"fp": 50
			},
			"210": {
				"sort": 461,
				"id": 20,
				"level": 210,
				"fpType": 1,
				"fp": 50
			},
			"220": {
				"sort": 482,
				"id": 20,
				"level": 220,
				"fpType": 1,
				"fp": 50
			},
			"230": {
				"sort": 503,
				"id": 20,
				"level": 230,
				"fpType": 1,
				"fp": 50
			},
			"240": {
				"sort": 524,
				"id": 20,
				"level": 240,
				"fpType": 1,
				"fp": 50
			},
			"250": {
				"sort": 545,
				"id": 20,
				"level": 250,
				"fpType": 1,
				"fp": 50
			},
			"260": {
				"sort": 566,
				"id": 20,
				"level": 260,
				"fpType": 1,
				"fp": 50
			},
			"270": {
				"sort": 587,
				"id": 20,
				"level": 270,
				"fpType": 1,
				"fp": 50
			},
			"280": {
				"sort": 608,
				"id": 20,
				"level": 280,
				"fpType": 1,
				"fp": 50
			},
			"290": {
				"sort": 629,
				"id": 20,
				"level": 290,
				"fpType": 1,
				"fp": 50
			},
			"300": {
				"sort": 650,
				"id": 20,
				"level": 300,
				"fpType": 1,
				"fp": 50
			}
		}
	},
	"21": {
		"id": 21,
		"effectType": 1,
		"name": {"l10n":"h89ofd"},//彩色变异
		"type": 4,
		"value1": 5000,
		"value2": 0,
		"desc": {"l10n":"nc4s3g"},//装备属性增加50%
		"more": {
			"1": {
				"sort": 21,
				"id": 21,
				"level": 1,
				"fpType": 2,
				"fp": 0
			},
			"10": {
				"sort": 42,
				"id": 21,
				"level": 10,
				"fpType": 2,
				"fp": 0
			},
			"20": {
				"sort": 63,
				"id": 21,
				"level": 20,
				"fpType": 2,
				"fp": 0
			},
			"30": {
				"sort": 84,
				"id": 21,
				"level": 30,
				"fpType": 2,
				"fp": 0
			},
			"40": {
				"sort": 105,
				"id": 21,
				"level": 40,
				"fpType": 2,
				"fp": 0
			},
			"50": {
				"sort": 126,
				"id": 21,
				"level": 50,
				"fpType": 2,
				"fp": 0
			},
			"60": {
				"sort": 147,
				"id": 21,
				"level": 60,
				"fpType": 2,
				"fp": 0
			},
			"70": {
				"sort": 168,
				"id": 21,
				"level": 70,
				"fpType": 2,
				"fp": 0
			},
			"80": {
				"sort": 189,
				"id": 21,
				"level": 80,
				"fpType": 2,
				"fp": 0
			},
			"90": {
				"sort": 210,
				"id": 21,
				"level": 90,
				"fpType": 2,
				"fp": 0
			},
			"100": {
				"sort": 231,
				"id": 21,
				"level": 100,
				"fpType": 2,
				"fp": 0
			},
			"110": {
				"sort": 252,
				"id": 21,
				"level": 110,
				"fpType": 2,
				"fp": 0
			},
			"120": {
				"sort": 273,
				"id": 21,
				"level": 120,
				"fpType": 2,
				"fp": 0
			},
			"130": {
				"sort": 294,
				"id": 21,
				"level": 130,
				"fpType": 2,
				"fp": 0
			},
			"140": {
				"sort": 315,
				"id": 21,
				"level": 140,
				"fpType": 2,
				"fp": 0
			},
			"150": {
				"sort": 336,
				"id": 21,
				"level": 150,
				"fpType": 2,
				"fp": 0
			},
			"160": {
				"sort": 357,
				"id": 21,
				"level": 160,
				"fpType": 2,
				"fp": 0
			},
			"170": {
				"sort": 378,
				"id": 21,
				"level": 170,
				"fpType": 2,
				"fp": 0
			},
			"180": {
				"sort": 399,
				"id": 21,
				"level": 180,
				"fpType": 2,
				"fp": 0
			},
			"190": {
				"sort": 420,
				"id": 21,
				"level": 190,
				"fpType": 2,
				"fp": 0
			},
			"200": {
				"sort": 441,
				"id": 21,
				"level": 200,
				"fpType": 2,
				"fp": 0
			},
			"210": {
				"sort": 462,
				"id": 21,
				"level": 210,
				"fpType": 2,
				"fp": 0
			},
			"220": {
				"sort": 483,
				"id": 21,
				"level": 220,
				"fpType": 2,
				"fp": 0
			},
			"230": {
				"sort": 504,
				"id": 21,
				"level": 230,
				"fpType": 2,
				"fp": 0
			},
			"240": {
				"sort": 525,
				"id": 21,
				"level": 240,
				"fpType": 2,
				"fp": 0
			},
			"250": {
				"sort": 546,
				"id": 21,
				"level": 250,
				"fpType": 2,
				"fp": 0
			},
			"260": {
				"sort": 567,
				"id": 21,
				"level": 260,
				"fpType": 2,
				"fp": 0
			},
			"270": {
				"sort": 588,
				"id": 21,
				"level": 270,
				"fpType": 2,
				"fp": 0
			},
			"280": {
				"sort": 609,
				"id": 21,
				"level": 280,
				"fpType": 2,
				"fp": 0
			},
			"290": {
				"sort": 630,
				"id": 21,
				"level": 290,
				"fpType": 2,
				"fp": 0
			},
			"300": {
				"sort": 651,
				"id": 21,
				"level": 300,
				"fpType": 2,
				"fp": 0
			}
		}
	}
}