{
	//时装.id 时装id，跟物品id一样
	//时装.fashionType 时装类型1代表衣服2代表发饰3代表发型4代表五官5代表脸饰
	//时装.quality 时装品质
	//时装.race 是否分种族(通用-1分种族1~3)
	//时装.gender 套装是否分性别（通用1分男女2）
	//时装.type 类型（隐藏0化形1时装2）
	//时装.name 名字
	//时装.desc 描述
	//时装.tagIcon 标签资源
	//时装.sort 排序字段
	//时装.durable 初始耐久值，也是重复获得的耐久值
	//时装.cost 每次生效消耗耐久度
	//时装.costType 每次生效的类型（1攻击扣除，2受击扣除，3都扣除）
	//时装.suit 套装id（代表套装子件）
	//时装.more 回复耐久消耗道具
	//时装.baseAttr 时装的固定属性
	//时装.wearAttr 时装穿戴效果（固定评分，填属性不会受到境界加成，需要额外加）
	//时装.fp 评分
	//时装.showValue 颜值
	//时装.showDesc 神装描述
	//more.id 时装id，跟物品id一样
	//more.reply 回复耐久道具，物品id
	//baseAttr.id 时装id，跟物品id一样
	//baseAttr.attrType 属性类型
	//baseAttr.value 值
	//wearAttr.id 时装id，跟物品id一样
	//wearAttr.attrType 属性类型
	//wearAttr.value 值
	//"salt": "6162841bd0521e4278bd8e080b588080"
	"350101": {
		// 种族
		"id": 350101,
		"fashionType": 3,
		"quality": 4,
		"race": -1,
		"gender": 2,
		"type": 1,
		"name": {"l10n":"-xpmonw"},//发型1
		"desc": {"l10n":"-xvztou"},//通用发型1
		"tagIcon": 0,
		"sort": 0,
		"durable": 0,
		"cost": 0,
		"costType": 0,
		"suit": 1003000,
		"more": [

		],
		"baseAttr": [

		],
		"wearAttr": [

		],
		"fp": 0,
		"showValue": 0
	},
	"350102": {
		// 1
		"id": 350102,
		"fashionType": 3,
		"quality": 4,
		"race": -1,
		"gender": 2,
		"type": 1,
		"name": {"l10n":"bf2r7j"},//发型2
		"desc": {"l10n":"-xvztor"},//通用发型2
		"tagIcon": 0,
		"sort": 0,
		"durable": 0,
		"cost": 0,
		"costType": 0,
		"suit": 2003000,
		"more": [

		],
		"baseAttr": [

		],
		"wearAttr": [

		],
		"fp": 0,
		"showValue": 0
	},
	"350103": {
		// 2
		"id": 350103,
		"fashionType": 3,
		"quality": 4,
		"race": -1,
		"gender": 2,
		"type": 1,
		"name": {"l10n":"-ehbuw6"},//发型3
		"desc": {"l10n":"-xvztos"},//通用发型3
		"tagIcon": 0,
		"sort": 0,
		"durable": 0,
		"cost": 0,
		"costType": 0,
		"suit": 3003000,
		"more": [

		],
		"baseAttr": [

		],
		"wearAttr": [

		],
		"fp": 0,
		"showValue": 0
	},
	"360101": {
		// 3
		"id": 360101,
		"fashionType": 4,
		"quality": 4,
		"race": -1,
		"gender": 2,
		"type": 1,
		"name": {"l10n":"-ud0r6n"},//五官1
		"desc": {"l10n":"uyxsoz"},//通用五官1
		"tagIcon": 0,
		"sort": 0,
		"durable": 0,
		"cost": 0,
		"costType": 0,
		"suit": 1003000,
		"more": [

		],
		"baseAttr": [

		],
		"wearAttr": [

		],
		"fp": 0,
		"showValue": 0
	},
	"360102": {
		// 10
		"id": 360102,
		"fashionType": 4,
		"quality": 4,
		"race": -1,
		"gender": 2,
		"type": 1,
		"name": {"l10n":"erooos"},//五官2
		"desc": {"l10n":"uyxsp2"},//通用五官2
		"tagIcon": 0,
		"sort": 0,
		"durable": 0,
		"cost": 0,
		"costType": 0,
		"suit": 2003000,
		"more": [

		],
		"baseAttr": [

		],
		"wearAttr": [

		],
		"fp": 0,
		"showValue": 0
	},
	"360103": {
		"id": 360103,
		"fashionType": 4,
		"quality": 4,
		"race": -1,
		"gender": 2,
		"type": 1,
		"name": {"l10n":"-b4pxex"},//五官3
		"desc": {"l10n":"uyxsp1"},//通用五官3
		"tagIcon": 0,
		"sort": 0,
		"durable": 0,
		"cost": 0,
		"costType": 0,
		"suit": 3003000,
		"more": [

		],
		"baseAttr": [

		],
		"wearAttr": [

		],
		"fp": 0,
		"showValue": 0
	},
	"370100": {
		"id": 370100,
		"fashionType": 5,
		"quality": 4,
		"race": -1,
		"gender": 1,
		"type": 1,
		"name": {"l10n":"bluvx6"},//无脸饰
		"desc": {"l10n":"nwiph4"},//默认
		"tagIcon": 0,
		"sort": 0,
		"durable": 0,
		"cost": 0,
		"costType": 0,
		"suit": 0,
		"more": [

		],
		"baseAttr": [

		],
		"wearAttr": [

		],
		"fp": 0,
		"showValue": 0
	},
	"370101": {
		"id": 370101,
		"fashionType": 5,
		"quality": 4,
		"race": -1,
		"gender": 1,
		"type": 0,
		"name": {"l10n":"-czticz"},//脸饰1
		"desc": {"l10n":"f58ppb"},//通用脸饰1
		"tagIcon": 0,
		"sort": 0,
		"durable": 0,
		"cost": 0,
		"costType": 0,
		"suit": 1003000,
		"more": [

		],
		"baseAttr": [

		],
		"wearAttr": [

		],
		"fp": 0,
		"showValue": 0
	},
	"370102": {
		"id": 370102,
		"fashionType": 5,
		"quality": 4,
		"race": -1,
		"gender": 1,
		"type": 0,
		"name": {"l10n":"w4vxig"},//脸饰2
		"desc": {"l10n":"f58ppe"},//通用脸饰2
		"tagIcon": 0,
		"sort": 0,
		"durable": 0,
		"cost": 0,
		"costType": 0,
		"suit": 2003000,
		"more": [

		],
		"baseAttr": [

		],
		"wearAttr": [

		],
		"fp": 0,
		"showValue": 0
	},
	"370103": {
		"id": 370103,
		"fashionType": 5,
		"quality": 4,
		"race": 3,
		"gender": 1,
		"type": 1,
		"name": {"l10n":"68hber"},//脸饰3
		"desc": {"l10n":"f58ppd"},//通用脸饰3
		"tagIcon": 0,
		"sort": 0,
		"durable": 0,
		"cost": 0,
		"costType": 0,
		"suit": 3003000,
		"more": [

		],
		"baseAttr": [

		],
		"wearAttr": [

		],
		"fp": 0,
		"showValue": 0
	},
	"321001": {
		"id": 321001,
		"fashionType": 1,
		"quality": 4,
		"race": -1,
		"gender": 2,
		"type": 2,
		"name": {"l10n":"-b6najt"},//阴阳道袍
		"desc": {"l10n":"-83jtdq"},//减伤增加25%\n每次受击降低1点耐久
		"tagIcon": 11,
		"sort": 1001,
		"durable": 3000,
		"cost": 1,
		"costType": 2,
		"suit": 9000001,
		"more": [
			{
				"id": 321001,
				"reply": 10804
			}
		],
		"baseAttr": [
			{
				"id": 321001,
				"attrType": 26,
				"value": 1
			}
		],
		"wearAttr": [
			{
				"id": 321001,
				"attrType": 13,
				"value": 2500
			}
		],
		"fp": 1000,
		"showValue": 1000,
		"showDesc": {"l10n":"-lo7dbi"}//防御神装
	},
	"322001": {
		"id": 322001,
		"fashionType": 1,
		"quality": 6,
		"race": -1,
		"gender": 2,
		"type": 2,
		"name": {"l10n":"-ca1ue9"},//圣婴战甲
		"desc": {"l10n":"-gn0ftv"},//减伤增加30%\n每次受击降低1点耐久
		"tagIcon": 11,
		"sort": 2001,
		"durable": 3000,
		"cost": 1,
		"costType": 2,
		"suit": 9000002,
		"more": [
			{
				"id": 322001,
				"reply": 10803
			}
		],
		"baseAttr": [
			{
				"id": 322001,
				"attrType": 26,
				"value": 2
			}
		],
		"wearAttr": [
			{
				"id": 322001,
				"attrType": 13,
				"value": 3000
			}
		],
		"fp": 2000,
		"showValue": 2000,
		"showDesc": {"l10n":"-lo7dbi"}//防御神装
	},
	"323001": {
		"id": 323001,
		"fashionType": 1,
		"quality": 8,
		"race": -1,
		"gender": 2,
		"type": 2,
		"name": {"l10n":"-rdveff"},//战神龙铠
		"desc": {"l10n":"-gmzps4"},//减伤增加40%\n每次受击降低1点耐久
		"tagIcon": 11,
		"sort": 3001,
		"durable": 3000,
		"cost": 1,
		"costType": 2,
		"suit": 9000003,
		"more": [
			{
				"id": 323001,
				"reply": 10802
			}
		],
		"baseAttr": [
			{
				"id": 323001,
				"attrType": 26,
				"value": 5
			}
		],
		"wearAttr": [
			{
				"id": 323001,
				"attrType": 13,
				"value": 4000
			}
		],
		"fp": 3000,
		"showValue": 3000,
		"showDesc": {"l10n":"-lo7dbi"}//防御神装
	},
	"324001": {
		"id": 324001,
		"fashionType": 1,
		"quality": 10,
		"race": -1,
		"gender": 2,
		"type": 2,
		"name": {"l10n":"l389od"},//烈阳金铠
		"desc": {"l10n":"-gmywv1"},//减伤增加50%\n每次受击降低1点耐久
		"tagIcon": 11,
		"sort": 4001,
		"durable": 3000,
		"cost": 1,
		"costType": 2,
		"suit": 9000004,
		"more": [
			{
				"id": 324001,
				"reply": 10801
			}
		],
		"baseAttr": [
			{
				"id": 324001,
				"attrType": 26,
				"value": 25
			}
		],
		"wearAttr": [
			{
				"id": 324001,
				"attrType": 13,
				"value": 5000
			}
		],
		"fp": 5000,
		"showValue": 5000,
		"showDesc": {"l10n":"-lo7dbi"}//防御神装
	},
	"341001": {
		"id": 341001,
		"fashionType": 2,
		"quality": 4,
		"race": -1,
		"gender": 2,
		"type": 2,
		"name": {"l10n":"-tu43j5"},//张天师发饰
		"desc": {"l10n":"-dxie9s"},//无
		"tagIcon": 0,
		"sort": 40001,
		"durable": 0,
		"cost": 0,
		"costType": 0,
		"suit": 9000001,
		"more": [

		],
		"baseAttr": [
			{
				"id": 341001,
				"attrType": 26,
				"value": 1
			}
		],
		"wearAttr": [

		],
		"fp": 0,
		"showValue": 100
	},
	"341002": {
		"id": 341002,
		"fashionType": 2,
		"quality": 6,
		"race": -1,
		"gender": 2,
		"type": 2,
		"name": {"l10n":"4f67ka"},//红孩儿发饰
		"desc": {"l10n":"-dxie9s"},//无
		"tagIcon": 0,
		"sort": 40002,
		"durable": 0,
		"cost": 0,
		"costType": 0,
		"suit": 9000002,
		"more": [

		],
		"baseAttr": [
			{
				"id": 341002,
				"attrType": 26,
				"value": 2
			}
		],
		"wearAttr": [

		],
		"fp": 0,
		"showValue": 200
	},
	"341003": {
		"id": 341003,
		"fashionType": 2,
		"quality": 8,
		"race": -1,
		"gender": 2,
		"type": 2,
		"name": {"l10n":"-apcpsz"},//杨戬发饰
		"desc": {"l10n":"-dxie9s"},//无
		"tagIcon": 0,
		"sort": 40003,
		"durable": 0,
		"cost": 0,
		"costType": 0,
		"suit": 9000003,
		"more": [

		],
		"baseAttr": [
			{
				"id": 341003,
				"attrType": 26,
				"value": 5
			}
		],
		"wearAttr": [

		],
		"fp": 0,
		"showValue": 300
	},
	"341004": {
		"id": 341004,
		"fashionType": 2,
		"quality": 10,
		"race": -1,
		"gender": 2,
		"type": 2,
		"name": {"l10n":"-efow5l"},//后羿发饰
		"desc": {"l10n":"-dxie9s"},//无
		"tagIcon": 0,
		"sort": 40004,
		"durable": 0,
		"cost": 0,
		"costType": 0,
		"suit": 9000004,
		"more": [

		],
		"baseAttr": [
			{
				"id": 341004,
				"attrType": 26,
				"value": 10
			}
		],
		"wearAttr": [

		],
		"fp": 0,
		"showValue": 500
	},
	"351001": {
		"id": 351001,
		"fashionType": 3,
		"quality": 4,
		"race": -1,
		"gender": 2,
		"type": 2,
		"name": {"l10n":"-tu4e12"},//张天师发型
		"desc": {"l10n":"-dxie9s"},//无
		"tagIcon": 0,
		"sort": 50001,
		"durable": 0,
		"cost": 0,
		"costType": 0,
		"suit": 9000001,
		"more": [

		],
		"baseAttr": [
			{
				"id": 351001,
				"attrType": 26,
				"value": 1
			}
		],
		"wearAttr": [

		],
		"fp": 0,
		"showValue": 100
	},
	"351002": {
		"id": 351002,
		"fashionType": 3,
		"quality": 6,
		"race": -1,
		"gender": 2,
		"type": 2,
		"name": {"l10n":"4f5wrl"},//红孩儿发型
		"desc": {"l10n":"-dxie9s"},//无
		"tagIcon": 0,
		"sort": 50002,
		"durable": 0,
		"cost": 0,
		"costType": 0,
		"suit": 9000002,
		"more": [

		],
		"baseAttr": [
			{
				"id": 351002,
				"attrType": 26,
				"value": 2
			}
		],
		"wearAttr": [

		],
		"fp": 0,
		"showValue": 200
	},
	"351003": {
		"id": 351003,
		"fashionType": 3,
		"quality": 8,
		"race": -1,
		"gender": 2,
		"type": 2,
		"name": {"l10n":"-wh478j"},//杨戬发型
		"desc": {"l10n":"-dxie9s"},//无
		"tagIcon": 0,
		"sort": 50003,
		"durable": 0,
		"cost": 0,
		"costType": 0,
		"suit": 9000003,
		"more": [

		],
		"baseAttr": [
			{
				"id": 351003,
				"attrType": 26,
				"value": 5
			}
		],
		"wearAttr": [

		],
		"fp": 0,
		"showValue": 300
	},
	"351004": {
		"id": 351004,
		"fashionType": 3,
		"quality": 10,
		"race": -1,
		"gender": 2,
		"type": 2,
		"name": {"l10n":"ytnodz"},//后羿发型
		"desc": {"l10n":"-dxie9s"},//无
		"tagIcon": 0,
		"sort": 50004,
		"durable": 0,
		"cost": 0,
		"costType": 0,
		"suit": 9000004,
		"more": [

		],
		"baseAttr": [
			{
				"id": 351004,
				"attrType": 26,
				"value": 10
			}
		],
		"wearAttr": [

		],
		"fp": 0,
		"showValue": 500
	},
	"361001": {
		"id": 361001,
		"fashionType": 4,
		"quality": 4,
		"race": -1,
		"gender": 2,
		"type": 2,
		"name": {"l10n":"r77zev"},//张天师五官
		"desc": {"l10n":"-dxie9s"},//无
		"tagIcon": 0,
		"sort": 60001,
		"durable": 0,
		"cost": 0,
		"costType": 0,
		"suit": 9000001,
		"more": [

		],
		"baseAttr": [
			{
				"id": 361001,
				"attrType": 26,
				"value": 1
			}
		],
		"wearAttr": [

		],
		"fp": 0,
		"showValue": 100
	},
	"361002": {
		"id": 361002,
		"fashionType": 4,
		"quality": 6,
		"race": -1,
		"gender": 2,
		"type": 2,
		"name": {"l10n":"-9klrri"},//红孩儿五官
		"desc": {"l10n":"-dxie9s"},//无
		"tagIcon": 0,
		"sort": 60002,
		"durable": 0,
		"cost": 0,
		"costType": 0,
		"suit": 9000002,
		"more": [

		],
		"baseAttr": [
			{
				"id": 361002,
				"attrType": 26,
				"value": 2
			}
		],
		"wearAttr": [

		],
		"fp": 0,
		"showValue": 200
	},
	"361003": {
		"id": 361003,
		"fashionType": 4,
		"quality": 8,
		"race": -1,
		"gender": 2,
		"type": 2,
		"name": {"l10n":"wdtf5a"},//杨戬五官
		"desc": {"l10n":"-dxie9s"},//无
		"tagIcon": 0,
		"sort": 60003,
		"durable": 0,
		"cost": 0,
		"costType": 0,
		"suit": 9000003,
		"more": [

		],
		"baseAttr": [
			{
				"id": 361003,
				"attrType": 26,
				"value": 5
			}
		],
		"wearAttr": [

		],
		"fp": 0,
		"showValue": 300
	},
	"361004": {
		"id": 361004,
		"fashionType": 4,
		"quality": 10,
		"race": -1,
		"gender": 2,
		"type": 2,
		"name": {"l10n":"snh8so"},//后羿五官
		"desc": {"l10n":"-dxie9s"},//无
		"tagIcon": 0,
		"sort": 60004,
		"durable": 0,
		"cost": 0,
		"costType": 0,
		"suit": 9000004,
		"more": [

		],
		"baseAttr": [
			{
				"id": 361004,
				"attrType": 26,
				"value": 10
			}
		],
		"wearAttr": [

		],
		"fp": 0,
		"showValue": 500
	},
	"371001": {
		"id": 371001,
		"fashionType": 5,
		"quality": 4,
		"race": -1,
		"gender": 2,
		"type": 2,
		"name": {"l10n":"-mun1ep"},//张天师脸饰
		"desc": {"l10n":"-dxie9s"},//无
		"tagIcon": 0,
		"sort": 70001,
		"durable": 0,
		"cost": 0,
		"costType": 0,
		"suit": 9000001,
		"more": [

		],
		"baseAttr": [
			{
				"id": 371001,
				"attrType": 26,
				"value": 1
			}
		],
		"wearAttr": [

		],
		"fp": 0,
		"showValue": 100
	},
	"371002": {
		"id": 371002,
		"fashionType": 5,
		"quality": 6,
		"race": -1,
		"gender": 2,
		"type": 2,
		"name": {"l10n":"ben9oq"},//红孩儿脸饰
		"desc": {"l10n":"-dxie9s"},//无
		"tagIcon": 0,
		"sort": 70002,
		"durable": 0,
		"cost": 0,
		"costType": 0,
		"suit": 9000002,
		"more": [

		],
		"baseAttr": [
			{
				"id": 371002,
				"attrType": 26,
				"value": 2
			}
		],
		"wearAttr": [

		],
		"fp": 0,
		"showValue": 200
	},
	"371003": {
		"id": 371003,
		"fashionType": 5,
		"quality": 8,
		"race": -1,
		"gender": 2,
		"type": 2,
		"name": {"l10n":"gk4c5m"},//杨戬脸饰
		"desc": {"l10n":"-dxie9s"},//无
		"tagIcon": 0,
		"sort": 70003,
		"durable": 0,
		"cost": 0,
		"costType": 0,
		"suit": 9000003,
		"more": [

		],
		"baseAttr": [
			{
				"id": 371003,
				"attrType": 26,
				"value": 5
			}
		],
		"wearAttr": [

		],
		"fp": 0,
		"showValue": 300
	},
	"371004": {
		"id": 371004,
		"fashionType": 5,
		"quality": 10,
		"race": -1,
		"gender": 2,
		"type": 2,
		"name": {"l10n":"cts5t0"},//后羿脸饰
		"desc": {"l10n":"-dxie9s"},//无
		"tagIcon": 0,
		"sort": 70004,
		"durable": 0,
		"cost": 0,
		"costType": 0,
		"suit": 9000004,
		"more": [

		],
		"baseAttr": [
			{
				"id": 371004,
				"attrType": 26,
				"value": 10
			}
		],
		"wearAttr": [

		],
		"fp": 0,
		"showValue": 500
	}
}