{
	//装备词条调用.id 词条调用组id
	//装备词条调用.entryId 词条id，单次调用时的id(特效词条出现属性词条时调用)
	//装备词条调用.more 随机调用信息
	//more.id 词条调用组id
	//more.times 调用次数
	//more.pro 权重，总权重代表100%
	//more.cId 词条id,equip_entry表的id
	//"salt": "56cab047439592b6ec84c4ace24d2f8b"
	"51061": {
		"id": 51061,
		"entryId": 1061,
		"more": [
			{
				"id": 51061,
				"times": 1,
				"pro": 10000,
				"cId": 1060
			}
		]
	},
	"61081": {
		"id": 61081,
		"entryId": 1081,
		"more": [
			{
				"id": 61081,
				"times": 1,
				"pro": 10000,
				"cId": 1081
			}
		]
	},
	"11001": {
		"id": 11001,
		"entryId": 1001,
		"more": [
			{
				"id": 11001,
				"times": 0,
				"pro": 9000,
				"cId": 1001
			},
			{
				"id": 11001,
				"times": 1,
				"pro": 1000,
				"cId": 1001
			}
		]
	},
	"21001": {
		"id": 21001,
		"entryId": 1001,
		"more": [
			{
				"id": 21001,
				"times": 0,
				"pro": 8000,
				"cId": 1001
			},
			{
				"id": 21001,
				"times": 1,
				"pro": 2000,
				"cId": 1001
			}
		]
	},
	"31001": {
		"id": 31001,
		"entryId": 1001,
		"more": [
			{
				"id": 31001,
				"times": 0,
				"pro": 7000,
				"cId": 1001
			},
			{
				"id": 31001,
				"times": 1,
				"pro": 3000,
				"cId": 1001
			}
		]
	},
	"41001": {
		"id": 41001,
		"entryId": 1001,
		"more": [
			{
				"id": 41001,
				"times": 0,
				"pro": 5000,
				"cId": 1001
			},
			{
				"id": 41001,
				"times": 1,
				"pro": 5000,
				"cId": 1001
			}
		]
	},
	"51001": {
		"id": 51001,
		"entryId": 1001,
		"more": [
			{
				"id": 51001,
				"times": 1,
				"pro": 9000,
				"cId": 1001
			},
			{
				"id": 51001,
				"times": 2,
				"pro": 1000,
				"cId": 1001
			}
		]
	},
	"61001": {
		"id": 61001,
		"entryId": 1001,
		"more": [
			{
				"id": 61001,
				"times": 1,
				"pro": 4900,
				"cId": 1001
			},
			{
				"id": 61001,
				"times": 2,
				"pro": 5000,
				"cId": 1001
			},
			{
				"id": 61001,
				"times": 3,
				"pro": 100,
				"cId": 1001
			}
		]
	},
	"11010": {
		"id": 11010,
		"entryId": 1010,
		"more": [
			{
				"id": 11010,
				"times": 0,
				"pro": 9000,
				"cId": 1010
			},
			{
				"id": 11010,
				"times": 1,
				"pro": 1000,
				"cId": 1010
			}
		]
	},
	"21010": {
		"id": 21010,
		"entryId": 1010,
		"more": [
			{
				"id": 21010,
				"times": 0,
				"pro": 8000,
				"cId": 1010
			},
			{
				"id": 21010,
				"times": 1,
				"pro": 2000,
				"cId": 1010
			}
		]
	},
	"31010": {
		"id": 31010,
		"entryId": 1010,
		"more": [
			{
				"id": 31010,
				"times": 0,
				"pro": 7000,
				"cId": 1010
			},
			{
				"id": 31010,
				"times": 1,
				"pro": 3000,
				"cId": 1010
			}
		]
	},
	"41010": {
		"id": 41010,
		"entryId": 1010,
		"more": [
			{
				"id": 41010,
				"times": 0,
				"pro": 5000,
				"cId": 1010
			},
			{
				"id": 41010,
				"times": 1,
				"pro": 5000,
				"cId": 1010
			}
		]
	},
	"51010": {
		"id": 51010,
		"entryId": 1010,
		"more": [
			{
				"id": 51010,
				"times": 1,
				"pro": 9000,
				"cId": 1010
			},
			{
				"id": 51010,
				"times": 2,
				"pro": 1000,
				"cId": 1010
			}
		]
	},
	"61010": {
		"id": 61010,
		"entryId": 1010,
		"more": [
			{
				"id": 61010,
				"times": 1,
				"pro": 4900,
				"cId": 1010
			},
			{
				"id": 61010,
				"times": 2,
				"pro": 5000,
				"cId": 1010
			},
			{
				"id": 61010,
				"times": 3,
				"pro": 100,
				"cId": 1010
			}
		]
	},
	"11020": {
		"id": 11020,
		"entryId": 1020,
		"more": [
			{
				"id": 11020,
				"times": 0,
				"pro": 9000,
				"cId": 1020
			},
			{
				"id": 11020,
				"times": 1,
				"pro": 1000,
				"cId": 1020
			}
		]
	},
	"21020": {
		"id": 21020,
		"entryId": 1020,
		"more": [
			{
				"id": 21020,
				"times": 0,
				"pro": 8000,
				"cId": 1020
			},
			{
				"id": 21020,
				"times": 1,
				"pro": 2000,
				"cId": 1020
			}
		]
	},
	"31020": {
		"id": 31020,
		"entryId": 1020,
		"more": [
			{
				"id": 31020,
				"times": 0,
				"pro": 7000,
				"cId": 1020
			},
			{
				"id": 31020,
				"times": 1,
				"pro": 3000,
				"cId": 1020
			}
		]
	},
	"41020": {
		"id": 41020,
		"entryId": 1020,
		"more": [
			{
				"id": 41020,
				"times": 0,
				"pro": 5000,
				"cId": 1020
			},
			{
				"id": 41020,
				"times": 1,
				"pro": 5000,
				"cId": 1020
			}
		]
	},
	"51020": {
		"id": 51020,
		"entryId": 1020,
		"more": [
			{
				"id": 51020,
				"times": 1,
				"pro": 9000,
				"cId": 1020
			},
			{
				"id": 51020,
				"times": 2,
				"pro": 1000,
				"cId": 1020
			}
		]
	},
	"61020": {
		"id": 61020,
		"entryId": 1020,
		"more": [
			{
				"id": 61020,
				"times": 1,
				"pro": 4900,
				"cId": 1020
			},
			{
				"id": 61020,
				"times": 2,
				"pro": 5000,
				"cId": 1020
			},
			{
				"id": 61020,
				"times": 3,
				"pro": 100,
				"cId": 1020
			}
		]
	},
	"11030": {
		"id": 11030,
		"entryId": 1030,
		"more": [
			{
				"id": 11030,
				"times": 0,
				"pro": 9000,
				"cId": 1030
			},
			{
				"id": 11030,
				"times": 1,
				"pro": 1000,
				"cId": 1030
			}
		]
	},
	"21030": {
		"id": 21030,
		"entryId": 1030,
		"more": [
			{
				"id": 21030,
				"times": 0,
				"pro": 8000,
				"cId": 1030
			},
			{
				"id": 21030,
				"times": 1,
				"pro": 2000,
				"cId": 1030
			}
		]
	},
	"31030": {
		"id": 31030,
		"entryId": 1030,
		"more": [
			{
				"id": 31030,
				"times": 0,
				"pro": 7000,
				"cId": 1030
			},
			{
				"id": 31030,
				"times": 1,
				"pro": 3000,
				"cId": 1030
			}
		]
	},
	"41030": {
		"id": 41030,
		"entryId": 1030,
		"more": [
			{
				"id": 41030,
				"times": 0,
				"pro": 5000,
				"cId": 1030
			},
			{
				"id": 41030,
				"times": 1,
				"pro": 5000,
				"cId": 1030
			}
		]
	},
	"51030": {
		"id": 51030,
		"entryId": 1030,
		"more": [
			{
				"id": 51030,
				"times": 1,
				"pro": 9000,
				"cId": 1030
			},
			{
				"id": 51030,
				"times": 2,
				"pro": 1000,
				"cId": 1030
			}
		]
	},
	"61030": {
		"id": 61030,
		"entryId": 1030,
		"more": [
			{
				"id": 61030,
				"times": 1,
				"pro": 4900,
				"cId": 1030
			},
			{
				"id": 61030,
				"times": 2,
				"pro": 5000,
				"cId": 1030
			},
			{
				"id": 61030,
				"times": 3,
				"pro": 100,
				"cId": 1030
			}
		]
	},
	"11040": {
		"id": 11040,
		"entryId": 1040,
		"more": [
			{
				"id": 11040,
				"times": 0,
				"pro": 9000,
				"cId": 1040
			},
			{
				"id": 11040,
				"times": 1,
				"pro": 1000,
				"cId": 1040
			}
		]
	},
	"21040": {
		"id": 21040,
		"entryId": 1040,
		"more": [
			{
				"id": 21040,
				"times": 0,
				"pro": 8000,
				"cId": 1040
			},
			{
				"id": 21040,
				"times": 1,
				"pro": 2000,
				"cId": 1040
			}
		]
	},
	"31040": {
		"id": 31040,
		"entryId": 1040,
		"more": [
			{
				"id": 31040,
				"times": 0,
				"pro": 7000,
				"cId": 1040
			},
			{
				"id": 31040,
				"times": 1,
				"pro": 3000,
				"cId": 1040
			}
		]
	},
	"41040": {
		"id": 41040,
		"entryId": 1040,
		"more": [
			{
				"id": 41040,
				"times": 0,
				"pro": 5000,
				"cId": 1040
			},
			{
				"id": 41040,
				"times": 1,
				"pro": 5000,
				"cId": 1040
			}
		]
	},
	"51040": {
		"id": 51040,
		"entryId": 1040,
		"more": [
			{
				"id": 51040,
				"times": 1,
				"pro": 9000,
				"cId": 1040
			},
			{
				"id": 51040,
				"times": 2,
				"pro": 1000,
				"cId": 1040
			}
		]
	},
	"61040": {
		"id": 61040,
		"entryId": 1040,
		"more": [
			{
				"id": 61040,
				"times": 1,
				"pro": 4900,
				"cId": 1040
			},
			{
				"id": 61040,
				"times": 2,
				"pro": 5000,
				"cId": 1040
			},
			{
				"id": 61040,
				"times": 3,
				"pro": 100,
				"cId": 1040
			}
		]
	},
	"11050": {
		"id": 11050,
		"entryId": 1050,
		"more": [
			{
				"id": 11050,
				"times": 0,
				"pro": 9000,
				"cId": 1050
			},
			{
				"id": 11050,
				"times": 1,
				"pro": 1000,
				"cId": 1050
			}
		]
	},
	"21050": {
		"id": 21050,
		"entryId": 1050,
		"more": [
			{
				"id": 21050,
				"times": 0,
				"pro": 8000,
				"cId": 1050
			},
			{
				"id": 21050,
				"times": 1,
				"pro": 2000,
				"cId": 1050
			}
		]
	},
	"31050": {
		"id": 31050,
		"entryId": 1050,
		"more": [
			{
				"id": 31050,
				"times": 0,
				"pro": 7000,
				"cId": 1050
			},
			{
				"id": 31050,
				"times": 1,
				"pro": 3000,
				"cId": 1050
			}
		]
	},
	"41050": {
		"id": 41050,
		"entryId": 1050,
		"more": [
			{
				"id": 41050,
				"times": 0,
				"pro": 5000,
				"cId": 1050
			},
			{
				"id": 41050,
				"times": 1,
				"pro": 5000,
				"cId": 1050
			}
		]
	},
	"51050": {
		"id": 51050,
		"entryId": 1050,
		"more": [
			{
				"id": 51050,
				"times": 1,
				"pro": 9000,
				"cId": 1050
			},
			{
				"id": 51050,
				"times": 2,
				"pro": 1000,
				"cId": 1050
			}
		]
	},
	"61050": {
		"id": 61050,
		"entryId": 1050,
		"more": [
			{
				"id": 61050,
				"times": 1,
				"pro": 4900,
				"cId": 1050
			},
			{
				"id": 61050,
				"times": 2,
				"pro": 5000,
				"cId": 1050
			},
			{
				"id": 61050,
				"times": 3,
				"pro": 100,
				"cId": 1050
			}
		]
	},
	"11060": {
		"id": 11060,
		"entryId": 1060,
		"more": [
			{
				"id": 11060,
				"times": 0,
				"pro": 9000,
				"cId": 1060
			},
			{
				"id": 11060,
				"times": 1,
				"pro": 1000,
				"cId": 1060
			}
		]
	},
	"21060": {
		"id": 21060,
		"entryId": 1060,
		"more": [
			{
				"id": 21060,
				"times": 0,
				"pro": 8000,
				"cId": 1060
			},
			{
				"id": 21060,
				"times": 1,
				"pro": 2000,
				"cId": 1060
			}
		]
	},
	"31060": {
		"id": 31060,
		"entryId": 1060,
		"more": [
			{
				"id": 31060,
				"times": 0,
				"pro": 7000,
				"cId": 1060
			},
			{
				"id": 31060,
				"times": 1,
				"pro": 3000,
				"cId": 1060
			}
		]
	},
	"41060": {
		"id": 41060,
		"entryId": 1060,
		"more": [
			{
				"id": 41060,
				"times": 0,
				"pro": 5000,
				"cId": 1060
			},
			{
				"id": 41060,
				"times": 1,
				"pro": 5000,
				"cId": 1060
			}
		]
	},
	"51060": {
		"id": 51060,
		"entryId": 1060,
		"more": [
			{
				"id": 51060,
				"times": 1,
				"pro": 9000,
				"cId": 1060
			},
			{
				"id": 51060,
				"times": 2,
				"pro": 1000,
				"cId": 1060
			}
		]
	},
	"61060": {
		"id": 61060,
		"entryId": 1060,
		"more": [
			{
				"id": 61060,
				"times": 1,
				"pro": 4900,
				"cId": 1060
			},
			{
				"id": 61060,
				"times": 2,
				"pro": 5000,
				"cId": 1060
			},
			{
				"id": 61060,
				"times": 3,
				"pro": 100,
				"cId": 1060
			}
		]
	},
	"11070": {
		"id": 11070,
		"entryId": 1070,
		"more": [
			{
				"id": 11070,
				"times": 0,
				"pro": 9000,
				"cId": 1070
			},
			{
				"id": 11070,
				"times": 1,
				"pro": 1000,
				"cId": 1070
			}
		]
	},
	"21070": {
		"id": 21070,
		"entryId": 1070,
		"more": [
			{
				"id": 21070,
				"times": 0,
				"pro": 8000,
				"cId": 1070
			},
			{
				"id": 21070,
				"times": 1,
				"pro": 2000,
				"cId": 1070
			}
		]
	},
	"31070": {
		"id": 31070,
		"entryId": 1070,
		"more": [
			{
				"id": 31070,
				"times": 0,
				"pro": 7000,
				"cId": 1070
			},
			{
				"id": 31070,
				"times": 1,
				"pro": 3000,
				"cId": 1070
			}
		]
	},
	"41070": {
		"id": 41070,
		"entryId": 1070,
		"more": [
			{
				"id": 41070,
				"times": 0,
				"pro": 5000,
				"cId": 1070
			},
			{
				"id": 41070,
				"times": 1,
				"pro": 5000,
				"cId": 1070
			}
		]
	},
	"51070": {
		"id": 51070,
		"entryId": 1070,
		"more": [
			{
				"id": 51070,
				"times": 1,
				"pro": 9000,
				"cId": 1070
			},
			{
				"id": 51070,
				"times": 2,
				"pro": 1000,
				"cId": 1070
			}
		]
	},
	"61070": {
		"id": 61070,
		"entryId": 1070,
		"more": [
			{
				"id": 61070,
				"times": 1,
				"pro": 4900,
				"cId": 1070
			},
			{
				"id": 61070,
				"times": 2,
				"pro": 5000,
				"cId": 1070
			},
			{
				"id": 61070,
				"times": 3,
				"pro": 100,
				"cId": 1070
			}
		]
	},
	"11080": {
		"id": 11080,
		"entryId": 1080,
		"more": [
			{
				"id": 11080,
				"times": 0,
				"pro": 9000,
				"cId": 1080
			},
			{
				"id": 11080,
				"times": 1,
				"pro": 1000,
				"cId": 1080
			}
		]
	},
	"21080": {
		"id": 21080,
		"entryId": 1080,
		"more": [
			{
				"id": 21080,
				"times": 0,
				"pro": 8000,
				"cId": 1080
			},
			{
				"id": 21080,
				"times": 1,
				"pro": 2000,
				"cId": 1080
			}
		]
	},
	"31080": {
		"id": 31080,
		"entryId": 1080,
		"more": [
			{
				"id": 31080,
				"times": 0,
				"pro": 7000,
				"cId": 1080
			},
			{
				"id": 31080,
				"times": 1,
				"pro": 3000,
				"cId": 1080
			}
		]
	},
	"41080": {
		"id": 41080,
		"entryId": 1080,
		"more": [
			{
				"id": 41080,
				"times": 0,
				"pro": 5000,
				"cId": 1080
			},
			{
				"id": 41080,
				"times": 1,
				"pro": 5000,
				"cId": 1080
			}
		]
	},
	"51080": {
		"id": 51080,
		"entryId": 1080,
		"more": [
			{
				"id": 51080,
				"times": 1,
				"pro": 9000,
				"cId": 1080
			},
			{
				"id": 51080,
				"times": 2,
				"pro": 1000,
				"cId": 1080
			}
		]
	},
	"61080": {
		"id": 61080,
		"entryId": 1080,
		"more": [
			{
				"id": 61080,
				"times": 1,
				"pro": 4900,
				"cId": 1080
			},
			{
				"id": 61080,
				"times": 2,
				"pro": 5000,
				"cId": 1080
			},
			{
				"id": 61080,
				"times": 3,
				"pro": 100,
				"cId": 1080
			}
		]
	},
	"11090": {
		"id": 11090,
		"entryId": 1090,
		"more": [
			{
				"id": 11090,
				"times": 0,
				"pro": 9000,
				"cId": 1090
			},
			{
				"id": 11090,
				"times": 1,
				"pro": 1000,
				"cId": 1090
			}
		]
	},
	"21090": {
		"id": 21090,
		"entryId": 1090,
		"more": [
			{
				"id": 21090,
				"times": 0,
				"pro": 8000,
				"cId": 1090
			},
			{
				"id": 21090,
				"times": 1,
				"pro": 2000,
				"cId": 1090
			}
		]
	},
	"31090": {
		"id": 31090,
		"entryId": 1090,
		"more": [
			{
				"id": 31090,
				"times": 0,
				"pro": 7000,
				"cId": 1090
			},
			{
				"id": 31090,
				"times": 1,
				"pro": 3000,
				"cId": 1090
			}
		]
	},
	"41090": {
		"id": 41090,
		"entryId": 1090,
		"more": [
			{
				"id": 41090,
				"times": 0,
				"pro": 5000,
				"cId": 1090
			},
			{
				"id": 41090,
				"times": 1,
				"pro": 5000,
				"cId": 1090
			}
		]
	},
	"51090": {
		"id": 51090,
		"entryId": 1090,
		"more": [
			{
				"id": 51090,
				"times": 1,
				"pro": 9000,
				"cId": 1090
			},
			{
				"id": 51090,
				"times": 2,
				"pro": 1000,
				"cId": 1090
			}
		]
	},
	"61090": {
		"id": 61090,
		"entryId": 1090,
		"more": [
			{
				"id": 61090,
				"times": 1,
				"pro": 4900,
				"cId": 1090
			},
			{
				"id": 61090,
				"times": 2,
				"pro": 5000,
				"cId": 1090
			},
			{
				"id": 61090,
				"times": 3,
				"pro": 100,
				"cId": 1090
			}
		]
	},
	"11100": {
		"id": 11100,
		"entryId": 1100,
		"more": [
			{
				"id": 11100,
				"times": 0,
				"pro": 9000,
				"cId": 1100
			},
			{
				"id": 11100,
				"times": 1,
				"pro": 1000,
				"cId": 1100
			}
		]
	},
	"21100": {
		"id": 21100,
		"entryId": 1100,
		"more": [
			{
				"id": 21100,
				"times": 0,
				"pro": 8000,
				"cId": 1100
			},
			{
				"id": 21100,
				"times": 1,
				"pro": 2000,
				"cId": 1100
			}
		]
	},
	"31100": {
		"id": 31100,
		"entryId": 1100,
		"more": [
			{
				"id": 31100,
				"times": 0,
				"pro": 7000,
				"cId": 1100
			},
			{
				"id": 31100,
				"times": 1,
				"pro": 3000,
				"cId": 1100
			}
		]
	},
	"41100": {
		"id": 41100,
		"entryId": 1100,
		"more": [
			{
				"id": 41100,
				"times": 0,
				"pro": 5000,
				"cId": 1100
			},
			{
				"id": 41100,
				"times": 1,
				"pro": 5000,
				"cId": 1100
			}
		]
	},
	"51100": {
		"id": 51100,
		"entryId": 1100,
		"more": [
			{
				"id": 51100,
				"times": 1,
				"pro": 9000,
				"cId": 1100
			},
			{
				"id": 51100,
				"times": 2,
				"pro": 1000,
				"cId": 1100
			}
		]
	},
	"61100": {
		"id": 61100,
		"entryId": 1100,
		"more": [
			{
				"id": 61100,
				"times": 1,
				"pro": 4900,
				"cId": 1100
			},
			{
				"id": 61100,
				"times": 2,
				"pro": 5000,
				"cId": 1100
			},
			{
				"id": 61100,
				"times": 3,
				"pro": 100,
				"cId": 1100
			}
		]
	},
	"11110": {
		"id": 11110,
		"entryId": 1110,
		"more": [
			{
				"id": 11110,
				"times": 0,
				"pro": 9000,
				"cId": 1110
			},
			{
				"id": 11110,
				"times": 1,
				"pro": 1000,
				"cId": 1110
			}
		]
	},
	"21110": {
		"id": 21110,
		"entryId": 1110,
		"more": [
			{
				"id": 21110,
				"times": 0,
				"pro": 8000,
				"cId": 1110
			},
			{
				"id": 21110,
				"times": 1,
				"pro": 2000,
				"cId": 1110
			}
		]
	},
	"31110": {
		"id": 31110,
		"entryId": 1110,
		"more": [
			{
				"id": 31110,
				"times": 0,
				"pro": 7000,
				"cId": 1110
			},
			{
				"id": 31110,
				"times": 1,
				"pro": 3000,
				"cId": 1110
			}
		]
	},
	"41110": {
		"id": 41110,
		"entryId": 1110,
		"more": [
			{
				"id": 41110,
				"times": 0,
				"pro": 5000,
				"cId": 1110
			},
			{
				"id": 41110,
				"times": 1,
				"pro": 5000,
				"cId": 1110
			}
		]
	},
	"51110": {
		"id": 51110,
		"entryId": 1110,
		"more": [
			{
				"id": 51110,
				"times": 1,
				"pro": 9000,
				"cId": 1110
			},
			{
				"id": 51110,
				"times": 2,
				"pro": 1000,
				"cId": 1110
			}
		]
	},
	"61110": {
		"id": 61110,
		"entryId": 1110,
		"more": [
			{
				"id": 61110,
				"times": 1,
				"pro": 4900,
				"cId": 1110
			},
			{
				"id": 61110,
				"times": 2,
				"pro": 5000,
				"cId": 1110
			},
			{
				"id": 61110,
				"times": 3,
				"pro": 100,
				"cId": 1110
			}
		]
	},
	"11120": {
		"id": 11120,
		"entryId": 1120,
		"more": [
			{
				"id": 11120,
				"times": 0,
				"pro": 9000,
				"cId": 1120
			},
			{
				"id": 11120,
				"times": 1,
				"pro": 1000,
				"cId": 1120
			}
		]
	},
	"21120": {
		"id": 21120,
		"entryId": 1120,
		"more": [
			{
				"id": 21120,
				"times": 0,
				"pro": 8000,
				"cId": 1120
			},
			{
				"id": 21120,
				"times": 1,
				"pro": 2000,
				"cId": 1120
			}
		]
	},
	"31120": {
		"id": 31120,
		"entryId": 1120,
		"more": [
			{
				"id": 31120,
				"times": 0,
				"pro": 7000,
				"cId": 1120
			},
			{
				"id": 31120,
				"times": 1,
				"pro": 3000,
				"cId": 1120
			}
		]
	},
	"41120": {
		"id": 41120,
		"entryId": 1120,
		"more": [
			{
				"id": 41120,
				"times": 0,
				"pro": 5000,
				"cId": 1120
			},
			{
				"id": 41120,
				"times": 1,
				"pro": 5000,
				"cId": 1120
			}
		]
	},
	"51120": {
		"id": 51120,
		"entryId": 1120,
		"more": [
			{
				"id": 51120,
				"times": 1,
				"pro": 9000,
				"cId": 1120
			},
			{
				"id": 51120,
				"times": 2,
				"pro": 1000,
				"cId": 1120
			}
		]
	},
	"61120": {
		"id": 61120,
		"entryId": 1120,
		"more": [
			{
				"id": 61120,
				"times": 1,
				"pro": 4900,
				"cId": 1120
			},
			{
				"id": 61120,
				"times": 2,
				"pro": 5000,
				"cId": 1120
			},
			{
				"id": 61120,
				"times": 3,
				"pro": 100,
				"cId": 1120
			}
		]
	},
	"11130": {
		"id": 11130,
		"entryId": 1130,
		"more": [
			{
				"id": 11130,
				"times": 0,
				"pro": 9000,
				"cId": 1130
			},
			{
				"id": 11130,
				"times": 1,
				"pro": 1000,
				"cId": 1130
			}
		]
	},
	"21130": {
		"id": 21130,
		"entryId": 1130,
		"more": [
			{
				"id": 21130,
				"times": 0,
				"pro": 8000,
				"cId": 1130
			},
			{
				"id": 21130,
				"times": 1,
				"pro": 2000,
				"cId": 1130
			}
		]
	},
	"31130": {
		"id": 31130,
		"entryId": 1130,
		"more": [
			{
				"id": 31130,
				"times": 0,
				"pro": 7000,
				"cId": 1130
			},
			{
				"id": 31130,
				"times": 1,
				"pro": 3000,
				"cId": 1130
			}
		]
	},
	"41130": {
		"id": 41130,
		"entryId": 1130,
		"more": [
			{
				"id": 41130,
				"times": 0,
				"pro": 5000,
				"cId": 1130
			},
			{
				"id": 41130,
				"times": 1,
				"pro": 5000,
				"cId": 1130
			}
		]
	},
	"51130": {
		"id": 51130,
		"entryId": 1130,
		"more": [
			{
				"id": 51130,
				"times": 1,
				"pro": 9000,
				"cId": 1130
			},
			{
				"id": 51130,
				"times": 2,
				"pro": 1000,
				"cId": 1130
			}
		]
	},
	"61130": {
		"id": 61130,
		"entryId": 1130,
		"more": [
			{
				"id": 61130,
				"times": 1,
				"pro": 4900,
				"cId": 1130
			},
			{
				"id": 61130,
				"times": 2,
				"pro": 5000,
				"cId": 1130
			},
			{
				"id": 61130,
				"times": 3,
				"pro": 100,
				"cId": 1130
			}
		]
	},
	"11140": {
		"id": 11140,
		"entryId": 1140,
		"more": [
			{
				"id": 11140,
				"times": 0,
				"pro": 9000,
				"cId": 1140
			},
			{
				"id": 11140,
				"times": 1,
				"pro": 1000,
				"cId": 1140
			}
		]
	},
	"21140": {
		"id": 21140,
		"entryId": 1140,
		"more": [
			{
				"id": 21140,
				"times": 0,
				"pro": 8000,
				"cId": 1140
			},
			{
				"id": 21140,
				"times": 1,
				"pro": 2000,
				"cId": 1140
			}
		]
	},
	"31140": {
		"id": 31140,
		"entryId": 1140,
		"more": [
			{
				"id": 31140,
				"times": 0,
				"pro": 7000,
				"cId": 1140
			},
			{
				"id": 31140,
				"times": 1,
				"pro": 3000,
				"cId": 1140
			}
		]
	},
	"41140": {
		"id": 41140,
		"entryId": 1140,
		"more": [
			{
				"id": 41140,
				"times": 0,
				"pro": 5000,
				"cId": 1140
			},
			{
				"id": 41140,
				"times": 1,
				"pro": 5000,
				"cId": 1140
			}
		]
	},
	"51140": {
		"id": 51140,
		"entryId": 1140,
		"more": [
			{
				"id": 51140,
				"times": 1,
				"pro": 9000,
				"cId": 1140
			},
			{
				"id": 51140,
				"times": 2,
				"pro": 1000,
				"cId": 1140
			}
		]
	},
	"61140": {
		"id": 61140,
		"entryId": 1140,
		"more": [
			{
				"id": 61140,
				"times": 1,
				"pro": 4900,
				"cId": 1140
			},
			{
				"id": 61140,
				"times": 2,
				"pro": 5000,
				"cId": 1140
			},
			{
				"id": 61140,
				"times": 3,
				"pro": 100,
				"cId": 1140
			}
		]
	},
	"11150": {
		"id": 11150,
		"entryId": 1150,
		"more": [
			{
				"id": 11150,
				"times": 0,
				"pro": 9000,
				"cId": 1150
			},
			{
				"id": 11150,
				"times": 1,
				"pro": 1000,
				"cId": 1150
			}
		]
	},
	"21150": {
		"id": 21150,
		"entryId": 1150,
		"more": [
			{
				"id": 21150,
				"times": 0,
				"pro": 8000,
				"cId": 1150
			},
			{
				"id": 21150,
				"times": 1,
				"pro": 2000,
				"cId": 1150
			}
		]
	},
	"31150": {
		"id": 31150,
		"entryId": 1150,
		"more": [
			{
				"id": 31150,
				"times": 0,
				"pro": 7000,
				"cId": 1150
			},
			{
				"id": 31150,
				"times": 1,
				"pro": 3000,
				"cId": 1150
			}
		]
	},
	"41150": {
		"id": 41150,
		"entryId": 1150,
		"more": [
			{
				"id": 41150,
				"times": 0,
				"pro": 5000,
				"cId": 1150
			},
			{
				"id": 41150,
				"times": 1,
				"pro": 5000,
				"cId": 1150
			}
		]
	},
	"51150": {
		"id": 51150,
		"entryId": 1150,
		"more": [
			{
				"id": 51150,
				"times": 1,
				"pro": 9000,
				"cId": 1150
			},
			{
				"id": 51150,
				"times": 2,
				"pro": 1000,
				"cId": 1150
			}
		]
	},
	"61150": {
		"id": 61150,
		"entryId": 1150,
		"more": [
			{
				"id": 61150,
				"times": 1,
				"pro": 4900,
				"cId": 1150
			},
			{
				"id": 61150,
				"times": 2,
				"pro": 5000,
				"cId": 1150
			},
			{
				"id": 61150,
				"times": 3,
				"pro": 100,
				"cId": 1150
			}
		]
	},
	"11160": {
		"id": 11160,
		"entryId": 1160,
		"more": [
			{
				"id": 11160,
				"times": 0,
				"pro": 9000,
				"cId": 1160
			},
			{
				"id": 11160,
				"times": 1,
				"pro": 1000,
				"cId": 1160
			}
		]
	},
	"21160": {
		"id": 21160,
		"entryId": 1160,
		"more": [
			{
				"id": 21160,
				"times": 0,
				"pro": 8000,
				"cId": 1160
			},
			{
				"id": 21160,
				"times": 1,
				"pro": 2000,
				"cId": 1160
			}
		]
	},
	"31160": {
		"id": 31160,
		"entryId": 1160,
		"more": [
			{
				"id": 31160,
				"times": 0,
				"pro": 7000,
				"cId": 1160
			},
			{
				"id": 31160,
				"times": 1,
				"pro": 3000,
				"cId": 1160
			}
		]
	},
	"41160": {
		"id": 41160,
		"entryId": 1160,
		"more": [
			{
				"id": 41160,
				"times": 0,
				"pro": 5000,
				"cId": 1160
			},
			{
				"id": 41160,
				"times": 1,
				"pro": 5000,
				"cId": 1160
			}
		]
	},
	"51160": {
		"id": 51160,
		"entryId": 1160,
		"more": [
			{
				"id": 51160,
				"times": 1,
				"pro": 9000,
				"cId": 1160
			},
			{
				"id": 51160,
				"times": 2,
				"pro": 1000,
				"cId": 1160
			}
		]
	},
	"61160": {
		"id": 61160,
		"entryId": 1160,
		"more": [
			{
				"id": 61160,
				"times": 1,
				"pro": 4900,
				"cId": 1160
			},
			{
				"id": 61160,
				"times": 2,
				"pro": 5000,
				"cId": 1160
			},
			{
				"id": 61160,
				"times": 3,
				"pro": 100,
				"cId": 1160
			}
		]
	},
	"11170": {
		"id": 11170,
		"entryId": 1170,
		"more": [
			{
				"id": 11170,
				"times": 0,
				"pro": 9000,
				"cId": 1170
			},
			{
				"id": 11170,
				"times": 1,
				"pro": 1000,
				"cId": 1170
			}
		]
	},
	"21170": {
		"id": 21170,
		"entryId": 1170,
		"more": [
			{
				"id": 21170,
				"times": 0,
				"pro": 8000,
				"cId": 1170
			},
			{
				"id": 21170,
				"times": 1,
				"pro": 2000,
				"cId": 1170
			}
		]
	},
	"31170": {
		"id": 31170,
		"entryId": 1170,
		"more": [
			{
				"id": 31170,
				"times": 0,
				"pro": 7000,
				"cId": 1170
			},
			{
				"id": 31170,
				"times": 1,
				"pro": 3000,
				"cId": 1170
			}
		]
	},
	"41170": {
		"id": 41170,
		"entryId": 1170,
		"more": [
			{
				"id": 41170,
				"times": 0,
				"pro": 5000,
				"cId": 1170
			},
			{
				"id": 41170,
				"times": 1,
				"pro": 5000,
				"cId": 1170
			}
		]
	},
	"51170": {
		"id": 51170,
		"entryId": 1170,
		"more": [
			{
				"id": 51170,
				"times": 1,
				"pro": 9000,
				"cId": 1170
			},
			{
				"id": 51170,
				"times": 2,
				"pro": 1000,
				"cId": 1170
			}
		]
	},
	"61170": {
		"id": 61170,
		"entryId": 1170,
		"more": [
			{
				"id": 61170,
				"times": 1,
				"pro": 4900,
				"cId": 1170
			},
			{
				"id": 61170,
				"times": 2,
				"pro": 5000,
				"cId": 1170
			},
			{
				"id": 61170,
				"times": 3,
				"pro": 100,
				"cId": 1170
			}
		]
	},
	"11180": {
		"id": 11180,
		"entryId": 1180,
		"more": [
			{
				"id": 11180,
				"times": 0,
				"pro": 9000,
				"cId": 1180
			},
			{
				"id": 11180,
				"times": 1,
				"pro": 1000,
				"cId": 1180
			}
		]
	},
	"21180": {
		"id": 21180,
		"entryId": 1180,
		"more": [
			{
				"id": 21180,
				"times": 0,
				"pro": 8000,
				"cId": 1180
			},
			{
				"id": 21180,
				"times": 1,
				"pro": 2000,
				"cId": 1180
			}
		]
	},
	"31180": {
		"id": 31180,
		"entryId": 1180,
		"more": [
			{
				"id": 31180,
				"times": 0,
				"pro": 7000,
				"cId": 1180
			},
			{
				"id": 31180,
				"times": 1,
				"pro": 3000,
				"cId": 1180
			}
		]
	},
	"41180": {
		"id": 41180,
		"entryId": 1180,
		"more": [
			{
				"id": 41180,
				"times": 0,
				"pro": 5000,
				"cId": 1180
			},
			{
				"id": 41180,
				"times": 1,
				"pro": 5000,
				"cId": 1180
			}
		]
	},
	"51180": {
		"id": 51180,
		"entryId": 1180,
		"more": [
			{
				"id": 51180,
				"times": 1,
				"pro": 9000,
				"cId": 1180
			},
			{
				"id": 51180,
				"times": 2,
				"pro": 1000,
				"cId": 1180
			}
		]
	},
	"61180": {
		"id": 61180,
		"entryId": 1180,
		"more": [
			{
				"id": 61180,
				"times": 1,
				"pro": 4900,
				"cId": 1180
			},
			{
				"id": 61180,
				"times": 2,
				"pro": 5000,
				"cId": 1180
			},
			{
				"id": 61180,
				"times": 3,
				"pro": 100,
				"cId": 1180
			}
		]
	},
	"11190": {
		"id": 11190,
		"entryId": 1190,
		"more": [
			{
				"id": 11190,
				"times": 0,
				"pro": 9000,
				"cId": 1190
			},
			{
				"id": 11190,
				"times": 1,
				"pro": 1000,
				"cId": 1190
			}
		]
	},
	"21190": {
		"id": 21190,
		"entryId": 1190,
		"more": [
			{
				"id": 21190,
				"times": 0,
				"pro": 8000,
				"cId": 1190
			},
			{
				"id": 21190,
				"times": 1,
				"pro": 2000,
				"cId": 1190
			}
		]
	},
	"31190": {
		"id": 31190,
		"entryId": 1190,
		"more": [
			{
				"id": 31190,
				"times": 0,
				"pro": 7000,
				"cId": 1190
			},
			{
				"id": 31190,
				"times": 1,
				"pro": 3000,
				"cId": 1190
			}
		]
	},
	"41190": {
		"id": 41190,
		"entryId": 1190,
		"more": [
			{
				"id": 41190,
				"times": 0,
				"pro": 5000,
				"cId": 1190
			},
			{
				"id": 41190,
				"times": 1,
				"pro": 5000,
				"cId": 1190
			}
		]
	},
	"51190": {
		"id": 51190,
		"entryId": 1190,
		"more": [
			{
				"id": 51190,
				"times": 1,
				"pro": 9000,
				"cId": 1190
			},
			{
				"id": 51190,
				"times": 2,
				"pro": 1000,
				"cId": 1190
			}
		]
	},
	"61190": {
		"id": 61190,
		"entryId": 1190,
		"more": [
			{
				"id": 61190,
				"times": 1,
				"pro": 4900,
				"cId": 1190
			},
			{
				"id": 61190,
				"times": 2,
				"pro": 5000,
				"cId": 1190
			},
			{
				"id": 61190,
				"times": 3,
				"pro": 100,
				"cId": 1190
			}
		]
	},
	"11200": {
		"id": 11200,
		"entryId": 1200,
		"more": [
			{
				"id": 11200,
				"times": 0,
				"pro": 9000,
				"cId": 1200
			},
			{
				"id": 11200,
				"times": 1,
				"pro": 1000,
				"cId": 1200
			}
		]
	},
	"21200": {
		"id": 21200,
		"entryId": 1200,
		"more": [
			{
				"id": 21200,
				"times": 0,
				"pro": 8000,
				"cId": 1200
			},
			{
				"id": 21200,
				"times": 1,
				"pro": 2000,
				"cId": 1200
			}
		]
	},
	"31200": {
		"id": 31200,
		"entryId": 1200,
		"more": [
			{
				"id": 31200,
				"times": 0,
				"pro": 7000,
				"cId": 1200
			},
			{
				"id": 31200,
				"times": 1,
				"pro": 3000,
				"cId": 1200
			}
		]
	},
	"41200": {
		"id": 41200,
		"entryId": 1200,
		"more": [
			{
				"id": 41200,
				"times": 0,
				"pro": 5000,
				"cId": 1200
			},
			{
				"id": 41200,
				"times": 1,
				"pro": 5000,
				"cId": 1200
			}
		]
	},
	"51200": {
		"id": 51200,
		"entryId": 1200,
		"more": [
			{
				"id": 51200,
				"times": 1,
				"pro": 9000,
				"cId": 1200
			},
			{
				"id": 51200,
				"times": 2,
				"pro": 1000,
				"cId": 1200
			}
		]
	},
	"61200": {
		"id": 61200,
		"entryId": 1200,
		"more": [
			{
				"id": 61200,
				"times": 1,
				"pro": 4900,
				"cId": 1200
			},
			{
				"id": 61200,
				"times": 2,
				"pro": 5000,
				"cId": 1200
			},
			{
				"id": 61200,
				"times": 3,
				"pro": 100,
				"cId": 1200
			}
		]
	},
	"11210": {
		"id": 11210,
		"entryId": 1210,
		"more": [
			{
				"id": 11210,
				"times": 0,
				"pro": 9000,
				"cId": 1210
			},
			{
				"id": 11210,
				"times": 1,
				"pro": 1000,
				"cId": 1210
			}
		]
	},
	"21210": {
		"id": 21210,
		"entryId": 1210,
		"more": [
			{
				"id": 21210,
				"times": 0,
				"pro": 8000,
				"cId": 1210
			},
			{
				"id": 21210,
				"times": 1,
				"pro": 2000,
				"cId": 1210
			}
		]
	},
	"31210": {
		"id": 31210,
		"entryId": 1210,
		"more": [
			{
				"id": 31210,
				"times": 0,
				"pro": 7000,
				"cId": 1210
			},
			{
				"id": 31210,
				"times": 1,
				"pro": 3000,
				"cId": 1210
			}
		]
	},
	"41210": {
		"id": 41210,
		"entryId": 1210,
		"more": [
			{
				"id": 41210,
				"times": 0,
				"pro": 5000,
				"cId": 1210
			},
			{
				"id": 41210,
				"times": 1,
				"pro": 5000,
				"cId": 1210
			}
		]
	},
	"51210": {
		"id": 51210,
		"entryId": 1210,
		"more": [
			{
				"id": 51210,
				"times": 1,
				"pro": 9000,
				"cId": 1210
			},
			{
				"id": 51210,
				"times": 2,
				"pro": 1000,
				"cId": 1210
			}
		]
	},
	"61210": {
		"id": 61210,
		"entryId": 1210,
		"more": [
			{
				"id": 61210,
				"times": 1,
				"pro": 4900,
				"cId": 1210
			},
			{
				"id": 61210,
				"times": 2,
				"pro": 5000,
				"cId": 1210
			},
			{
				"id": 61210,
				"times": 3,
				"pro": 100,
				"cId": 1210
			}
		]
	},
	"11220": {
		"id": 11220,
		"entryId": 1220,
		"more": [
			{
				"id": 11220,
				"times": 0,
				"pro": 9000,
				"cId": 1220
			},
			{
				"id": 11220,
				"times": 1,
				"pro": 1000,
				"cId": 1220
			}
		]
	},
	"21220": {
		"id": 21220,
		"entryId": 1220,
		"more": [
			{
				"id": 21220,
				"times": 0,
				"pro": 8000,
				"cId": 1220
			},
			{
				"id": 21220,
				"times": 1,
				"pro": 2000,
				"cId": 1220
			}
		]
	},
	"31220": {
		"id": 31220,
		"entryId": 1220,
		"more": [
			{
				"id": 31220,
				"times": 0,
				"pro": 7000,
				"cId": 1220
			},
			{
				"id": 31220,
				"times": 1,
				"pro": 3000,
				"cId": 1220
			}
		]
	},
	"41220": {
		"id": 41220,
		"entryId": 1220,
		"more": [
			{
				"id": 41220,
				"times": 0,
				"pro": 5000,
				"cId": 1220
			},
			{
				"id": 41220,
				"times": 1,
				"pro": 5000,
				"cId": 1220
			}
		]
	},
	"51220": {
		"id": 51220,
		"entryId": 1220,
		"more": [
			{
				"id": 51220,
				"times": 1,
				"pro": 9000,
				"cId": 1220
			},
			{
				"id": 51220,
				"times": 2,
				"pro": 1000,
				"cId": 1220
			}
		]
	},
	"61220": {
		"id": 61220,
		"entryId": 1220,
		"more": [
			{
				"id": 61220,
				"times": 1,
				"pro": 4900,
				"cId": 1220
			},
			{
				"id": 61220,
				"times": 2,
				"pro": 5000,
				"cId": 1220
			},
			{
				"id": 61220,
				"times": 3,
				"pro": 100,
				"cId": 1220
			}
		]
	},
	"11230": {
		"id": 11230,
		"entryId": 1230,
		"more": [
			{
				"id": 11230,
				"times": 0,
				"pro": 9000,
				"cId": 1230
			},
			{
				"id": 11230,
				"times": 1,
				"pro": 1000,
				"cId": 1230
			}
		]
	},
	"21230": {
		"id": 21230,
		"entryId": 1230,
		"more": [
			{
				"id": 21230,
				"times": 0,
				"pro": 8000,
				"cId": 1230
			},
			{
				"id": 21230,
				"times": 1,
				"pro": 2000,
				"cId": 1230
			}
		]
	},
	"31230": {
		"id": 31230,
		"entryId": 1230,
		"more": [
			{
				"id": 31230,
				"times": 0,
				"pro": 7000,
				"cId": 1230
			},
			{
				"id": 31230,
				"times": 1,
				"pro": 3000,
				"cId": 1230
			}
		]
	},
	"41230": {
		"id": 41230,
		"entryId": 1230,
		"more": [
			{
				"id": 41230,
				"times": 0,
				"pro": 5000,
				"cId": 1230
			},
			{
				"id": 41230,
				"times": 1,
				"pro": 5000,
				"cId": 1230
			}
		]
	},
	"51230": {
		"id": 51230,
		"entryId": 1230,
		"more": [
			{
				"id": 51230,
				"times": 1,
				"pro": 9000,
				"cId": 1230
			},
			{
				"id": 51230,
				"times": 2,
				"pro": 1000,
				"cId": 1230
			}
		]
	},
	"61230": {
		"id": 61230,
		"entryId": 1230,
		"more": [
			{
				"id": 61230,
				"times": 1,
				"pro": 4900,
				"cId": 1230
			},
			{
				"id": 61230,
				"times": 2,
				"pro": 5000,
				"cId": 1230
			},
			{
				"id": 61230,
				"times": 3,
				"pro": 100,
				"cId": 1230
			}
		]
	},
	"11240": {
		"id": 11240,
		"entryId": 1240,
		"more": [
			{
				"id": 11240,
				"times": 0,
				"pro": 9000,
				"cId": 1240
			},
			{
				"id": 11240,
				"times": 1,
				"pro": 1000,
				"cId": 1240
			}
		]
	},
	"21240": {
		"id": 21240,
		"entryId": 1240,
		"more": [
			{
				"id": 21240,
				"times": 0,
				"pro": 8000,
				"cId": 1240
			},
			{
				"id": 21240,
				"times": 1,
				"pro": 2000,
				"cId": 1240
			}
		]
	},
	"31240": {
		"id": 31240,
		"entryId": 1240,
		"more": [
			{
				"id": 31240,
				"times": 0,
				"pro": 7000,
				"cId": 1240
			},
			{
				"id": 31240,
				"times": 1,
				"pro": 3000,
				"cId": 1240
			}
		]
	},
	"41240": {
		"id": 41240,
		"entryId": 1240,
		"more": [
			{
				"id": 41240,
				"times": 0,
				"pro": 5000,
				"cId": 1240
			},
			{
				"id": 41240,
				"times": 1,
				"pro": 5000,
				"cId": 1240
			}
		]
	},
	"51240": {
		"id": 51240,
		"entryId": 1240,
		"more": [
			{
				"id": 51240,
				"times": 1,
				"pro": 9000,
				"cId": 1240
			},
			{
				"id": 51240,
				"times": 2,
				"pro": 1000,
				"cId": 1240
			}
		]
	},
	"61240": {
		"id": 61240,
		"entryId": 1240,
		"more": [
			{
				"id": 61240,
				"times": 1,
				"pro": 4900,
				"cId": 1240
			},
			{
				"id": 61240,
				"times": 2,
				"pro": 5000,
				"cId": 1240
			},
			{
				"id": 61240,
				"times": 3,
				"pro": 100,
				"cId": 1240
			}
		]
	},
	"11250": {
		"id": 11250,
		"entryId": 1250,
		"more": [
			{
				"id": 11250,
				"times": 0,
				"pro": 9000,
				"cId": 1250
			},
			{
				"id": 11250,
				"times": 1,
				"pro": 1000,
				"cId": 1250
			}
		]
	},
	"21250": {
		"id": 21250,
		"entryId": 1250,
		"more": [
			{
				"id": 21250,
				"times": 0,
				"pro": 8000,
				"cId": 1250
			},
			{
				"id": 21250,
				"times": 1,
				"pro": 2000,
				"cId": 1250
			}
		]
	},
	"31250": {
		"id": 31250,
		"entryId": 1250,
		"more": [
			{
				"id": 31250,
				"times": 0,
				"pro": 7000,
				"cId": 1250
			},
			{
				"id": 31250,
				"times": 1,
				"pro": 3000,
				"cId": 1250
			}
		]
	},
	"41250": {
		"id": 41250,
		"entryId": 1250,
		"more": [
			{
				"id": 41250,
				"times": 0,
				"pro": 5000,
				"cId": 1250
			},
			{
				"id": 41250,
				"times": 1,
				"pro": 5000,
				"cId": 1250
			}
		]
	},
	"51250": {
		"id": 51250,
		"entryId": 1250,
		"more": [
			{
				"id": 51250,
				"times": 1,
				"pro": 9000,
				"cId": 1250
			},
			{
				"id": 51250,
				"times": 2,
				"pro": 1000,
				"cId": 1250
			}
		]
	},
	"61250": {
		"id": 61250,
		"entryId": 1250,
		"more": [
			{
				"id": 61250,
				"times": 1,
				"pro": 4900,
				"cId": 1250
			},
			{
				"id": 61250,
				"times": 2,
				"pro": 5000,
				"cId": 1250
			},
			{
				"id": 61250,
				"times": 3,
				"pro": 100,
				"cId": 1250
			}
		]
	},
	"11260": {
		"id": 11260,
		"entryId": 1260,
		"more": [
			{
				"id": 11260,
				"times": 0,
				"pro": 9000,
				"cId": 1260
			},
			{
				"id": 11260,
				"times": 1,
				"pro": 1000,
				"cId": 1260
			}
		]
	},
	"21260": {
		"id": 21260,
		"entryId": 1260,
		"more": [
			{
				"id": 21260,
				"times": 0,
				"pro": 8000,
				"cId": 1260
			},
			{
				"id": 21260,
				"times": 1,
				"pro": 2000,
				"cId": 1260
			}
		]
	},
	"31260": {
		"id": 31260,
		"entryId": 1260,
		"more": [
			{
				"id": 31260,
				"times": 0,
				"pro": 7000,
				"cId": 1260
			},
			{
				"id": 31260,
				"times": 1,
				"pro": 3000,
				"cId": 1260
			}
		]
	},
	"41260": {
		"id": 41260,
		"entryId": 1260,
		"more": [
			{
				"id": 41260,
				"times": 0,
				"pro": 5000,
				"cId": 1260
			},
			{
				"id": 41260,
				"times": 1,
				"pro": 5000,
				"cId": 1260
			}
		]
	},
	"51260": {
		"id": 51260,
		"entryId": 1260,
		"more": [
			{
				"id": 51260,
				"times": 1,
				"pro": 9000,
				"cId": 1260
			},
			{
				"id": 51260,
				"times": 2,
				"pro": 1000,
				"cId": 1260
			}
		]
	},
	"61260": {
		"id": 61260,
		"entryId": 1260,
		"more": [
			{
				"id": 61260,
				"times": 1,
				"pro": 4900,
				"cId": 1260
			},
			{
				"id": 61260,
				"times": 2,
				"pro": 5000,
				"cId": 1260
			},
			{
				"id": 61260,
				"times": 3,
				"pro": 100,
				"cId": 1260
			}
		]
	},
	"11270": {
		"id": 11270,
		"entryId": 1270,
		"more": [
			{
				"id": 11270,
				"times": 0,
				"pro": 9000,
				"cId": 1270
			},
			{
				"id": 11270,
				"times": 1,
				"pro": 1000,
				"cId": 1270
			}
		]
	},
	"21270": {
		"id": 21270,
		"entryId": 1270,
		"more": [
			{
				"id": 21270,
				"times": 0,
				"pro": 8000,
				"cId": 1270
			},
			{
				"id": 21270,
				"times": 1,
				"pro": 2000,
				"cId": 1270
			}
		]
	},
	"31270": {
		"id": 31270,
		"entryId": 1270,
		"more": [
			{
				"id": 31270,
				"times": 0,
				"pro": 7000,
				"cId": 1270
			},
			{
				"id": 31270,
				"times": 1,
				"pro": 3000,
				"cId": 1270
			}
		]
	},
	"41270": {
		"id": 41270,
		"entryId": 1270,
		"more": [
			{
				"id": 41270,
				"times": 0,
				"pro": 5000,
				"cId": 1270
			},
			{
				"id": 41270,
				"times": 1,
				"pro": 5000,
				"cId": 1270
			}
		]
	},
	"51270": {
		"id": 51270,
		"entryId": 1270,
		"more": [
			{
				"id": 51270,
				"times": 1,
				"pro": 9000,
				"cId": 1270
			},
			{
				"id": 51270,
				"times": 2,
				"pro": 1000,
				"cId": 1270
			}
		]
	},
	"61270": {
		"id": 61270,
		"entryId": 1270,
		"more": [
			{
				"id": 61270,
				"times": 1,
				"pro": 4900,
				"cId": 1270
			},
			{
				"id": 61270,
				"times": 2,
				"pro": 5000,
				"cId": 1270
			},
			{
				"id": 61270,
				"times": 3,
				"pro": 100,
				"cId": 1270
			}
		]
	},
	"11280": {
		"id": 11280,
		"entryId": 1280,
		"more": [
			{
				"id": 11280,
				"times": 0,
				"pro": 9000,
				"cId": 1280
			},
			{
				"id": 11280,
				"times": 1,
				"pro": 1000,
				"cId": 1280
			}
		]
	},
	"21280": {
		"id": 21280,
		"entryId": 1280,
		"more": [
			{
				"id": 21280,
				"times": 0,
				"pro": 8000,
				"cId": 1280
			},
			{
				"id": 21280,
				"times": 1,
				"pro": 2000,
				"cId": 1280
			}
		]
	},
	"31280": {
		"id": 31280,
		"entryId": 1280,
		"more": [
			{
				"id": 31280,
				"times": 0,
				"pro": 7000,
				"cId": 1280
			},
			{
				"id": 31280,
				"times": 1,
				"pro": 3000,
				"cId": 1280
			}
		]
	},
	"41280": {
		"id": 41280,
		"entryId": 1280,
		"more": [
			{
				"id": 41280,
				"times": 0,
				"pro": 5000,
				"cId": 1280
			},
			{
				"id": 41280,
				"times": 1,
				"pro": 5000,
				"cId": 1280
			}
		]
	},
	"51280": {
		"id": 51280,
		"entryId": 1280,
		"more": [
			{
				"id": 51280,
				"times": 1,
				"pro": 9000,
				"cId": 1280
			},
			{
				"id": 51280,
				"times": 2,
				"pro": 1000,
				"cId": 1280
			}
		]
	},
	"61280": {
		"id": 61280,
		"entryId": 1280,
		"more": [
			{
				"id": 61280,
				"times": 1,
				"pro": 4900,
				"cId": 1280
			},
			{
				"id": 61280,
				"times": 2,
				"pro": 5000,
				"cId": 1280
			},
			{
				"id": 61280,
				"times": 3,
				"pro": 100,
				"cId": 1280
			}
		]
	},
	"11290": {
		"id": 11290,
		"entryId": 1290,
		"more": [
			{
				"id": 11290,
				"times": 0,
				"pro": 9000,
				"cId": 1290
			},
			{
				"id": 11290,
				"times": 1,
				"pro": 1000,
				"cId": 1290
			}
		]
	},
	"21290": {
		"id": 21290,
		"entryId": 1290,
		"more": [
			{
				"id": 21290,
				"times": 0,
				"pro": 8000,
				"cId": 1290
			},
			{
				"id": 21290,
				"times": 1,
				"pro": 2000,
				"cId": 1290
			}
		]
	},
	"31290": {
		"id": 31290,
		"entryId": 1290,
		"more": [
			{
				"id": 31290,
				"times": 0,
				"pro": 7000,
				"cId": 1290
			},
			{
				"id": 31290,
				"times": 1,
				"pro": 3000,
				"cId": 1290
			}
		]
	},
	"41290": {
		"id": 41290,
		"entryId": 1290,
		"more": [
			{
				"id": 41290,
				"times": 0,
				"pro": 5000,
				"cId": 1290
			},
			{
				"id": 41290,
				"times": 1,
				"pro": 5000,
				"cId": 1290
			}
		]
	},
	"51290": {
		"id": 51290,
		"entryId": 1290,
		"more": [
			{
				"id": 51290,
				"times": 1,
				"pro": 9000,
				"cId": 1290
			},
			{
				"id": 51290,
				"times": 2,
				"pro": 1000,
				"cId": 1290
			}
		]
	},
	"61290": {
		"id": 61290,
		"entryId": 1290,
		"more": [
			{
				"id": 61290,
				"times": 1,
				"pro": 4900,
				"cId": 1290
			},
			{
				"id": 61290,
				"times": 2,
				"pro": 5000,
				"cId": 1290
			},
			{
				"id": 61290,
				"times": 3,
				"pro": 100,
				"cId": 1290
			}
		]
	},
	"11300": {
		"id": 11300,
		"entryId": 1300,
		"more": [
			{
				"id": 11300,
				"times": 0,
				"pro": 9000,
				"cId": 1300
			},
			{
				"id": 11300,
				"times": 1,
				"pro": 1000,
				"cId": 1300
			}
		]
	},
	"21300": {
		"id": 21300,
		"entryId": 1300,
		"more": [
			{
				"id": 21300,
				"times": 0,
				"pro": 8000,
				"cId": 1300
			},
			{
				"id": 21300,
				"times": 1,
				"pro": 2000,
				"cId": 1300
			}
		]
	},
	"31300": {
		"id": 31300,
		"entryId": 1300,
		"more": [
			{
				"id": 31300,
				"times": 0,
				"pro": 7000,
				"cId": 1300
			},
			{
				"id": 31300,
				"times": 1,
				"pro": 3000,
				"cId": 1300
			}
		]
	},
	"41300": {
		"id": 41300,
		"entryId": 1300,
		"more": [
			{
				"id": 41300,
				"times": 0,
				"pro": 5000,
				"cId": 1300
			},
			{
				"id": 41300,
				"times": 1,
				"pro": 5000,
				"cId": 1300
			}
		]
	},
	"51300": {
		"id": 51300,
		"entryId": 1300,
		"more": [
			{
				"id": 51300,
				"times": 1,
				"pro": 9000,
				"cId": 1300
			},
			{
				"id": 51300,
				"times": 2,
				"pro": 1000,
				"cId": 1300
			}
		]
	},
	"61300": {
		"id": 61300,
		"entryId": 1300,
		"more": [
			{
				"id": 61300,
				"times": 1,
				"pro": 4900,
				"cId": 1300
			},
			{
				"id": 61300,
				"times": 2,
				"pro": 5000,
				"cId": 1300
			},
			{
				"id": 61300,
				"times": 3,
				"pro": 100,
				"cId": 1300
			}
		]
	}
}