{
	//装备强度.id 序列号
	//装备强度.name 描述
	//装备强度.quality 品质1白色2绿色3蓝色4紫色6金色8橙色10红色
	//装备强度.desc 当前重的文字描述
	//装备强度.icon 资源图标
	//装备强度.propId 升到下一重数的奖励道具
	//装备强度.num 奖励数量
	//装备强度.need 升级到下一强度要求
	//装备强度.attrs 该强度的属性加成
	//need.sort 序号
	//need.id id
	//need.type 调用任务类型表的id
	//need.value 条件值
	//need.param1 参数值
	//need.param2 参数值
	//attrs.id 境界id
	//attrs.attrType 属性类型
	//attrs.value 值，万分比
	//"salt": "978eba8be1e87476507837cbface5fc6"
	"1": {
		// 妖力点
		"id": 1,
		"name": {"l10n":"gsv34w"},//一重
		"quality": 1,
		"desc": {"l10n":"xvoggm"},//6件30级白色装备
		"propId": 1010,
		"num": 1,
		"need": [
			{
				"sort": 1,
				"id": 1,
				"type": 1002,
				"value": 30,
				"param1": 0,
				"param2": 0
			},
			{
				"sort": 8,
				"id": 1,
				"type": 1001,
				"value": 6,
				"param1": 1,
				"param2": 30
			}
		],
		"attrs": [
			{
				"id": 1,
				"attrType": 20,
				"value": 0
			},
			{
				"id": 1,
				"attrType": 21,
				"value": 0
			},
			{
				"id": 1,
				"attrType": 22,
				"value": 0
			}
		]
	},
	"2": {
		// 妖力点
		"id": 2,
		"name": {"l10n":"gsv31g"},//二重
		"quality": 2,
		"desc": {"l10n":"-qjugai"},//6件60级绿色装备
		"propId": 1010,
		"num": 1,
		"need": [
			{
				"sort": 2,
				"id": 2,
				"type": 1002,
				"value": 60,
				"param1": 0,
				"param2": 0
			},
			{
				"sort": 9,
				"id": 2,
				"type": 1001,
				"value": 6,
				"param1": 2,
				"param2": 60
			}
		],
		"attrs": [
			{
				"id": 2,
				"attrType": 20,
				"value": 2500
			},
			{
				"id": 2,
				"attrType": 21,
				"value": 2500
			},
			{
				"id": 2,
				"attrType": 22,
				"value": 2500
			}
		]
	},
	"3": {
		// 妖力点
		"id": 3,
		"name": {"l10n":"gsv353"},//三重
		"quality": 3,
		"desc": {"l10n":"s7hhpu"},//6件90级蓝色装备
		"propId": 1010,
		"num": 1,
		"need": [
			{
				"sort": 3,
				"id": 3,
				"type": 1002,
				"value": 90,
				"param1": 0,
				"param2": 0
			},
			{
				"sort": 10,
				"id": 3,
				"type": 1001,
				"value": 6,
				"param1": 3,
				"param2": 90
			}
		],
		"attrs": [
			{
				"id": 3,
				"attrType": 20,
				"value": 5000
			},
			{
				"id": 3,
				"attrType": 21,
				"value": 5000
			},
			{
				"id": 3,
				"attrType": 22,
				"value": 5000
			}
		]
	},
	"4": {
		// 妖力点
		"id": 4,
		"name": {"l10n":"gsuyd1"},//四重
		"quality": 4,
		"desc": {"l10n":"-i4yplj"},//6件120级紫色装备
		"propId": 1010,
		"num": 1,
		"need": [
			{
				"sort": 4,
				"id": 4,
				"type": 1002,
				"value": 120,
				"param1": 0,
				"param2": 0
			},
			{
				"sort": 11,
				"id": 4,
				"type": 1001,
				"value": 6,
				"param1": 4,
				"param2": 120
			}
		],
		"attrs": [
			{
				"id": 4,
				"attrType": 20,
				"value": 7500
			},
			{
				"id": 4,
				"attrType": 21,
				"value": 7500
			},
			{
				"id": 4,
				"attrType": 22,
				"value": 7500
			}
		]
	},
	"5": {
		// 妖力点
		"id": 5,
		"name": {"l10n":"gsv31o"},//五重
		"quality": 4,
		"desc": {"l10n":"-2qf4jt"},//6件150级金色装备
		"propId": 1010,
		"num": 1,
		"need": [
			{
				"sort": 5,
				"id": 5,
				"type": 1002,
				"value": 150,
				"param1": 0,
				"param2": 0
			},
			{
				"sort": 12,
				"id": 5,
				"type": 1001,
				"value": 6,
				"param1": 6,
				"param2": 150
			}
		],
		"attrs": [
			{
				"id": 5,
				"attrType": 20,
				"value": 10000
			},
			{
				"id": 5,
				"attrType": 21,
				"value": 10000
			},
			{
				"id": 5,
				"attrType": 22,
				"value": 10000
			}
		]
	},
	"6": {
		// 妖力点
		"id": 6,
		"name": {"l10n":"gsuymb"},//六重
		"quality": 6,
		"desc": {"l10n":"5j91yv"},//6件180级金色装备
		"propId": 1010,
		"num": 1,
		"need": [
			{
				"sort": 6,
				"id": 6,
				"type": 1002,
				"value": 180,
				"param1": 0,
				"param2": 0
			},
			{
				"sort": 13,
				"id": 6,
				"type": 1001,
				"value": 6,
				"param1": 6,
				"param2": 180
			}
		],
		"attrs": [
			{
				"id": 6,
				"attrType": 20,
				"value": 12500
			},
			{
				"id": 6,
				"attrType": 21,
				"value": 12500
			},
			{
				"id": 6,
				"attrType": 22,
				"value": 12500
			}
		]
	},
	"7": {
		// 妖力点
		"id": 7,
		"name": {"l10n":"gsv34t"},//七重
		"quality": 6,
		"desc": {"l10n":"n4z3l4"},//6件210级金色装备
		"propId": 1010,
		"num": 1,
		"need": [
			{
				"sort": 7,
				"id": 7,
				"type": 1002,
				"value": 210,
				"param1": 0,
				"param2": 0
			},
			{
				"sort": 14,
				"id": 7,
				"type": 1001,
				"value": 6,
				"param1": 6,
				"param2": 210
			}
		],
		"attrs": [
			{
				"id": 7,
				"attrType": 20,
				"value": 15000
			},
			{
				"id": 7,
				"attrType": 21,
				"value": 15000
			},
			{
				"id": 7,
				"attrType": 22,
				"value": 15000
			}
		]
	}
}