{
	//装备特效词条.id 词条特效调用组id
	//装备特效词条.more 随机调用信息
	//more.id 词条特效调用组id
	//more.times 调用次数
	//more.pro 权重，总权重代表100%
	//more.cId 词条特效组id,equip_effect_rank表的id
	//"salt": "e4ab13b1697e2971da6446fce459dc52"
	"10019": {
		"id": 10019,
		"more": [
			{
				"id": 10019,
				"times": 1,
				"pro": 10000,
				"cId": 5001
			}
		]
	},
	"10020": {
		"id": 10020,
		"more": [
			{
				"id": 10020,
				"times": 1,
				"pro": 10000,
				"cId": 5002
			}
		]
	},
	"10001": {
		"id": 10001,
		"more": [
			{
				"id": 10001,
				"times": 0,
				"pro": 5000,
				"cId": 4001
			},
			{
				"id": 10001,
				"times": 1,
				"pro": 5000,
				"cId": 4001
			}
		]
	},
	"10002": {
		"id": 10002,
		"more": [
			{
				"id": 10002,
				"times": 0,
				"pro": 5000,
				"cId": 4002
			},
			{
				"id": 10002,
				"times": 1,
				"pro": 5000,
				"cId": 4002
			}
		]
	},
	"10003": {
		"id": 10003,
		"more": [
			{
				"id": 10003,
				"times": 0,
				"pro": 5000,
				"cId": 4003
			},
			{
				"id": 10003,
				"times": 1,
				"pro": 5000,
				"cId": 4003
			}
		]
	},
	"10004": {
		"id": 10004,
		"more": [
			{
				"id": 10004,
				"times": 0,
				"pro": 5000,
				"cId": 4004
			},
			{
				"id": 10004,
				"times": 1,
				"pro": 5000,
				"cId": 4004
			}
		]
	},
	"10005": {
		"id": 10005,
		"more": [
			{
				"id": 10005,
				"times": 0,
				"pro": 5000,
				"cId": 4005
			},
			{
				"id": 10005,
				"times": 1,
				"pro": 5000,
				"cId": 4005
			}
		]
	},
	"10006": {
		"id": 10006,
		"more": [
			{
				"id": 10006,
				"times": 0,
				"pro": 5000,
				"cId": 4006
			},
			{
				"id": 10006,
				"times": 1,
				"pro": 5000,
				"cId": 4006
			}
		]
	},
	"10007": {
		"id": 10007,
		"more": [
			{
				"id": 10007,
				"times": 1,
				"pro": 9000,
				"cId": 1001
			},
			{
				"id": 10007,
				"times": 2,
				"pro": 1000,
				"cId": 1001
			}
		]
	},
	"10008": {
		"id": 10008,
		"more": [
			{
				"id": 10008,
				"times": 1,
				"pro": 9000,
				"cId": 1002
			},
			{
				"id": 10008,
				"times": 2,
				"pro": 1000,
				"cId": 1002
			}
		]
	},
	"10009": {
		"id": 10009,
		"more": [
			{
				"id": 10009,
				"times": 1,
				"pro": 9000,
				"cId": 1003
			},
			{
				"id": 10009,
				"times": 2,
				"pro": 1000,
				"cId": 1003
			}
		]
	},
	"10010": {
		"id": 10010,
		"more": [
			{
				"id": 10010,
				"times": 1,
				"pro": 9000,
				"cId": 1004
			},
			{
				"id": 10010,
				"times": 2,
				"pro": 1000,
				"cId": 1004
			}
		]
	},
	"10011": {
		"id": 10011,
		"more": [
			{
				"id": 10011,
				"times": 1,
				"pro": 9000,
				"cId": 1005
			},
			{
				"id": 10011,
				"times": 2,
				"pro": 1000,
				"cId": 1005
			}
		]
	},
	"10012": {
		"id": 10012,
		"more": [
			{
				"id": 10012,
				"times": 1,
				"pro": 9000,
				"cId": 1006
			},
			{
				"id": 10012,
				"times": 2,
				"pro": 1000,
				"cId": 1006
			}
		]
	},
	"10013": {
		"id": 10013,
		"more": [
			{
				"id": 10013,
				"times": 1,
				"pro": 4900,
				"cId": 2001
			},
			{
				"id": 10013,
				"times": 2,
				"pro": 5000,
				"cId": 2001
			},
			{
				"id": 10013,
				"times": 3,
				"pro": 100,
				"cId": 3001
			}
		]
	},
	"10014": {
		"id": 10014,
		"more": [
			{
				"id": 10014,
				"times": 1,
				"pro": 4900,
				"cId": 2002
			},
			{
				"id": 10014,
				"times": 2,
				"pro": 5000,
				"cId": 2002
			},
			{
				"id": 10014,
				"times": 3,
				"pro": 100,
				"cId": 3002
			}
		]
	},
	"10015": {
		"id": 10015,
		"more": [
			{
				"id": 10015,
				"times": 1,
				"pro": 4900,
				"cId": 2003
			},
			{
				"id": 10015,
				"times": 2,
				"pro": 5000,
				"cId": 2003
			},
			{
				"id": 10015,
				"times": 3,
				"pro": 100,
				"cId": 3003
			}
		]
	},
	"10016": {
		"id": 10016,
		"more": [
			{
				"id": 10016,
				"times": 1,
				"pro": 4900,
				"cId": 2004
			},
			{
				"id": 10016,
				"times": 2,
				"pro": 5000,
				"cId": 2004
			},
			{
				"id": 10016,
				"times": 3,
				"pro": 100,
				"cId": 3004
			}
		]
	},
	"10017": {
		"id": 10017,
		"more": [
			{
				"id": 10017,
				"times": 1,
				"pro": 4900,
				"cId": 2005
			},
			{
				"id": 10017,
				"times": 2,
				"pro": 5000,
				"cId": 2005
			},
			{
				"id": 10017,
				"times": 3,
				"pro": 100,
				"cId": 3005
			}
		]
	},
	"10018": {
		"id": 10018,
		"more": [
			{
				"id": 10018,
				"times": 1,
				"pro": 4900,
				"cId": 2006
			},
			{
				"id": 10018,
				"times": 2,
				"pro": 5000,
				"cId": 2006
			},
			{
				"id": 10018,
				"times": 3,
				"pro": 100,
				"cId": 3006
			}
		]
	}
}