{
	//快速挂机.id 第X次
	//快速挂机.costPropId 消耗道具，优先这个道具
	//快速挂机.costNum 消耗数量
	//快速挂机.costPropId2 消耗道具
	//快速挂机.costNum2 消耗数量
	//"salt": "ea05d8884c4334838f1c57001318c3e1"
	"1": {
		"id": 1,
		"costPropId": 10105,
		"costNum": 1,
		"costPropId2": 1001,
		"costNum2": 50
	},
	"2": {
		"id": 2,
		"costPropId": 10105,
		"costNum": 1,
		"costPropId2": 1001,
		"costNum2": 100
	},
	"3": {
		"id": 3,
		"costPropId": 10105,
		"costNum": 1,
		"costPropId2": 1001,
		"costNum2": 150
	}
}