{
	//首充礼包表.id 触发礼包id
	//首充礼包表.need 前置购买条件
	//首充礼包表.rechargeId 充值id
	//首充礼包表.titie 标题美术字资源
	//首充礼包表.desc 描述美术字资源
	//首充礼包表.icon 大资源图
	//首充礼包表.giftIcon 礼包标题底图
	//首充礼包表.fireIcon 大奖周围火焰资源图
	//首充礼包表.discount 返利倍率
	//首充礼包表.openShow 触发弹出的方式(1每日首次满足条件时弹出1次，2功能开启后终身仅弹1次)
	//首充礼包表.awards 奖励
	//awards.id 触发礼包id
	//awards.propId 道具id
	//awards.num 数量
	//"salt": "3235036bd737fe4ea6a9a16e0fe496fe"
	"2300201": {
		"id": 2300201,
		"need": 0,
		"rechargeId": 23001,
		"titie": 2,
		"desc": 2,
		"icon": 2,
		"giftIcon": 1,
		"fireIcon": 2,
		"discount": 2700,
		"openShow": 1,
		"awards": [
			{
				"id": 2300201,
				"propId": 331001,
				"num": 1
			},
			{
				"id": 2300201,
				"propId": 1001,
				"num": 120
			},
			{
				"id": 2300201,
				"propId": 1004,
				"num": 2000
			}
		]
	},
	"2300301": {
		"id": 2300301,
		"need": 2300201,
		"rechargeId": 23002,
		"titie": 3,
		"desc": 3,
		"icon": 3,
		"giftIcon": 2,
		"fireIcon": 1,
		"discount": 2700,
		"openShow": 1,
		"awards": [
			{
				"id": 2300301,
				"propId": 311001,
				"num": 1
			},
			{
				"id": 2300301,
				"propId": 1001,
				"num": 600
			},
			{
				"id": 2300301,
				"propId": 1004,
				"num": 15000
			}
		]
	},
	"2300401": {
		"id": 2300401,
		"need": 2300301,
		"rechargeId": 23003,
		"titie": 4,
		"desc": 4,
		"icon": 4,
		"giftIcon": 3,
		"fireIcon": 2,
		"discount": 2700,
		"openShow": 1,
		"awards": [
			{
				"id": 2300401,
				"propId": 321001,
				"num": 1
			},
			{
				"id": 2300401,
				"propId": 1001,
				"num": 1960
			},
			{
				"id": 2300401,
				"propId": 1004,
				"num": 45000
			}
		]
	}
}