{
	//首充表.id id
	//首充表.name 名称
	//首充表.iconType 标头
	//首充表.iconDesc 文本描述
	//首充表.iconProp 展示图片
	//首充表.discount 折扣
	//首充表.recharge 充值
	//首充表.list 列表
	//list.actId 为了对应奖励列表
	//list.id id
	//list.day 第X天奖励
	//list.awards 奖励
	//awards.actId 为了对应奖励列表
	//awards.propId 道具id
	//awards.num 数量
	//"salt": "66cf58dea721eaba9cdef37b98aa761d"
	"1": {
		// 首充大礼
		"id": 1,
		"name": {"l10n":"5hwfch"},//首充大礼
		"iconType": 1,
		"iconDesc": 1,
		"iconProp": 311001,
		"discount": 2088,
		"recharge": 6,
		"list": {
			"1": {
				"actId": 101,
				"id": 1,
				"day": 1,
				"awards": [
					{
						// 正一雷法
						"actId": 101,
						"propId": 311001,
						"num": 1
					},
					{
						// 修炼丹
						"actId": 101,
						"propId": 10105,
						"num": 1
					},
					{
						// 通脉散
						"actId": 101,
						"propId": 10303,
						"num": 1
					}
				]
			},
			"2": {
				"actId": 102,
				"id": 1,
				"day": 2,
				"awards": [
					{
						// 历练令
						"actId": 102,
						"propId": 10103,
						"num": 1
					},
					{
						// 修炼丹
						"actId": 102,
						"propId": 10105,
						"num": 1
					},
					{
						// 活血丹
						"actId": 102,
						"propId": 10302,
						"num": 1
					}
				]
			},
			"3": {
				"actId": 103,
				"id": 1,
				"day": 3,
				"awards": [
					{
						// 历练令
						"actId": 103,
						"propId": 10103,
						"num": 1
					},
					{
						// 修炼丹
						"actId": 103,
						"propId": 10105,
						"num": 1
					},
					{
						// 活血丹
						"actId": 103,
						"propId": 10302,
						"num": 1
					}
				]
			}
		}
	},
	"2": {
		// 续充贺礼
		"id": 2,
		"name": {"l10n":"rz748r"},//续充贺礼
		"iconType": 2,
		"iconDesc": 2,
		"iconProp": 321001,
		"discount": 2088,
		"recharge": 60,
		"list": {
			"1": {
				"actId": 201,
				"id": 2,
				"day": 1,
				"awards": [
					{
						// 阴阳道袍
						"actId": 201,
						"propId": 321001,
						"num": 1
					},
					{
						// 修炼丹
						"actId": 201,
						"propId": 10105,
						"num": 2
					},
					{
						// 清心符
						"actId": 201,
						"propId": 10301,
						"num": 5
					}
				]
			},
			"2": {
				"actId": 202,
				"id": 2,
				"day": 2,
				"awards": [
					{
						// 历练令
						"actId": 202,
						"propId": 10103,
						"num": 1
					},
					{
						// 修炼丹
						"actId": 202,
						"propId": 10105,
						"num": 2
					},
					{
						// 中血丹
						"actId": 202,
						"propId": 10305,
						"num": 5
					}
				]
			},
			"3": {
				"actId": 203,
				"id": 2,
				"day": 3,
				"awards": [
					{
						// 历练令
						"actId": 203,
						"propId": 10103,
						"num": 1
					},
					{
						// 修炼丹
						"actId": 203,
						"propId": 10105,
						"num": 2
					},
					{
						// 中血丹
						"actId": 203,
						"propId": 10305,
						"num": 5
					}
				]
			}
		}
	},
	"3": {
		// 豪充华礼
		"id": 3,
		"name": {"l10n":"khskai"},//豪充华礼
		"iconType": 3,
		"iconDesc": 3,
		"iconProp": 331001,
		"discount": 2088,
		"recharge": 120,
		"list": {
			"1": {
				"actId": 301,
				"id": 3,
				"day": 1,
				"awards": [
					{
						// 天师法印
						"actId": 301,
						"propId": 331001,
						"num": 1
					},
					{
						// 修炼丹
						"actId": 301,
						"propId": 10105,
						"num": 3
					},
					{
						// 凝魄丸
						"actId": 301,
						"propId": 10304,
						"num": 10
					}
				]
			},
			"2": {
				"actId": 302,
				"id": 3,
				"day": 2,
				"awards": [
					{
						// 历练令
						"actId": 302,
						"propId": 10103,
						"num": 1
					},
					{
						// 修炼丹
						"actId": 302,
						"propId": 10105,
						"num": 3
					},
					{
						// 高血丹
						"actId": 302,
						"propId": 10306,
						"num": 10
					}
				]
			},
			"3": {
				"actId": 303,
				"id": 3,
				"day": 3,
				"awards": [
					{
						// 属性果
						"actId": 303,
						"propId": 10101,
						"num": 1
					},
					{
						// 修炼丹
						"actId": 303,
						"propId": 10105,
						"num": 3
					},
					{
						// 高血丹
						"actId": 303,
						"propId": 10306,
						"num": 10
					}
				]
			}
		}
	}
}