{
	//触发礼包.id 编号
	//触发礼包.desc 描述
	//触发礼包.freeRewardTitle 免费奖励标题
	//触发礼包.buyRewardTitle 付费奖励标题
	//触发礼包.rechargeId 充值id
	//触发礼包.icon 图片资源(程序根据基金的id名字取值，id名字固定格式XXXXfund)
	//触发礼包.giftIcon 礼包标题底图(程序根据基金的id名字取值，id名字固定格式XXXXfund)
	//触发礼包.more 奖励详细内容
	//more.sort 序号
	//more.id 编号
	//more.type 定义类型
	//more.value 条件值
	//more.param1 参数值
	//more.param2 参数值
	//more.freeAwards 免费奖励
	//more.buyAwards 付费奖励
	//freeAwards.sort 序号
	//freeAwards.propId 道具id
	//freeAwards.num 数量
	//buyAwards.sort 序号
	//buyAwards.propId 道具id
	//buyAwards.num 数量
	//"salt": "159231f371202b9123fbc31dadfe43e3"
	"LevelFund": {
		"id": "LevelFund",
		"desc": {"l10n":"-s54ueu"},//解锁后可额外领取价值[color=#FFFFFF]11000[/color]仙玉的奖励
		"freeRewardTitle": {"l10n":"n8w3a7"},//等级基金
		"buyRewardTitle": {"l10n":"-agad88"},//高级等级基金
		"rechargeId": 22001,
		"more": {
			"10101": {
				"sort": 10101,
				"id": "LevelFund",
				"type": 1002,
				"value": 30,
				"param1": 0,
				"param2": 0,
				"freeAwards": [
					{
						// 精力
						"sort": 10101,
						"propId": 1003,
						"num": 20
					}
				],
				"buyAwards": [
					{
						// 精力
						"sort": 10101,
						"propId": 1003,
						"num": 100
					},
					{
						// 仙玉
						"sort": 10101,
						"propId": 1001,
						"num": 100
					}
				]
			},
			"10102": {
				"sort": 10102,
				"id": "LevelFund",
				"type": 1002,
				"value": 40,
				"param1": 0,
				"param2": 0,
				"freeAwards": [
					{
						// 精力
						"sort": 10102,
						"propId": 1003,
						"num": 20
					}
				],
				"buyAwards": [
					{
						// 精力
						"sort": 10102,
						"propId": 1003,
						"num": 100
					},
					{
						// 仙玉
						"sort": 10102,
						"propId": 1001,
						"num": 100
					}
				]
			},
			"10103": {
				"sort": 10103,
				"id": "LevelFund",
				"type": 1002,
				"value": 50,
				"param1": 0,
				"param2": 0,
				"freeAwards": [
					{
						// 精力
						"sort": 10103,
						"propId": 1003,
						"num": 20
					}
				],
				"buyAwards": [
					{
						// 精力
						"sort": 10103,
						"propId": 1003,
						"num": 100
					},
					{
						// 仙玉
						"sort": 10103,
						"propId": 1001,
						"num": 100
					}
				]
			},
			"10104": {
				"sort": 10104,
				"id": "LevelFund",
				"type": 1002,
				"value": 60,
				"param1": 0,
				"param2": 0,
				"freeAwards": [
					{
						// 精力
						"sort": 10104,
						"propId": 1003,
						"num": 20
					}
				],
				"buyAwards": [
					{
						// 精力
						"sort": 10104,
						"propId": 1003,
						"num": 100
					},
					{
						// 仙玉
						"sort": 10104,
						"propId": 1001,
						"num": 100
					}
				]
			},
			"10105": {
				"sort": 10105,
				"id": "LevelFund",
				"type": 1002,
				"value": 70,
				"param1": 0,
				"param2": 0,
				"freeAwards": [
					{
						// 精力
						"sort": 10105,
						"propId": 1003,
						"num": 20
					}
				],
				"buyAwards": [
					{
						// 精力
						"sort": 10105,
						"propId": 1003,
						"num": 100
					},
					{
						// 仙玉
						"sort": 10105,
						"propId": 1001,
						"num": 100
					}
				]
			},
			"10106": {
				"sort": 10106,
				"id": "LevelFund",
				"type": 1002,
				"value": 80,
				"param1": 0,
				"param2": 0,
				"freeAwards": [
					{
						// 精力
						"sort": 10106,
						"propId": 1003,
						"num": 20
					}
				],
				"buyAwards": [
					{
						// 精力
						"sort": 10106,
						"propId": 1003,
						"num": 100
					},
					{
						// 仙玉
						"sort": 10106,
						"propId": 1001,
						"num": 100
					}
				]
			},
			"10107": {
				"sort": 10107,
				"id": "LevelFund",
				"type": 1002,
				"value": 90,
				"param1": 0,
				"param2": 0,
				"freeAwards": [
					{
						// 精力
						"sort": 10107,
						"propId": 1003,
						"num": 20
					}
				],
				"buyAwards": [
					{
						// 精力
						"sort": 10107,
						"propId": 1003,
						"num": 100
					},
					{
						// 仙玉
						"sort": 10107,
						"propId": 1001,
						"num": 100
					}
				]
			},
			"10108": {
				"sort": 10108,
				"id": "LevelFund",
				"type": 1002,
				"value": 100,
				"param1": 0,
				"param2": 0,
				"freeAwards": [
					{
						// 精力
						"sort": 10108,
						"propId": 1003,
						"num": 20
					}
				],
				"buyAwards": [
					{
						// 精力
						"sort": 10108,
						"propId": 1003,
						"num": 100
					},
					{
						// 仙玉
						"sort": 10108,
						"propId": 1001,
						"num": 100
					}
				]
			},
			"10109": {
				"sort": 10109,
				"id": "LevelFund",
				"type": 1002,
				"value": 110,
				"param1": 0,
				"param2": 0,
				"freeAwards": [
					{
						// 精力
						"sort": 10109,
						"propId": 1003,
						"num": 20
					}
				],
				"buyAwards": [
					{
						// 精力
						"sort": 10109,
						"propId": 1003,
						"num": 100
					},
					{
						// 仙玉
						"sort": 10109,
						"propId": 1001,
						"num": 100
					}
				]
			},
			"10110": {
				"sort": 10110,
				"id": "LevelFund",
				"type": 1002,
				"value": 120,
				"param1": 0,
				"param2": 0,
				"freeAwards": [
					{
						// 精力
						"sort": 10110,
						"propId": 1003,
						"num": 20
					}
				],
				"buyAwards": [
					{
						// 精力
						"sort": 10110,
						"propId": 1003,
						"num": 100
					},
					{
						// 仙玉
						"sort": 10110,
						"propId": 1001,
						"num": 100
					}
				]
			}
		}
	},
	"GongFund": {
		"id": "GongFund",
		"desc": {"l10n":"lyrebm"},//解锁后可额外领取价值[color=#FFFFFF]21600[/color]仙玉的奖励
		"freeRewardTitle": {"l10n":"nslket"},//元神基金
		"buyRewardTitle": {"l10n":"-eoj1be"},//高级元神基金
		"rechargeId": 22002,
		"more": {
			"10201": {
				"sort": 10201,
				"id": "GongFund",
				"type": 1004,
				"value": 10,
				"param1": 0,
				"param2": 0,
				"freeAwards": [
					{
						// 灵气
						"sort": 10201,
						"propId": 10201,
						"num": 200
					}
				],
				"buyAwards": [
					{
						// 灵气
						"sort": 10201,
						"propId": 10201,
						"num": 5000
					},
					{
						// 鬼市币
						"sort": 10201,
						"propId": 8016,
						"num": 4
					}
				]
			},
			"10202": {
				"sort": 10202,
				"id": "GongFund",
				"type": 1004,
				"value": 20,
				"param1": 0,
				"param2": 0,
				"freeAwards": [
					{
						// 灵气
						"sort": 10202,
						"propId": 10201,
						"num": 200
					}
				],
				"buyAwards": [
					{
						// 灵气
						"sort": 10202,
						"propId": 10201,
						"num": 5000
					},
					{
						// 鬼市币
						"sort": 10202,
						"propId": 8016,
						"num": 4
					}
				]
			},
			"10203": {
				"sort": 10203,
				"id": "GongFund",
				"type": 1004,
				"value": 30,
				"param1": 0,
				"param2": 0,
				"freeAwards": [
					{
						// 灵气
						"sort": 10203,
						"propId": 10201,
						"num": 200
					}
				],
				"buyAwards": [
					{
						// 灵气
						"sort": 10203,
						"propId": 10201,
						"num": 5000
					},
					{
						// 鬼市币
						"sort": 10203,
						"propId": 8016,
						"num": 4
					}
				]
			},
			"10204": {
				"sort": 10204,
				"id": "GongFund",
				"type": 1004,
				"value": 40,
				"param1": 0,
				"param2": 0,
				"freeAwards": [
					{
						// 灵气
						"sort": 10204,
						"propId": 10201,
						"num": 200
					}
				],
				"buyAwards": [
					{
						// 灵气
						"sort": 10204,
						"propId": 10201,
						"num": 5000
					},
					{
						// 鬼市币
						"sort": 10204,
						"propId": 8016,
						"num": 4
					}
				]
			},
			"10205": {
				"sort": 10205,
				"id": "GongFund",
				"type": 1004,
				"value": 50,
				"param1": 0,
				"param2": 0,
				"freeAwards": [
					{
						// 灵气
						"sort": 10205,
						"propId": 10201,
						"num": 200
					}
				],
				"buyAwards": [
					{
						// 灵气
						"sort": 10205,
						"propId": 10201,
						"num": 5000
					},
					{
						// 鬼市币
						"sort": 10205,
						"propId": 8016,
						"num": 4
					}
				]
			},
			"10206": {
				"sort": 10206,
				"id": "GongFund",
				"type": 1004,
				"value": 60,
				"param1": 0,
				"param2": 0,
				"freeAwards": [
					{
						// 灵气
						"sort": 10206,
						"propId": 10201,
						"num": 200
					}
				],
				"buyAwards": [
					{
						// 灵气
						"sort": 10206,
						"propId": 10201,
						"num": 5000
					},
					{
						// 鬼市币
						"sort": 10206,
						"propId": 8016,
						"num": 4
					}
				]
			},
			"10207": {
				"sort": 10207,
				"id": "GongFund",
				"type": 1004,
				"value": 70,
				"param1": 0,
				"param2": 0,
				"freeAwards": [
					{
						// 灵气
						"sort": 10207,
						"propId": 10201,
						"num": 200
					}
				],
				"buyAwards": [
					{
						// 灵气
						"sort": 10207,
						"propId": 10201,
						"num": 5000
					},
					{
						// 鬼市币
						"sort": 10207,
						"propId": 8016,
						"num": 4
					}
				]
			},
			"10208": {
				"sort": 10208,
				"id": "GongFund",
				"type": 1004,
				"value": 80,
				"param1": 0,
				"param2": 0,
				"freeAwards": [
					{
						// 灵气
						"sort": 10208,
						"propId": 10201,
						"num": 200
					}
				],
				"buyAwards": [
					{
						// 灵气
						"sort": 10208,
						"propId": 10201,
						"num": 5000
					},
					{
						// 鬼市币
						"sort": 10208,
						"propId": 8016,
						"num": 4
					}
				]
			},
			"10209": {
				"sort": 10209,
				"id": "GongFund",
				"type": 1004,
				"value": 90,
				"param1": 0,
				"param2": 0,
				"freeAwards": [
					{
						// 灵气
						"sort": 10209,
						"propId": 10201,
						"num": 200
					}
				],
				"buyAwards": [
					{
						// 灵气
						"sort": 10209,
						"propId": 10201,
						"num": 5000
					},
					{
						// 鬼市币
						"sort": 10209,
						"propId": 8016,
						"num": 4
					}
				]
			},
			"10210": {
				"sort": 10210,
				"id": "GongFund",
				"type": 1004,
				"value": 100,
				"param1": 0,
				"param2": 0,
				"freeAwards": [
					{
						// 灵气
						"sort": 10210,
						"propId": 10201,
						"num": 200
					}
				],
				"buyAwards": [
					{
						// 灵气
						"sort": 10210,
						"propId": 10201,
						"num": 5000
					},
					{
						// 鬼市币
						"sort": 10210,
						"propId": 8016,
						"num": 4
					}
				]
			},
			"10211": {
				"sort": 10211,
				"id": "GongFund",
				"type": 1004,
				"value": 110,
				"param1": 0,
				"param2": 0,
				"freeAwards": [
					{
						// 灵气
						"sort": 10211,
						"propId": 10201,
						"num": 200
					}
				],
				"buyAwards": [
					{
						// 灵气
						"sort": 10211,
						"propId": 10201,
						"num": 5000
					},
					{
						// 鬼市币
						"sort": 10211,
						"propId": 8016,
						"num": 4
					}
				]
			},
			"10212": {
				"sort": 10212,
				"id": "GongFund",
				"type": 1004,
				"value": 120,
				"param1": 0,
				"param2": 0,
				"freeAwards": [
					{
						// 灵气
						"sort": 10212,
						"propId": 10201,
						"num": 200
					}
				],
				"buyAwards": [
					{
						// 灵气
						"sort": 10212,
						"propId": 10201,
						"num": 5000
					},
					{
						// 鬼市币
						"sort": 10212,
						"propId": 8016,
						"num": 4
					}
				]
			}
		}
	},
	"WeaponFund": {
		"id": "WeaponFund",
		"desc": {"l10n":"-ocxap9"},//解锁后可额外领取价值[color=#FFFFFF]36000[/color]仙玉的奖励
		"freeRewardTitle": {"l10n":"x0reoz"},//法宝基金
		"buyRewardTitle": {"l10n":"-bue7hg"},//高级法宝基金
		"rechargeId": 22003,
		"more": {
			"10301": {
				"sort": 10301,
				"id": "WeaponFund",
				"type": 1003,
				"value": 10,
				"param1": 0,
				"param2": 0,
				"freeAwards": [
					{
						// 妖气
						"sort": 10301,
						"propId": 10202,
						"num": 200
					}
				],
				"buyAwards": [
					{
						// 妖气
						"sort": 10301,
						"propId": 10202,
						"num": 5000
					},
					{
						// 引魂珠
						"sort": 10301,
						"propId": 10204,
						"num": 10
					}
				]
			},
			"10302": {
				"sort": 10302,
				"id": "WeaponFund",
				"type": 1003,
				"value": 20,
				"param1": 0,
				"param2": 0,
				"freeAwards": [
					{
						// 妖气
						"sort": 10302,
						"propId": 10202,
						"num": 200
					}
				],
				"buyAwards": [
					{
						// 妖气
						"sort": 10302,
						"propId": 10202,
						"num": 5000
					},
					{
						// 引魂珠
						"sort": 10302,
						"propId": 10204,
						"num": 10
					}
				]
			},
			"10303": {
				"sort": 10303,
				"id": "WeaponFund",
				"type": 1003,
				"value": 30,
				"param1": 0,
				"param2": 0,
				"freeAwards": [
					{
						// 妖气
						"sort": 10303,
						"propId": 10202,
						"num": 200
					}
				],
				"buyAwards": [
					{
						// 妖气
						"sort": 10303,
						"propId": 10202,
						"num": 5000
					},
					{
						// 引魂珠
						"sort": 10303,
						"propId": 10204,
						"num": 10
					}
				]
			},
			"10304": {
				"sort": 10304,
				"id": "WeaponFund",
				"type": 1003,
				"value": 40,
				"param1": 0,
				"param2": 0,
				"freeAwards": [
					{
						// 妖气
						"sort": 10304,
						"propId": 10202,
						"num": 200
					}
				],
				"buyAwards": [
					{
						// 妖气
						"sort": 10304,
						"propId": 10202,
						"num": 5000
					},
					{
						// 引魂珠
						"sort": 10304,
						"propId": 10204,
						"num": 10
					}
				]
			},
			"10305": {
				"sort": 10305,
				"id": "WeaponFund",
				"type": 1003,
				"value": 50,
				"param1": 0,
				"param2": 0,
				"freeAwards": [
					{
						// 妖气
						"sort": 10305,
						"propId": 10202,
						"num": 200
					}
				],
				"buyAwards": [
					{
						// 妖气
						"sort": 10305,
						"propId": 10202,
						"num": 5000
					},
					{
						// 引魂珠
						"sort": 10305,
						"propId": 10204,
						"num": 10
					}
				]
			},
			"10306": {
				"sort": 10306,
				"id": "WeaponFund",
				"type": 1003,
				"value": 60,
				"param1": 0,
				"param2": 0,
				"freeAwards": [
					{
						// 妖气
						"sort": 10306,
						"propId": 10202,
						"num": 200
					}
				],
				"buyAwards": [
					{
						// 妖气
						"sort": 10306,
						"propId": 10202,
						"num": 5000
					},
					{
						// 引魂珠
						"sort": 10306,
						"propId": 10204,
						"num": 10
					}
				]
			},
			"10307": {
				"sort": 10307,
				"id": "WeaponFund",
				"type": 1003,
				"value": 70,
				"param1": 0,
				"param2": 0,
				"freeAwards": [
					{
						// 妖气
						"sort": 10307,
						"propId": 10202,
						"num": 200
					}
				],
				"buyAwards": [
					{
						// 妖气
						"sort": 10307,
						"propId": 10202,
						"num": 5000
					},
					{
						// 引魂珠
						"sort": 10307,
						"propId": 10204,
						"num": 10
					}
				]
			},
			"10308": {
				"sort": 10308,
				"id": "WeaponFund",
				"type": 1003,
				"value": 80,
				"param1": 0,
				"param2": 0,
				"freeAwards": [
					{
						// 妖气
						"sort": 10308,
						"propId": 10202,
						"num": 200
					}
				],
				"buyAwards": [
					{
						// 妖气
						"sort": 10308,
						"propId": 10202,
						"num": 5000
					},
					{
						// 引魂珠
						"sort": 10308,
						"propId": 10204,
						"num": 10
					}
				]
			},
			"10309": {
				"sort": 10309,
				"id": "WeaponFund",
				"type": 1003,
				"value": 90,
				"param1": 0,
				"param2": 0,
				"freeAwards": [
					{
						// 妖气
						"sort": 10309,
						"propId": 10202,
						"num": 200
					}
				],
				"buyAwards": [
					{
						// 妖气
						"sort": 10309,
						"propId": 10202,
						"num": 5000
					},
					{
						// 引魂珠
						"sort": 10309,
						"propId": 10204,
						"num": 10
					}
				]
			},
			"10310": {
				"sort": 10310,
				"id": "WeaponFund",
				"type": 1003,
				"value": 100,
				"param1": 0,
				"param2": 0,
				"freeAwards": [
					{
						// 妖气
						"sort": 10310,
						"propId": 10202,
						"num": 200
					}
				],
				"buyAwards": [
					{
						// 妖气
						"sort": 10310,
						"propId": 10202,
						"num": 5000
					},
					{
						// 引魂珠
						"sort": 10310,
						"propId": 10204,
						"num": 10
					}
				]
			},
			"10311": {
				"sort": 10311,
				"id": "WeaponFund",
				"type": 1003,
				"value": 110,
				"param1": 0,
				"param2": 0,
				"freeAwards": [
					{
						// 妖气
						"sort": 10311,
						"propId": 10202,
						"num": 200
					}
				],
				"buyAwards": [
					{
						// 妖气
						"sort": 10311,
						"propId": 10202,
						"num": 5000
					},
					{
						// 引魂珠
						"sort": 10311,
						"propId": 10204,
						"num": 10
					}
				]
			},
			"10312": {
				"sort": 10312,
				"id": "WeaponFund",
				"type": 1003,
				"value": 120,
				"param1": 0,
				"param2": 0,
				"freeAwards": [
					{
						// 妖气
						"sort": 10312,
						"propId": 10202,
						"num": 200
					}
				],
				"buyAwards": [
					{
						// 妖气
						"sort": 10312,
						"propId": 10202,
						"num": 5000
					},
					{
						// 引魂珠
						"sort": 10312,
						"propId": 10204,
						"num": 10
					}
				]
			}
		}
	},
	"EquipFund": {
		"id": "EquipFund",
		"desc": {"l10n":"kitptt"},//解锁后可额外领取价值[color=#FFFFFF]60000[/color]仙玉的奖励
		"freeRewardTitle": {"l10n":"wkqn0z"},//装备基金
		"buyRewardTitle": {"l10n":"-eomshg"},//高级装备基金
		"rechargeId": 22004,
		"more": {
			"10401": {
				"sort": 10401,
				"id": "EquipFund",
				"type": 1002,
				"value": 90,
				"param1": 0,
				"param2": 0,
				"freeAwards": [
					{
						// 精铁
						"sort": 10401,
						"propId": 10203,
						"num": 5000
					}
				],
				"buyAwards": [
					{
						// 精铁
						"sort": 10401,
						"propId": 10203,
						"num": 25000
					},
					{
						// 宝石袋
						"sort": 10401,
						"propId": 8015,
						"num": 5
					}
				]
			},
			"10402": {
				"sort": 10402,
				"id": "EquipFund",
				"type": 1002,
				"value": 95,
				"param1": 0,
				"param2": 0,
				"freeAwards": [
					{
						// 精铁
						"sort": 10402,
						"propId": 10203,
						"num": 5000
					}
				],
				"buyAwards": [
					{
						// 精铁
						"sort": 10402,
						"propId": 10203,
						"num": 25000
					},
					{
						// 宝石袋
						"sort": 10402,
						"propId": 8015,
						"num": 5
					}
				]
			},
			"10403": {
				"sort": 10403,
				"id": "EquipFund",
				"type": 1002,
				"value": 100,
				"param1": 0,
				"param2": 0,
				"freeAwards": [
					{
						// 精铁
						"sort": 10403,
						"propId": 10203,
						"num": 5000
					}
				],
				"buyAwards": [
					{
						// 精铁
						"sort": 10403,
						"propId": 10203,
						"num": 25000
					},
					{
						// 宝石袋
						"sort": 10403,
						"propId": 8015,
						"num": 5
					}
				]
			},
			"10404": {
				"sort": 10404,
				"id": "EquipFund",
				"type": 1002,
				"value": 105,
				"param1": 0,
				"param2": 0,
				"freeAwards": [
					{
						// 精铁
						"sort": 10404,
						"propId": 10203,
						"num": 5000
					}
				],
				"buyAwards": [
					{
						// 精铁
						"sort": 10404,
						"propId": 10203,
						"num": 25000
					},
					{
						// 宝石袋
						"sort": 10404,
						"propId": 8015,
						"num": 5
					}
				]
			},
			"10405": {
				"sort": 10405,
				"id": "EquipFund",
				"type": 1002,
				"value": 110,
				"param1": 0,
				"param2": 0,
				"freeAwards": [
					{
						// 精铁
						"sort": 10405,
						"propId": 10203,
						"num": 5000
					}
				],
				"buyAwards": [
					{
						// 精铁
						"sort": 10405,
						"propId": 10203,
						"num": 25000
					},
					{
						// 宝石袋
						"sort": 10405,
						"propId": 8015,
						"num": 5
					}
				]
			},
			"10406": {
				"sort": 10406,
				"id": "EquipFund",
				"type": 1002,
				"value": 115,
				"param1": 0,
				"param2": 0,
				"freeAwards": [
					{
						// 精铁
						"sort": 10406,
						"propId": 10203,
						"num": 5000
					}
				],
				"buyAwards": [
					{
						// 精铁
						"sort": 10406,
						"propId": 10203,
						"num": 25000
					},
					{
						// 宝石袋
						"sort": 10406,
						"propId": 8015,
						"num": 5
					}
				]
			},
			"10407": {
				"sort": 10407,
				"id": "EquipFund",
				"type": 1002,
				"value": 120,
				"param1": 0,
				"param2": 0,
				"freeAwards": [
					{
						// 精铁
						"sort": 10407,
						"propId": 10203,
						"num": 5000
					}
				],
				"buyAwards": [
					{
						// 精铁
						"sort": 10407,
						"propId": 10203,
						"num": 25000
					},
					{
						// 宝石袋
						"sort": 10407,
						"propId": 8015,
						"num": 5
					}
				]
			},
			"10408": {
				"sort": 10408,
				"id": "EquipFund",
				"type": 1002,
				"value": 130,
				"param1": 0,
				"param2": 0,
				"freeAwards": [
					{
						// 精铁
						"sort": 10408,
						"propId": 10203,
						"num": 5000
					}
				],
				"buyAwards": [
					{
						// 精铁
						"sort": 10408,
						"propId": 10203,
						"num": 25000
					},
					{
						// 宝石袋
						"sort": 10408,
						"propId": 8015,
						"num": 5
					}
				]
			},
			"10409": {
				"sort": 10409,
				"id": "EquipFund",
				"type": 1002,
				"value": 140,
				"param1": 0,
				"param2": 0,
				"freeAwards": [
					{
						// 精铁
						"sort": 10409,
						"propId": 10203,
						"num": 5000
					}
				],
				"buyAwards": [
					{
						// 精铁
						"sort": 10409,
						"propId": 10203,
						"num": 25000
					},
					{
						// 宝石袋
						"sort": 10409,
						"propId": 8015,
						"num": 5
					}
				]
			},
			"10410": {
				"sort": 10410,
				"id": "EquipFund",
				"type": 1002,
				"value": 150,
				"param1": 0,
				"param2": 0,
				"freeAwards": [
					{
						// 精铁
						"sort": 10410,
						"propId": 10203,
						"num": 5000
					}
				],
				"buyAwards": [
					{
						// 精铁
						"sort": 10410,
						"propId": 10203,
						"num": 25000
					},
					{
						// 宝石袋
						"sort": 10410,
						"propId": 8015,
						"num": 5
					}
				]
			}
		}
	}
}