{
	//getway.id 途径id(每新增一个id，都需要同步到对应的程序让其加跳转逻辑)
	//getway.icon 途径图标(后续版本开发)
	//getway.title 途径名称
	//getway.systemId 跳转的systemId
	//getway.jumpTo 跳转参数，systemId不足以指定的情况下加参数，用_分隔
	//getway.isRecommend 是否为推荐getway(1是0否)；不填默认为否
	//getway.desc 跳转逻辑备注(供策划程序备忘，不会显示在游戏中)
	//"salt": "a35ea303f27c066ec1e57dffdb427022"
	"1": {
		// 妖血、感悟书、妖气丹、引魂珠、1阶宝石(攻防血)、清心符、活血丹、通脉散、凝破丸购买
		"id": 1,
		"icon": 1,
		"title": "仙晶坊",
		"systemId": 29,
		"isRecommend": 0,
		"desc": "跳转到仙玉商店主界面"
	},
	"2": {
		// 妖丹、供品
		"id": 2,
		"icon": 1,
		"title": "斗胜坊",
		"systemId": 30,
		"isRecommend": 0,
		"desc": "跳转到夔牛商店主界面"
	},
	"3": {
		// 妖血、引魂珠、1阶宝石(攻防血)
		"id": 3,
		"icon": 1,
		"title": "山头坊",
		"systemId": 31,
		"isRecommend": 0,
		"desc": "跳转到山头商店主界面"
	},
	"4": {
		// 妖丹、历练令、妖气丹、感悟书
		"id": 4,
		"icon": 1,
		"title": "馈礼坊",
		"systemId": 32,
		"isRecommend": 0,
		"desc": "跳转到积分商店主界面"
	},
	"5": {
		// 妖丹、竞技积分
		"id": 5,
		"icon": 2,
		"title": "历练-夔牛历练",
		"systemId": 6,
		"isRecommend": 1,
		"desc": "跳转到夔牛历练boss选择界面"
	},
	"6": {
		// 修士腰牌
		"id": 6,
		"icon": 2,
		"title": "历练-个人历练",
		"systemId": 15,
		"isRecommend": 1,
		"desc": "跳转到历练主界面"
	},
	"7": {
		// 灵气、神器
		"id": 7,
		"icon": 2,
		"title": "历练-元神历练",
		"systemId": 39,
		"isRecommend": 1,
		"desc": "跳转到元神历练boss选择界面"
	},
	"8": {
		// 妖气、引魂珠
		"id": 8,
		"icon": 2,
		"title": "历练-法宝历练",
		"systemId": 38,
		"isRecommend": 1,
		"desc": "跳转到法宝历练boss选择界面"
	},
	"9": {
		// 精铁、1阶宝石(攻防血)
		"id": 9,
		"icon": 2,
		"title": "历练-装备历练",
		"systemId": 40,
		"isRecommend": 1,
		"desc": "跳转到装备历练boss选择界面"
	},
	"10": {
		// 山头功绩、妖血
		"id": 10,
		"icon": 2,
		"title": "历练-护山妖兽",
		"systemId": 18,
		"isRecommend": 1,
		"desc": "跳转到护山妖兽boss选择界面"
	},
	"11": {
		// 杀敌数、万灵碎片
		"id": 11,
		"icon": 3,
		"title": "个人修炼",
		"systemId": 1,
		"isRecommend": 1,
		"desc": "跳转到个人修炼主界面"
	},
	"12": {
		// 妖丹、引魂珠
		"id": 12,
		"icon": 4,
		"title": "修炼-杀敌BOSS",
		"systemId": 16,
		"isRecommend": 0,
		"desc": "跳转到斩心魔功能主界面"
	},
	"13": {
		// 山头功绩
		"id": 13,
		"icon": 5,
		"title": "山头-山头捐献",
		"systemId": 8,
		"jumpTo": "2",
		"isRecommend": 0,
		"desc": "跳转到山头捐纳主界面"
	},
	"14": {
		// 灵气、妖气
		"id": 14,
		"icon": 6,
		"title": "修炼-挂机收益",
		"systemId": 37,
		"isRecommend": 0,
		"desc": "跳转到挂机收益主界面"
	},
	"15": {
		// 妖丹
		"id": 15,
		"icon": 8,
		"title": "法宝-祭炼法宝",
		"systemId": 4,
		"isRecommend": 0,
		"desc": "跳转到法宝主界面"
	},
	"16": {
		// 妖术点
		"id": 16,
		"icon": 9,
		"title": "修炼-斩心魔",
		"systemId": 16,
		"isRecommend": 0,
		"desc": "跳转到斩心魔主界面"
	},
	"17": {
		// 妖丹
		"id": 17,
		"icon": 9,
		"title": "元神-提升元神境界",
		"systemId": 3,
		"jumpTo": "1",
		"isRecommend": 0,
		"desc": "跳转到功法境界界面"
	},
	"18": {
		// 精铁
		"id": 18,
		"icon": 10,
		"title": "装备分解",
		"systemId": 5,
		"jumpTo": "1",
		"isRecommend": 0,
		"desc": "跳转到熔炼装备功能主界面"
	},
	"19": {
		// 竞技积分
		"id": 19,
		"icon": 13,
		"title": "论道台",
		"systemId": 17,
		"isRecommend": 0,
		"desc": "跳转到论道台功能主界面"
	},
	"20": {
		// 修炼丹、凝妖阵、聚灵阵
		"id": 20,
		"icon": 14,
		"title": "冲榜活动",
		"systemId": 19,
		"isRecommend": 0,
		"desc": "跳转到冲榜功能主界面(需有正在开启的冲榜活动才可跳转)"
	},
	"21": {
		// 馈礼券
		"id": 21,
		"icon": 14,
		"title": "超值礼包",
		"systemId": 52,
		"isRecommend": 0,
		"desc": "跳转到充值豪礼-超值礼包主界面"
	},
	"22": {
		// 灵气、妖气
		"id": 22,
		"icon": 14,
		"title": "多人修炼",
		"systemId": 2,
		"isRecommend": 1,
		"desc": "程序根据物品类型和玩家等级，自动跳转至当前掉落对应物品的、玩家可进入最大等级的多人修炼地图"
	},
	"23": {
		// 获得素萝点击次数等
		"id": 23,
		"icon": 14,
		"title": "月卡",
		"systemId": 50,
		"isRecommend": 0,
		"desc": "跳转到月卡界面"
	},
	"24": {
		// 获得素萝点击次数等
		"id": 24,
		"icon": 14,
		"title": "高级月卡",
		"systemId": 51,
		"isRecommend": 0,
		"desc": "跳转到高级月卡界面"
	},
	"25": {
		"id": 25,
		"icon": 14,
		"title": "运营活动",
		"isRecommend": 0
	}
}