{
	//罗刹鬼市.id id
	//罗刹鬼市.costPropId 单抽品id
	//罗刹鬼市.costNum 单抽消耗数量
	//罗刹鬼市.costFiveNum 5抽消耗数量
	//罗刹鬼市.desc 描述
	//罗刹鬼市.rank 抽取池
	//罗刹鬼市.show 展示
	//rank.id id
	//rank.propId 物品id
	//rank.num 物品数量
	//rank.pro 权重，总权重代表100%
	//show.type 展示类型
	//show.id id
	//show.showName 类型文字
	//show.showPro 展示概率万分比
	//show.showItem 展示道具
	//showItem.type 展示类型
	//showItem.propId 物品id
	//showItem.num 物品数量
	//"salt": "a49bf9c836e3f646084c0986010748cf"
	"1": {
		"id": 1,
		"costPropId": 8016,
		"costNum": 1,
		"costFiveNum": 5,
		"desc": {"l10n":"-vyypd5"},//抽取可获得[color=#e187fe]紫色[/color]~[color=#ff9a40]橙色[/color]供品
		"rank": [
			{
				"id": 1,
				"propId": 201001,
				"num": 1,
				"pro": 50
			},
			{
				"id": 1,
				"propId": 201002,
				"num": 1,
				"pro": 50
			},
			{
				"id": 1,
				"propId": 201003,
				"num": 1,
				"pro": 50
			},
			{
				"id": 1,
				"propId": 202001,
				"num": 1,
				"pro": 40
			},
			{
				"id": 1,
				"propId": 202002,
				"num": 1,
				"pro": 40
			},
			{
				"id": 1,
				"propId": 202003,
				"num": 1,
				"pro": 40
			},
			{
				"id": 1,
				"propId": 203001,
				"num": 1,
				"pro": 20
			},
			{
				"id": 1,
				"propId": 203002,
				"num": 1,
				"pro": 20
			},
			{
				"id": 1,
				"propId": 203003,
				"num": 1,
				"pro": 20
			}
		],
		"show": [
			{
				"type": 1,
				"id": 1,
				"showName": {"l10n":"-8w27h2"},//橙色供品
				"showPro": 1900,
				"showItem": [
					{
						"type": 1,
						"propId": 203001,
						"num": 1
					},
					{
						"type": 1,
						"propId": 203002,
						"num": 1
					},
					{
						"type": 1,
						"propId": 203003,
						"num": 1
					}
				]
			},
			{
				"type": 2,
				"id": 1,
				"showName": {"l10n":"-8w38im"},//金色供品
				"showPro": 3600,
				"showItem": [
					{
						"type": 2,
						"propId": 202001,
						"num": 1
					},
					{
						"type": 2,
						"propId": 202002,
						"num": 1
					},
					{
						"type": 2,
						"propId": 202003,
						"num": 1
					}
				]
			},
			{
				"type": 3,
				"id": 1,
				"showName": {"l10n":"-8w2c3s"},//紫色供品
				"showPro": 4500,
				"showItem": [
					{
						"type": 3,
						"propId": 201001,
						"num": 1
					},
					{
						"type": 3,
						"propId": 201002,
						"num": 1
					},
					{
						"type": 3,
						"propId": 201003,
						"num": 1
					}
				]
			}
		]
	}
}