{
	//特惠礼包表.id 商店唯一 id
	//特惠礼包表.name 商店标题
	//特惠礼包表.enName 商店英文名,程序使用
	//特惠礼包表.npcIcon 商店NPC图片资源
	//特惠礼包表.unlockType 商店解锁方式(1解锁对应功能后解锁,value为功能id；-1默认解锁)
	//特惠礼包表.showNum 商店中可展示最大礼包数量(-1则无限制)
	//特惠礼包表.content 商店内容
	//content.giftId 礼包id
	//content.id 商店唯一id
	//content.desc 礼包名称
	//content.giftIcon 礼包icon图片资源id
	//content.rechargeId 计费点ID
	//content.type 礼包类型(1现金礼包4免费礼包3广告礼包2仙玉礼包)
	//content.costId 消耗道具id
	//content.costNum 消耗道具数量
	//content.buyLimitType 限购种类(1每日限购，2每周限购，3每月限购，4终身限购。-1则不限购)
	//content.buyLimitNum 限购次数(-1无限次)
	//content.awards 奖励内容
	//awards.giftId 礼包id
	//awards.propId 道具id
	//awards.num 数量
	//"salt": "10afa929bb871d53ad301ba0d50ca527"
	"1": {
		"id": 1,
		"name": {"l10n":"-b4vv5d"},//每日礼包
		"enName": "shopDay",
		"unlockType": -1,
		"showNum": -1,
		"content": {
			"10001": {
				"giftId": 10001,
				"id": 1,
				"desc": {"l10n":"9exqrs"},//馈礼券礼包
				"giftIcon": 401,
				"rechargeId": 0,
				"type": 4,
				"costId": 0,
				"costNum": 0,
				"buyLimitType": 1,
				"buyLimitNum": 1,
				"awards": [
					{
						// 馈礼券
						"giftId": 10001,
						"propId": 1018,
						"num": 5
					}
				]
			},
			"10002": {
				"giftId": 10002,
				"id": 1,
				"desc": {"l10n":"-rrwafl"},//初级奇珍礼包
				"giftIcon": 401,
				"rechargeId": 10002,
				"type": 1,
				"costId": 0,
				"costNum": 0,
				"buyLimitType": 1,
				"buyLimitNum": 1,
				"awards": [
					{
						// 馈礼券
						"giftId": 10002,
						"propId": 1018,
						"num": 10
					},
					{
						// 精力
						"giftId": 10002,
						"propId": 1003,
						"num": 10
					},
					{
						// 奇珍图
						"giftId": 10002,
						"propId": 8016,
						"num": 1
					}
				]
			},
			"10003": {
				"giftId": 10003,
				"id": 1,
				"desc": {"l10n":"-ud36ev"},//初级法宝礼包
				"giftIcon": 402,
				"rechargeId": 10003,
				"type": 1,
				"costId": 0,
				"costNum": 0,
				"buyLimitType": 1,
				"buyLimitNum": 1,
				"awards": [
					{
						// 馈礼券
						"giftId": 10003,
						"propId": 1018,
						"num": 20
					},
					{
						// 精力
						"giftId": 10003,
						"propId": 1003,
						"num": 20
					},
					{
						// 引魂珠
						"giftId": 10003,
						"propId": 10204,
						"num": 2
					}
				]
			},
			"10004": {
				"giftId": 10004,
				"id": 1,
				"desc": {"l10n":"-rretup"},//中级奇珍礼包
				"giftIcon": 402,
				"rechargeId": 10004,
				"type": 1,
				"costId": 0,
				"costNum": 0,
				"buyLimitType": 1,
				"buyLimitNum": 1,
				"awards": [
					{
						// 馈礼券
						"giftId": 10004,
						"propId": 1018,
						"num": 30
					},
					{
						// 精力
						"giftId": 10004,
						"propId": 1003,
						"num": 30
					},
					{
						// 奇珍图
						"giftId": 10004,
						"propId": 8016,
						"num": 3
					}
				]
			},
			"10005": {
				"giftId": 10005,
				"id": 1,
				"desc": {"l10n":"-uclptz"},//中级法宝礼包
				"giftIcon": 403,
				"rechargeId": 10005,
				"type": 1,
				"costId": 0,
				"costNum": 0,
				"buyLimitType": 1,
				"buyLimitNum": 1,
				"awards": [
					{
						// 馈礼券
						"giftId": 10005,
						"propId": 1018,
						"num": 40
					},
					{
						// 精力
						"giftId": 10005,
						"propId": 1003,
						"num": 40
					},
					{
						// 引魂珠
						"giftId": 10005,
						"propId": 10204,
						"num": 6
					}
				]
			},
			"10006": {
				"giftId": 10006,
				"id": 1,
				"desc": {"l10n":"-rsq5a4"},//高级奇珍礼包
				"giftIcon": 403,
				"rechargeId": 10006,
				"type": 1,
				"costId": 0,
				"costNum": 0,
				"buyLimitType": 1,
				"buyLimitNum": 1,
				"awards": [
					{
						// 馈礼券
						"giftId": 10006,
						"propId": 1018,
						"num": 40
					},
					{
						// 精力
						"giftId": 10006,
						"propId": 1003,
						"num": 50
					},
					{
						// 功法点
						"giftId": 10006,
						"propId": 10201,
						"num": 8000
					},
					{
						// 奇珍图
						"giftId": 10006,
						"propId": 8016,
						"num": 8
					}
				]
			},
			"10007": {
				"giftId": 10007,
				"id": 1,
				"desc": {"l10n":"-rrqkfp"},//特级奇珍礼包
				"giftIcon": 404,
				"rechargeId": 10007,
				"type": 1,
				"costId": 0,
				"costNum": 0,
				"buyLimitType": 1,
				"buyLimitNum": 1,
				"awards": [
					{
						// 馈礼券
						"giftId": 10007,
						"propId": 1018,
						"num": 40
					},
					{
						// 精力
						"giftId": 10007,
						"propId": 1003,
						"num": 60
					},
					{
						// 功法点
						"giftId": 10007,
						"propId": 10201,
						"num": 12000
					},
					{
						// 奇珍图
						"giftId": 10007,
						"propId": 8016,
						"num": 12
					}
				]
			},
			"10008": {
				"giftId": 10008,
				"id": 1,
				"desc": {"l10n":"-udx19e"},//高级法宝礼包
				"giftIcon": 404,
				"rechargeId": 10008,
				"type": 1,
				"costId": 0,
				"costNum": 0,
				"buyLimitType": 1,
				"buyLimitNum": 1,
				"awards": [
					{
						// 馈礼券
						"giftId": 10008,
						"propId": 1018,
						"num": 40
					},
					{
						// 精力
						"giftId": 10008,
						"propId": 1003,
						"num": 70
					},
					{
						// 灵气
						"giftId": 10008,
						"propId": 10202,
						"num": 14000
					},
					{
						// 引魂珠
						"giftId": 10008,
						"propId": 10204,
						"num": 14
					}
				]
			},
			"10009": {
				"giftId": 10009,
				"id": 1,
				"desc": {"l10n":"-ucxgez"},//特级法宝礼包
				"giftIcon": 404,
				"rechargeId": 10009,
				"type": 1,
				"costId": 0,
				"costNum": 0,
				"buyLimitType": 1,
				"buyLimitNum": 1,
				"awards": [
					{
						// 馈礼券
						"giftId": 10009,
						"propId": 1018,
						"num": 40
					},
					{
						// 精力
						"giftId": 10009,
						"propId": 1003,
						"num": 80
					},
					{
						// 灵气
						"giftId": 10009,
						"propId": 10202,
						"num": 30000
					},
					{
						// 引魂珠
						"giftId": 10009,
						"propId": 10204,
						"num": 30
					}
				]
			},
			"10010": {
				"giftId": 10010,
				"id": 1,
				"desc": {"l10n":"ntsv1z"},//豪华宝石礼包
				"giftIcon": 404,
				"rechargeId": 10010,
				"type": 1,
				"costId": 0,
				"costNum": 0,
				"buyLimitType": 1,
				"buyLimitNum": 1,
				"awards": [
					{
						// 馈礼券
						"giftId": 10010,
						"propId": 1018,
						"num": 40
					},
					{
						// 精力
						"giftId": 10010,
						"propId": 1003,
						"num": 90
					},
					{
						// 精铁
						"giftId": 10010,
						"propId": 10203,
						"num": 60000
					},
					{
						// 宝石袋
						"giftId": 10010,
						"propId": 8015,
						"num": 60
					}
				]
			}
		}
	},
	"2": {
		"id": 2,
		"name": {"l10n":"ihsqdy"},//终身礼包
		"enName": "shopLife",
		"unlockType": -1,
		"showNum": -1,
		"content": {

		}
	}
}