{
	//元神.id 序列号
	//元神.showLv 等级
	//元神.star 星级
	//元神.name 名字
	//元神.desc 描述1
	//元神.icon 资源图片
	//元神.lvLimit 元神强度限制
	//元神.costPropId 消耗道具
	//元神.costNum 消耗数量
	//元神.atk 攻击力
	//元神.def 防御力
	//元神.hp 血量
	//元神.propId 奖励道具1
	//元神.num 奖励数量
	//"salt": "191682ce09310206136caf231fd1e6b4"
	"0": {
		// 25
		"id": 0,
		"showLv": 0,
		"star": 0,
		"name": {"l10n":"-7gkftv"},//元神
		"desc": {"l10n":"-176qf2"},//黑铁所制，有千钧之重，非内力深厚者难以运使自如。
		"lvLimit": 1,
		"costPropId": 10201,
		"costNum": 50,
		"atk": 0,
		"def": 0,
		"hp": 0,
		"propId": 0,
		"num": 0
	},
	"1": {
		// 50
		"id": 1,
		"showLv": 1,
		"star": 1,
		"name": {"l10n":"-7gkftv"},//元神
		"desc": {"l10n":"-176qf2"},//黑铁所制，有千钧之重，非内力深厚者难以运使自如。
		"lvLimit": 1,
		"costPropId": 10201,
		"costNum": 100,
		"atk": 15,
		"def": 5,
		"hp": 1000,
		"propId": 0,
		"num": 0
	},
	"2": {
		// 75
		"id": 2,
		"showLv": 2,
		"star": 2,
		"name": {"l10n":"-7gkftv"},//元神
		"desc": {"l10n":"-176qf2"},//黑铁所制，有千钧之重，非内力深厚者难以运使自如。
		"lvLimit": 1,
		"costPropId": 10201,
		"costNum": 150,
		"atk": 30,
		"def": 10,
		"hp": 2000,
		"propId": 0,
		"num": 0
	},
	"3": {
		// 100
		"id": 3,
		"showLv": 3,
		"star": 3,
		"name": {"l10n":"-7gkftv"},//元神
		"desc": {"l10n":"-176qf2"},//黑铁所制，有千钧之重，非内力深厚者难以运使自如。
		"lvLimit": 1,
		"costPropId": 10201,
		"costNum": 200,
		"atk": 45,
		"def": 15,
		"hp": 3000,
		"propId": 0,
		"num": 0
	},
	"4": {
		// 125
		"id": 4,
		"showLv": 4,
		"star": 4,
		"name": {"l10n":"-7gkftv"},//元神
		"desc": {"l10n":"-176qf2"},//黑铁所制，有千钧之重，非内力深厚者难以运使自如。
		"lvLimit": 1,
		"costPropId": 10201,
		"costNum": 250,
		"atk": 60,
		"def": 20,
		"hp": 4000,
		"propId": 0,
		"num": 0
	},
	"5": {
		// 150
		"id": 5,
		"showLv": 5,
		"star": 5,
		"name": {"l10n":"-7gkftv"},//元神
		"desc": {"l10n":"-176qf2"},//黑铁所制，有千钧之重，非内力深厚者难以运使自如。
		"lvLimit": 1,
		"costPropId": 10201,
		"costNum": 300,
		"atk": 75,
		"def": 25,
		"hp": 5000,
		"propId": 0,
		"num": 0
	},
	"6": {
		// 160
		"id": 6,
		"showLv": 6,
		"star": 6,
		"name": {"l10n":"-7gkftv"},//元神
		"desc": {"l10n":"-176qf2"},//黑铁所制，有千钧之重，非内力深厚者难以运使自如。
		"lvLimit": 1,
		"costPropId": 10201,
		"costNum": 320,
		"atk": 90,
		"def": 30,
		"hp": 6000,
		"propId": 0,
		"num": 0
	},
	"7": {
		// 170
		"id": 7,
		"showLv": 7,
		"star": 7,
		"name": {"l10n":"-7gkftv"},//元神
		"desc": {"l10n":"-176qf2"},//黑铁所制，有千钧之重，非内力深厚者难以运使自如。
		"lvLimit": 1,
		"costPropId": 10201,
		"costNum": 340,
		"atk": 105,
		"def": 35,
		"hp": 7000,
		"propId": 0,
		"num": 0
	},
	"8": {
		// 180
		"id": 8,
		"showLv": 8,
		"star": 8,
		"name": {"l10n":"-7gkftv"},//元神
		"desc": {"l10n":"-176qf2"},//黑铁所制，有千钧之重，非内力深厚者难以运使自如。
		"lvLimit": 1,
		"costPropId": 10201,
		"costNum": 360,
		"atk": 120,
		"def": 40,
		"hp": 8000,
		"propId": 0,
		"num": 0
	},
	"9": {
		// 190
		"id": 9,
		"showLv": 9,
		"star": 9,
		"name": {"l10n":"-7gkftv"},//元神
		"desc": {"l10n":"-176qf2"},//黑铁所制，有千钧之重，非内力深厚者难以运使自如。
		"lvLimit": 1,
		"costPropId": 10201,
		"costNum": 380,
		"atk": 135,
		"def": 45,
		"hp": 9000,
		"propId": 0,
		"num": 0
	},
	"10": {
		"id": 10,
		"showLv": 10,
		"star": 10,
		"name": {"l10n":"-7gkftv"},//元神
		"desc": {"l10n":"-176qf2"},//黑铁所制，有千钧之重，非内力深厚者难以运使自如。
		"lvLimit": 1,
		"costPropId": 10201,
		"costNum": 410,
		"atk": 150,
		"def": 50,
		"hp": 10000,
		"propId": 0,
		"num": 0
	},
	"11": {
		// 22
		"id": 11,
		"showLv": 11,
		"star": 11,
		"name": {"l10n":"-7gkftv"},//元神
		"desc": {"l10n":"-8921hs"},//殷商所铸造的青铜古剑，传闻可聚日月光辉于剑刃，故此得名。
		"lvLimit": 1,
		"costPropId": 10201,
		"costNum": 440,
		"atk": 165,
		"def": 55,
		"hp": 11000,
		"propId": 0,
		"num": 0
	},
	"12": {
		// 23
		"id": 12,
		"showLv": 12,
		"star": 12,
		"name": {"l10n":"-7gkftv"},//元神
		"desc": {"l10n":"-8921hs"},//殷商所铸造的青铜古剑，传闻可聚日月光辉于剑刃，故此得名。
		"lvLimit": 1,
		"costPropId": 10201,
		"costNum": 470,
		"atk": 180,
		"def": 60,
		"hp": 12000,
		"propId": 0,
		"num": 0
	},
	"13": {
		// 25
		"id": 13,
		"showLv": 13,
		"star": 13,
		"name": {"l10n":"-7gkftv"},//元神
		"desc": {"l10n":"-8921hs"},//殷商所铸造的青铜古剑，传闻可聚日月光辉于剑刃，故此得名。
		"lvLimit": 1,
		"costPropId": 10201,
		"costNum": 500,
		"atk": 195,
		"def": 65,
		"hp": 13000,
		"propId": 0,
		"num": 0
	},
	"14": {
		// 26
		"id": 14,
		"showLv": 14,
		"star": 14,
		"name": {"l10n":"-7gkftv"},//元神
		"desc": {"l10n":"-8921hs"},//殷商所铸造的青铜古剑，传闻可聚日月光辉于剑刃，故此得名。
		"lvLimit": 1,
		"costPropId": 10201,
		"costNum": 530,
		"atk": 210,
		"def": 70,
		"hp": 14000,
		"propId": 0,
		"num": 0
	},
	"15": {
		// 28
		"id": 15,
		"showLv": 15,
		"star": 15,
		"name": {"l10n":"-7gkftv"},//元神
		"desc": {"l10n":"-8921hs"},//殷商所铸造的青铜古剑，传闻可聚日月光辉于剑刃，故此得名。
		"lvLimit": 1,
		"costPropId": 10201,
		"costNum": 560,
		"atk": 225,
		"def": 75,
		"hp": 15000,
		"propId": 0,
		"num": 0
	},
	"16": {
		// 29
		"id": 16,
		"showLv": 16,
		"star": 16,
		"name": {"l10n":"-7gkftv"},//元神
		"desc": {"l10n":"-8921hs"},//殷商所铸造的青铜古剑，传闻可聚日月光辉于剑刃，故此得名。
		"lvLimit": 1,
		"costPropId": 10201,
		"costNum": 590,
		"atk": 240,
		"def": 80,
		"hp": 16000,
		"propId": 0,
		"num": 0
	},
	"17": {
		// 31
		"id": 17,
		"showLv": 17,
		"star": 17,
		"name": {"l10n":"-7gkftv"},//元神
		"desc": {"l10n":"-8921hs"},//殷商所铸造的青铜古剑，传闻可聚日月光辉于剑刃，故此得名。
		"lvLimit": 1,
		"costPropId": 10201,
		"costNum": 620,
		"atk": 255,
		"def": 85,
		"hp": 17000,
		"propId": 0,
		"num": 0
	},
	"18": {
		// 32
		"id": 18,
		"showLv": 18,
		"star": 18,
		"name": {"l10n":"-7gkftv"},//元神
		"desc": {"l10n":"-8921hs"},//殷商所铸造的青铜古剑，传闻可聚日月光辉于剑刃，故此得名。
		"lvLimit": 1,
		"costPropId": 10201,
		"costNum": 650,
		"atk": 270,
		"def": 90,
		"hp": 18000,
		"propId": 0,
		"num": 0
	},
	"19": {
		// 34
		"id": 19,
		"showLv": 19,
		"star": 19,
		"name": {"l10n":"-7gkftv"},//元神
		"desc": {"l10n":"-8921hs"},//殷商所铸造的青铜古剑，传闻可聚日月光辉于剑刃，故此得名。
		"lvLimit": 1,
		"costPropId": 10201,
		"costNum": 680,
		"atk": 285,
		"def": 95,
		"hp": 19000,
		"propId": 0,
		"num": 0
	},
	"20": {
		// 36
		"id": 20,
		"showLv": 20,
		"star": 20,
		"name": {"l10n":"-7gkftv"},//元神
		"desc": {"l10n":"-8921hs"},//殷商所铸造的青铜古剑，传闻可聚日月光辉于剑刃，故此得名。
		"lvLimit": 1,
		"costPropId": 10201,
		"costNum": 720,
		"atk": 300,
		"def": 100,
		"hp": 20000,
		"propId": 0,
		"num": 0
	},
	"21": {
		// 38
		"id": 21,
		"showLv": 21,
		"star": 21,
		"name": {"l10n":"-7gkftv"},//元神
		"desc": {"l10n":"-8921hs"},//殷商所铸造的青铜古剑，传闻可聚日月光辉于剑刃，故此得名。
		"lvLimit": 1,
		"costPropId": 10201,
		"costNum": 760,
		"atk": 315,
		"def": 105,
		"hp": 21000,
		"propId": 0,
		"num": 0
	},
	"22": {
		// 40
		"id": 22,
		"showLv": 22,
		"star": 22,
		"name": {"l10n":"-7gkftv"},//元神
		"desc": {"l10n":"-nznt55"},//青亮如玉，长八尺余，剑尖锋利，点金即穿。
		"lvLimit": 1,
		"costPropId": 10201,
		"costNum": 800,
		"atk": 330,
		"def": 110,
		"hp": 22000,
		"propId": 0,
		"num": 0
	},
	"23": {
		// 42
		"id": 23,
		"showLv": 23,
		"star": 23,
		"name": {"l10n":"-7gkftv"},//元神
		"desc": {"l10n":"-nznt55"},//青亮如玉，长八尺余，剑尖锋利，点金即穿。
		"lvLimit": 1,
		"costPropId": 10201,
		"costNum": 840,
		"atk": 345,
		"def": 115,
		"hp": 23000,
		"propId": 0,
		"num": 0
	},
	"24": {
		// 44
		"id": 24,
		"showLv": 24,
		"star": 24,
		"name": {"l10n":"-7gkftv"},//元神
		"desc": {"l10n":"-nznt55"},//青亮如玉，长八尺余，剑尖锋利，点金即穿。
		"lvLimit": 1,
		"costPropId": 10201,
		"costNum": 880,
		"atk": 360,
		"def": 120,
		"hp": 24000,
		"propId": 0,
		"num": 0
	},
	"25": {
		// 46
		"id": 25,
		"showLv": 25,
		"star": 25,
		"name": {"l10n":"-7gkftv"},//元神
		"desc": {"l10n":"-nznt55"},//青亮如玉，长八尺余，剑尖锋利，点金即穿。
		"lvLimit": 1,
		"costPropId": 10201,
		"costNum": 920,
		"atk": 375,
		"def": 125,
		"hp": 25000,
		"propId": 0,
		"num": 0
	},
	"26": {
		// 48
		"id": 26,
		"showLv": 26,
		"star": 26,
		"name": {"l10n":"-7gkftv"},//元神
		"desc": {"l10n":"-nznt55"},//青亮如玉，长八尺余，剑尖锋利，点金即穿。
		"lvLimit": 1,
		"costPropId": 10201,
		"costNum": 960,
		"atk": 390,
		"def": 130,
		"hp": 26000,
		"propId": 0,
		"num": 0
	},
	"27": {
		// 50
		"id": 27,
		"showLv": 27,
		"star": 27,
		"name": {"l10n":"-7gkftv"},//元神
		"desc": {"l10n":"-nznt55"},//青亮如玉，长八尺余，剑尖锋利，点金即穿。
		"lvLimit": 1,
		"costPropId": 10201,
		"costNum": 1000,
		"atk": 405,
		"def": 135,
		"hp": 27000,
		"propId": 0,
		"num": 0
	},
	"28": {
		// 52
		"id": 28,
		"showLv": 28,
		"star": 28,
		"name": {"l10n":"-7gkftv"},//元神
		"desc": {"l10n":"-nznt55"},//青亮如玉，长八尺余，剑尖锋利，点金即穿。
		"lvLimit": 1,
		"costPropId": 10201,
		"costNum": 1040,
		"atk": 420,
		"def": 140,
		"hp": 28000,
		"propId": 0,
		"num": 0
	},
	"29": {
		// 54
		"id": 29,
		"showLv": 29,
		"star": 29,
		"name": {"l10n":"-7gkftv"},//元神
		"desc": {"l10n":"-nznt55"},//青亮如玉，长八尺余，剑尖锋利，点金即穿。
		"lvLimit": 1,
		"costPropId": 10201,
		"costNum": 1080,
		"atk": 435,
		"def": 145,
		"hp": 29000,
		"propId": 0,
		"num": 0
	},
	"30": {
		// 0
		"id": 30,
		"showLv": 30,
		"star": 30,
		"name": {"l10n":"-7gkftv"},//元神
		"desc": {"l10n":"-nznt55"},//青亮如玉，长八尺余，剑尖锋利，点金即穿。
		"lvLimit": 1,
		"costPropId": 0,
		"costNum": 0,
		"atk": 450,
		"def": 150,
		"hp": 30000,
		"propId": 0,
		"num": 0
	},
	"31": {
		// 56
		"id": 31,
		"showLv": 30,
		"star": 0,
		"name": {"l10n":"-7gkftv"},//元神
		"desc": {"l10n":"-nznt55"},//青亮如玉，长八尺余，剑尖锋利，点金即穿。
		"lvLimit": 2,
		"costPropId": 10201,
		"costNum": 1130,
		"atk": 450,
		"def": 150,
		"hp": 30000,
		"propId": 0,
		"num": 0
	},
	"32": {
		// 59
		"id": 32,
		"showLv": 31,
		"star": 1,
		"name": {"l10n":"-7gkftv"},//元神
		"desc": {"l10n":"-nznt55"},//青亮如玉，长八尺余，剑尖锋利，点金即穿。
		"lvLimit": 2,
		"costPropId": 10201,
		"costNum": 1180,
		"atk": 465,
		"def": 155,
		"hp": 31000,
		"propId": 0,
		"num": 0
	},
	"33": {
		// 61
		"id": 33,
		"showLv": 32,
		"star": 2,
		"name": {"l10n":"-7gkftv"},//元神
		"desc": {"l10n":"-b1kzhj"},//青铜铸就，至今仍毫无锈蚀，锋刃锐利。
		"lvLimit": 2,
		"costPropId": 10201,
		"costNum": 1230,
		"atk": 480,
		"def": 160,
		"hp": 32000,
		"propId": 0,
		"num": 0
	},
	"34": {
		// 64
		"id": 34,
		"showLv": 33,
		"star": 3,
		"name": {"l10n":"-7gkftv"},//元神
		"desc": {"l10n":"-b1kzhj"},//青铜铸就，至今仍毫无锈蚀，锋刃锐利。
		"lvLimit": 2,
		"costPropId": 10201,
		"costNum": 1280,
		"atk": 495,
		"def": 165,
		"hp": 33000,
		"propId": 0,
		"num": 0
	},
	"35": {
		// 66
		"id": 35,
		"showLv": 34,
		"star": 4,
		"name": {"l10n":"-7gkftv"},//元神
		"desc": {"l10n":"-b1kzhj"},//青铜铸就，至今仍毫无锈蚀，锋刃锐利。
		"lvLimit": 2,
		"costPropId": 10201,
		"costNum": 1330,
		"atk": 510,
		"def": 170,
		"hp": 34000,
		"propId": 0,
		"num": 0
	},
	"36": {
		// 69
		"id": 36,
		"showLv": 35,
		"star": 5,
		"name": {"l10n":"-7gkftv"},//元神
		"desc": {"l10n":"-b1kzhj"},//青铜铸就，至今仍毫无锈蚀，锋刃锐利。
		"lvLimit": 2,
		"costPropId": 10201,
		"costNum": 1380,
		"atk": 525,
		"def": 175,
		"hp": 35000,
		"propId": 0,
		"num": 0
	},
	"37": {
		// 71
		"id": 37,
		"showLv": 36,
		"star": 6,
		"name": {"l10n":"-7gkftv"},//元神
		"desc": {"l10n":"-b1kzhj"},//青铜铸就，至今仍毫无锈蚀，锋刃锐利。
		"lvLimit": 2,
		"costPropId": 10201,
		"costNum": 1430,
		"atk": 540,
		"def": 180,
		"hp": 36000,
		"propId": 0,
		"num": 0
	},
	"38": {
		// 74
		"id": 38,
		"showLv": 37,
		"star": 7,
		"name": {"l10n":"-7gkftv"},//元神
		"desc": {"l10n":"-b1kzhj"},//青铜铸就，至今仍毫无锈蚀，锋刃锐利。
		"lvLimit": 2,
		"costPropId": 10201,
		"costNum": 1480,
		"atk": 555,
		"def": 185,
		"hp": 37000,
		"propId": 0,
		"num": 0
	},
	"39": {
		// 76
		"id": 39,
		"showLv": 38,
		"star": 8,
		"name": {"l10n":"-7gkftv"},//元神
		"desc": {"l10n":"-b1kzhj"},//青铜铸就，至今仍毫无锈蚀，锋刃锐利。
		"lvLimit": 2,
		"costPropId": 10201,
		"costNum": 1530,
		"atk": 570,
		"def": 190,
		"hp": 38000,
		"propId": 0,
		"num": 0
	},
	"40": {
		// 79
		"id": 40,
		"showLv": 39,
		"star": 9,
		"name": {"l10n":"-7gkftv"},//元神
		"desc": {"l10n":"-b1kzhj"},//青铜铸就，至今仍毫无锈蚀，锋刃锐利。
		"lvLimit": 2,
		"costPropId": 10201,
		"costNum": 1580,
		"atk": 585,
		"def": 195,
		"hp": 39000,
		"propId": 0,
		"num": 0
	},
	"41": {
		// 82
		"id": 41,
		"showLv": 40,
		"star": 10,
		"name": {"l10n":"-7gkftv"},//元神
		"desc": {"l10n":"-b1kzhj"},//青铜铸就，至今仍毫无锈蚀，锋刃锐利。
		"lvLimit": 2,
		"costPropId": 10201,
		"costNum": 1640,
		"atk": 600,
		"def": 200,
		"hp": 40000,
		"propId": 0,
		"num": 0
	},
	"42": {
		// 85
		"id": 42,
		"showLv": 41,
		"star": 11,
		"name": {"l10n":"-7gkftv"},//元神
		"desc": {"l10n":"-b1kzhj"},//青铜铸就，至今仍毫无锈蚀，锋刃锐利。
		"lvLimit": 2,
		"costPropId": 10201,
		"costNum": 1700,
		"atk": 615,
		"def": 205,
		"hp": 41000,
		"propId": 0,
		"num": 0
	},
	"43": {
		// 88
		"id": 43,
		"showLv": 42,
		"star": 12,
		"name": {"l10n":"-7gkftv"},//元神
		"desc": {"l10n":"-b1kzhj"},//青铜铸就，至今仍毫无锈蚀，锋刃锐利。
		"lvLimit": 2,
		"costPropId": 10201,
		"costNum": 1760,
		"atk": 630,
		"def": 210,
		"hp": 42000,
		"propId": 0,
		"num": 0
	},
	"44": {
		// 91
		"id": 44,
		"showLv": 43,
		"star": 13,
		"name": {"l10n":"-7gkftv"},//元神
		"desc": {"l10n":"-de80z0"},//相传当年周穆王大征西戎时，西戎献上此剑，用之切玉，如切泥焉。
		"lvLimit": 2,
		"costPropId": 10201,
		"costNum": 1820,
		"atk": 645,
		"def": 215,
		"hp": 43000,
		"propId": 0,
		"num": 0
	},
	"45": {
		// 94
		"id": 45,
		"showLv": 44,
		"star": 14,
		"name": {"l10n":"-7gkftv"},//元神
		"desc": {"l10n":"-de80z0"},//相传当年周穆王大征西戎时，西戎献上此剑，用之切玉，如切泥焉。
		"lvLimit": 2,
		"costPropId": 10201,
		"costNum": 1880,
		"atk": 660,
		"def": 220,
		"hp": 44000,
		"propId": 0,
		"num": 0
	},
	"46": {
		// 97
		"id": 46,
		"showLv": 45,
		"star": 15,
		"name": {"l10n":"-7gkftv"},//元神
		"desc": {"l10n":"-de80z0"},//相传当年周穆王大征西戎时，西戎献上此剑，用之切玉，如切泥焉。
		"lvLimit": 2,
		"costPropId": 10201,
		"costNum": 1940,
		"atk": 675,
		"def": 225,
		"hp": 45000,
		"propId": 0,
		"num": 0
	},
	"47": {
		// 100
		"id": 47,
		"showLv": 46,
		"star": 16,
		"name": {"l10n":"-7gkftv"},//元神
		"desc": {"l10n":"-de80z0"},//相传当年周穆王大征西戎时，西戎献上此剑，用之切玉，如切泥焉。
		"lvLimit": 2,
		"costPropId": 10201,
		"costNum": 2000,
		"atk": 690,
		"def": 230,
		"hp": 46000,
		"propId": 0,
		"num": 0
	},
	"48": {
		// 103
		"id": 48,
		"showLv": 47,
		"star": 17,
		"name": {"l10n":"-7gkftv"},//元神
		"desc": {"l10n":"-de80z0"},//相传当年周穆王大征西戎时，西戎献上此剑，用之切玉，如切泥焉。
		"lvLimit": 2,
		"costPropId": 10201,
		"costNum": 2060,
		"atk": 705,
		"def": 235,
		"hp": 47000,
		"propId": 0,
		"num": 0
	},
	"49": {
		// 106
		"id": 49,
		"showLv": 48,
		"star": 18,
		"name": {"l10n":"-7gkftv"},//元神
		"desc": {"l10n":"-de80z0"},//相传当年周穆王大征西戎时，西戎献上此剑，用之切玉，如切泥焉。
		"lvLimit": 2,
		"costPropId": 10201,
		"costNum": 2120,
		"atk": 720,
		"def": 240,
		"hp": 48000,
		"propId": 0,
		"num": 0
	},
	"50": {
		// 109
		"id": 50,
		"showLv": 49,
		"star": 19,
		"name": {"l10n":"-7gkftv"},//元神
		"desc": {"l10n":"-de80z0"},//相传当年周穆王大征西戎时，西戎献上此剑，用之切玉，如切泥焉。
		"lvLimit": 2,
		"costPropId": 10201,
		"costNum": 2180,
		"atk": 735,
		"def": 245,
		"hp": 49000,
		"propId": 0,
		"num": 0
	},
	"51": {
		// 113
		"id": 51,
		"showLv": 50,
		"star": 20,
		"name": {"l10n":"-7gkftv"},//元神
		"desc": {"l10n":"-de80z0"},//相传当年周穆王大征西戎时，西戎献上此剑，用之切玉，如切泥焉。
		"lvLimit": 2,
		"costPropId": 10201,
		"costNum": 2260,
		"atk": 750,
		"def": 250,
		"hp": 50000,
		"propId": 0,
		"num": 0
	},
	"52": {
		// 117
		"id": 52,
		"showLv": 51,
		"star": 21,
		"name": {"l10n":"-7gkftv"},//元神
		"desc": {"l10n":"-de80z0"},//相传当年周穆王大征西戎时，西戎献上此剑，用之切玉，如切泥焉。
		"lvLimit": 2,
		"costPropId": 10201,
		"costNum": 2340,
		"atk": 765,
		"def": 255,
		"hp": 51000,
		"propId": 0,
		"num": 0
	},
	"53": {
		// 121
		"id": 53,
		"showLv": 52,
		"star": 22,
		"name": {"l10n":"-7gkftv"},//元神
		"desc": {"l10n":"-de80z0"},//相传当年周穆王大征西戎时，西戎献上此剑，用之切玉，如切泥焉。
		"lvLimit": 2,
		"costPropId": 10201,
		"costNum": 2420,
		"atk": 780,
		"def": 260,
		"hp": 52000,
		"propId": 0,
		"num": 0
	},
	"54": {
		// 125
		"id": 54,
		"showLv": 53,
		"star": 23,
		"name": {"l10n":"-7gkftv"},//元神
		"desc": {"l10n":"-de80z0"},//相传当年周穆王大征西戎时，西戎献上此剑，用之切玉，如切泥焉。
		"lvLimit": 2,
		"costPropId": 10201,
		"costNum": 2500,
		"atk": 795,
		"def": 265,
		"hp": 53000,
		"propId": 0,
		"num": 0
	},
	"55": {
		// 129
		"id": 55,
		"showLv": 54,
		"star": 24,
		"name": {"l10n":"-7gkftv"},//元神
		"desc": {"l10n":"-1yxkhq"},//晶莹通透，浑然天成，出则霜华满地，朔风回舞。
		"lvLimit": 2,
		"costPropId": 10201,
		"costNum": 2580,
		"atk": 810,
		"def": 270,
		"hp": 54000,
		"propId": 0,
		"num": 0
	},
	"56": {
		// 133
		"id": 56,
		"showLv": 55,
		"star": 25,
		"name": {"l10n":"-7gkftv"},//元神
		"desc": {"l10n":"-1yxkhq"},//晶莹通透，浑然天成，出则霜华满地，朔风回舞。
		"lvLimit": 2,
		"costPropId": 10201,
		"costNum": 2660,
		"atk": 825,
		"def": 275,
		"hp": 55000,
		"propId": 0,
		"num": 0
	},
	"57": {
		// 137
		"id": 57,
		"showLv": 56,
		"star": 26,
		"name": {"l10n":"-7gkftv"},//元神
		"desc": {"l10n":"-1yxkhq"},//晶莹通透，浑然天成，出则霜华满地，朔风回舞。
		"lvLimit": 2,
		"costPropId": 10201,
		"costNum": 2740,
		"atk": 840,
		"def": 280,
		"hp": 56000,
		"propId": 0,
		"num": 0
	},
	"58": {
		// 141
		"id": 58,
		"showLv": 57,
		"star": 27,
		"name": {"l10n":"-7gkftv"},//元神
		"desc": {"l10n":"-1yxkhq"},//晶莹通透，浑然天成，出则霜华满地，朔风回舞。
		"lvLimit": 2,
		"costPropId": 10201,
		"costNum": 2820,
		"atk": 855,
		"def": 285,
		"hp": 57000,
		"propId": 0,
		"num": 0
	},
	"59": {
		// 145
		"id": 59,
		"showLv": 58,
		"star": 28,
		"name": {"l10n":"-7gkftv"},//元神
		"desc": {"l10n":"-1yxkhq"},//晶莹通透，浑然天成，出则霜华满地，朔风回舞。
		"lvLimit": 2,
		"costPropId": 10201,
		"costNum": 2900,
		"atk": 870,
		"def": 290,
		"hp": 58000,
		"propId": 0,
		"num": 0
	},
	"60": {
		// 149
		"id": 60,
		"showLv": 59,
		"star": 29,
		"name": {"l10n":"-7gkftv"},//元神
		"desc": {"l10n":"-1yxkhq"},//晶莹通透，浑然天成，出则霜华满地，朔风回舞。
		"lvLimit": 2,
		"costPropId": 10201,
		"costNum": 2980,
		"atk": 885,
		"def": 295,
		"hp": 59000,
		"propId": 0,
		"num": 0
	},
	"61": {
		// 0
		"id": 61,
		"showLv": 60,
		"star": 30,
		"name": {"l10n":"-7gkftv"},//元神
		"desc": {"l10n":"-1yxkhq"},//晶莹通透，浑然天成，出则霜华满地，朔风回舞。
		"lvLimit": 2,
		"costPropId": 0,
		"costNum": 0,
		"atk": 900,
		"def": 300,
		"hp": 60000,
		"propId": 0,
		"num": 0
	},
	"62": {
		// 150
		"id": 62,
		"showLv": 60,
		"star": 0,
		"name": {"l10n":"-7gkftv"},//元神
		"desc": {"l10n":"-1yxkhq"},//晶莹通透，浑然天成，出则霜华满地，朔风回舞。
		"lvLimit": 3,
		"costPropId": 10201,
		"costNum": 3010,
		"atk": 900,
		"def": 300,
		"hp": 60000,
		"propId": 0,
		"num": 0
	},
	"63": {
		// 152
		"id": 63,
		"showLv": 61,
		"star": 1,
		"name": {"l10n":"-7gkftv"},//元神
		"desc": {"l10n":"-1yxkhq"},//晶莹通透，浑然天成，出则霜华满地，朔风回舞。
		"lvLimit": 3,
		"costPropId": 10201,
		"costNum": 3040,
		"atk": 915,
		"def": 305,
		"hp": 61000,
		"propId": 0,
		"num": 0
	},
	"64": {
		// 153
		"id": 64,
		"showLv": 62,
		"star": 2,
		"name": {"l10n":"-7gkftv"},//元神
		"desc": {"l10n":"-1yxkhq"},//晶莹通透，浑然天成，出则霜华满地，朔风回舞。
		"lvLimit": 3,
		"costPropId": 10201,
		"costNum": 3070,
		"atk": 930,
		"def": 310,
		"hp": 62000,
		"propId": 0,
		"num": 0
	},
	"65": {
		"id": 65,
		"showLv": 63,
		"star": 3,
		"name": {"l10n":"-7gkftv"},//元神
		"desc": {"l10n":"-1yxkhq"},//晶莹通透，浑然天成，出则霜华满地，朔风回舞。
		"lvLimit": 3,
		"costPropId": 10201,
		"costNum": 3100,
		"atk": 945,
		"def": 315,
		"hp": 63000,
		"propId": 0,
		"num": 0
	},
	"66": {
		"id": 66,
		"showLv": 64,
		"star": 4,
		"name": {"l10n":"-7gkftv"},//元神
		"desc": {"l10n":"-dpv0m4"},//瀚海阑干百丈冰，愁云惨淡万里凝。
		"lvLimit": 3,
		"costPropId": 10201,
		"costNum": 3130,
		"atk": 960,
		"def": 320,
		"hp": 64000,
		"propId": 0,
		"num": 0
	},
	"67": {
		"id": 67,
		"showLv": 65,
		"star": 5,
		"name": {"l10n":"-7gkftv"},//元神
		"desc": {"l10n":"-dpv0m4"},//瀚海阑干百丈冰，愁云惨淡万里凝。
		"lvLimit": 3,
		"costPropId": 10201,
		"costNum": 3160,
		"atk": 975,
		"def": 325,
		"hp": 65000,
		"propId": 0,
		"num": 0
	},
	"68": {
		"id": 68,
		"showLv": 66,
		"star": 6,
		"name": {"l10n":"-7gkftv"},//元神
		"desc": {"l10n":"-dpv0m4"},//瀚海阑干百丈冰，愁云惨淡万里凝。
		"lvLimit": 3,
		"costPropId": 10201,
		"costNum": 3190,
		"atk": 990,
		"def": 330,
		"hp": 66000,
		"propId": 0,
		"num": 0
	},
	"69": {
		"id": 69,
		"showLv": 67,
		"star": 7,
		"name": {"l10n":"-7gkftv"},//元神
		"desc": {"l10n":"-dpv0m4"},//瀚海阑干百丈冰，愁云惨淡万里凝。
		"lvLimit": 3,
		"costPropId": 10201,
		"costNum": 3220,
		"atk": 1005,
		"def": 335,
		"hp": 67000,
		"propId": 0,
		"num": 0
	},
	"70": {
		"id": 70,
		"showLv": 68,
		"star": 8,
		"name": {"l10n":"-7gkftv"},//元神
		"desc": {"l10n":"-dpv0m4"},//瀚海阑干百丈冰，愁云惨淡万里凝。
		"lvLimit": 3,
		"costPropId": 10201,
		"costNum": 3250,
		"atk": 1020,
		"def": 340,
		"hp": 68000,
		"propId": 0,
		"num": 0
	},
	"71": {
		"id": 71,
		"showLv": 69,
		"star": 9,
		"name": {"l10n":"-7gkftv"},//元神
		"desc": {"l10n":"-dpv0m4"},//瀚海阑干百丈冰，愁云惨淡万里凝。
		"lvLimit": 3,
		"costPropId": 10201,
		"costNum": 3280,
		"atk": 1035,
		"def": 345,
		"hp": 69000,
		"propId": 0,
		"num": 0
	},
	"72": {
		"id": 72,
		"showLv": 70,
		"star": 10,
		"name": {"l10n":"-7gkftv"},//元神
		"desc": {"l10n":"-dpv0m4"},//瀚海阑干百丈冰，愁云惨淡万里凝。
		"lvLimit": 3,
		"costPropId": 10201,
		"costNum": 3310,
		"atk": 1050,
		"def": 350,
		"hp": 70000,
		"propId": 0,
		"num": 0
	},
	"73": {
		"id": 73,
		"showLv": 71,
		"star": 11,
		"name": {"l10n":"-7gkftv"},//元神
		"desc": {"l10n":"-dpv0m4"},//瀚海阑干百丈冰，愁云惨淡万里凝。
		"lvLimit": 3,
		"costPropId": 10201,
		"costNum": 3340,
		"atk": 1065,
		"def": 355,
		"hp": 71000,
		"propId": 0,
		"num": 0
	},
	"74": {
		"id": 74,
		"showLv": 72,
		"star": 12,
		"name": {"l10n":"-7gkftv"},//元神
		"desc": {"l10n":"-dpv0m4"},//瀚海阑干百丈冰，愁云惨淡万里凝。
		"lvLimit": 3,
		"costPropId": 10201,
		"costNum": 3370,
		"atk": 1080,
		"def": 360,
		"hp": 72000,
		"propId": 0,
		"num": 0
	},
	"75": {
		"id": 75,
		"showLv": 73,
		"star": 13,
		"name": {"l10n":"-7gkftv"},//元神
		"desc": {"l10n":"-dpv0m4"},//瀚海阑干百丈冰，愁云惨淡万里凝。
		"lvLimit": 3,
		"costPropId": 10201,
		"costNum": 3400,
		"atk": 1095,
		"def": 365,
		"hp": 73000,
		"propId": 0,
		"num": 0
	},
	"76": {
		"id": 76,
		"showLv": 74,
		"star": 14,
		"name": {"l10n":"-7gkftv"},//元神
		"desc": {"l10n":"-dpv0m4"},//瀚海阑干百丈冰，愁云惨淡万里凝。
		"lvLimit": 3,
		"costPropId": 10201,
		"costNum": 3430,
		"atk": 1110,
		"def": 370,
		"hp": 74000,
		"propId": 0,
		"num": 0
	},
	"77": {
		"id": 77,
		"showLv": 75,
		"star": 15,
		"name": {"l10n":"-7gkftv"},//元神
		"desc": {"l10n":"m2i6t3"},//羌管悠悠霜满地，人不寐，将军白发征夫泪。
		"lvLimit": 3,
		"costPropId": 10201,
		"costNum": 3460,
		"atk": 1125,
		"def": 375,
		"hp": 75000,
		"propId": 0,
		"num": 0
	},
	"78": {
		"id": 78,
		"showLv": 76,
		"star": 16,
		"name": {"l10n":"-7gkftv"},//元神
		"desc": {"l10n":"m2i6t3"},//羌管悠悠霜满地，人不寐，将军白发征夫泪。
		"lvLimit": 3,
		"costPropId": 10201,
		"costNum": 3490,
		"atk": 1140,
		"def": 380,
		"hp": 76000,
		"propId": 0,
		"num": 0
	},
	"79": {
		"id": 79,
		"showLv": 77,
		"star": 17,
		"name": {"l10n":"-7gkftv"},//元神
		"desc": {"l10n":"m2i6t3"},//羌管悠悠霜满地，人不寐，将军白发征夫泪。
		"lvLimit": 3,
		"costPropId": 10201,
		"costNum": 3520,
		"atk": 1155,
		"def": 385,
		"hp": 77000,
		"propId": 0,
		"num": 0
	},
	"80": {
		"id": 80,
		"showLv": 78,
		"star": 18,
		"name": {"l10n":"-7gkftv"},//元神
		"desc": {"l10n":"m2i6t3"},//羌管悠悠霜满地，人不寐，将军白发征夫泪。
		"lvLimit": 3,
		"costPropId": 10201,
		"costNum": 3550,
		"atk": 1170,
		"def": 390,
		"hp": 78000,
		"propId": 0,
		"num": 0
	},
	"81": {
		"id": 81,
		"showLv": 79,
		"star": 19,
		"name": {"l10n":"-7gkftv"},//元神
		"desc": {"l10n":"m2i6t3"},//羌管悠悠霜满地，人不寐，将军白发征夫泪。
		"lvLimit": 3,
		"costPropId": 10201,
		"costNum": 3580,
		"atk": 1185,
		"def": 395,
		"hp": 79000,
		"propId": 0,
		"num": 0
	},
	"82": {
		"id": 82,
		"showLv": 80,
		"star": 20,
		"name": {"l10n":"-7gkftv"},//元神
		"desc": {"l10n":"m2i6t3"},//羌管悠悠霜满地，人不寐，将军白发征夫泪。
		"lvLimit": 3,
		"costPropId": 10201,
		"costNum": 3620,
		"atk": 1200,
		"def": 400,
		"hp": 80000,
		"propId": 0,
		"num": 0
	},
	"83": {
		"id": 83,
		"showLv": 81,
		"star": 21,
		"name": {"l10n":"-7gkftv"},//元神
		"desc": {"l10n":"m2i6t3"},//羌管悠悠霜满地，人不寐，将军白发征夫泪。
		"lvLimit": 3,
		"costPropId": 10201,
		"costNum": 3660,
		"atk": 1215,
		"def": 405,
		"hp": 81000,
		"propId": 0,
		"num": 0
	},
	"84": {
		"id": 84,
		"showLv": 82,
		"star": 22,
		"name": {"l10n":"-7gkftv"},//元神
		"desc": {"l10n":"m2i6t3"},//羌管悠悠霜满地，人不寐，将军白发征夫泪。
		"lvLimit": 3,
		"costPropId": 10201,
		"costNum": 3700,
		"atk": 1230,
		"def": 410,
		"hp": 82000,
		"propId": 0,
		"num": 0
	},
	"85": {
		"id": 85,
		"showLv": 83,
		"star": 23,
		"name": {"l10n":"-7gkftv"},//元神
		"desc": {"l10n":"m2i6t3"},//羌管悠悠霜满地，人不寐，将军白发征夫泪。
		"lvLimit": 3,
		"costPropId": 10201,
		"costNum": 3740,
		"atk": 1245,
		"def": 415,
		"hp": 83000,
		"propId": 0,
		"num": 0
	},
	"86": {
		"id": 86,
		"showLv": 84,
		"star": 24,
		"name": {"l10n":"-7gkftv"},//元神
		"desc": {"l10n":"m2i6t3"},//羌管悠悠霜满地，人不寐，将军白发征夫泪。
		"lvLimit": 3,
		"costPropId": 10201,
		"costNum": 3780,
		"atk": 1260,
		"def": 420,
		"hp": 84000,
		"propId": 0,
		"num": 0
	},
	"87": {
		"id": 87,
		"showLv": 85,
		"star": 25,
		"name": {"l10n":"-7gkftv"},//元神
		"desc": {"l10n":"m2i6t3"},//羌管悠悠霜满地，人不寐，将军白发征夫泪。
		"lvLimit": 3,
		"costPropId": 10201,
		"costNum": 3820,
		"atk": 1275,
		"def": 425,
		"hp": 85000,
		"propId": 0,
		"num": 0
	},
	"88": {
		"id": 88,
		"showLv": 86,
		"star": 26,
		"name": {"l10n":"-7gkftv"},//元神
		"desc": {"l10n":"-1hf6o6"},//汉下白登道，胡窥青海湾。由来征战地，不见有人还。
		"lvLimit": 3,
		"costPropId": 10201,
		"costNum": 3860,
		"atk": 1290,
		"def": 430,
		"hp": 86000,
		"propId": 0,
		"num": 0
	},
	"89": {
		"id": 89,
		"showLv": 87,
		"star": 27,
		"name": {"l10n":"-7gkftv"},//元神
		"desc": {"l10n":"-1hf6o6"},//汉下白登道，胡窥青海湾。由来征战地，不见有人还。
		"lvLimit": 3,
		"costPropId": 10201,
		"costNum": 3900,
		"atk": 1305,
		"def": 435,
		"hp": 87000,
		"propId": 0,
		"num": 0
	},
	"90": {
		"id": 90,
		"showLv": 88,
		"star": 28,
		"name": {"l10n":"-7gkftv"},//元神
		"desc": {"l10n":"-1hf6o6"},//汉下白登道，胡窥青海湾。由来征战地，不见有人还。
		"lvLimit": 3,
		"costPropId": 10201,
		"costNum": 3940,
		"atk": 1320,
		"def": 440,
		"hp": 88000,
		"propId": 0,
		"num": 0
	},
	"91": {
		"id": 91,
		"showLv": 89,
		"star": 29,
		"name": {"l10n":"-7gkftv"},//元神
		"desc": {"l10n":"-1hf6o6"},//汉下白登道，胡窥青海湾。由来征战地，不见有人还。
		"lvLimit": 3,
		"costPropId": 10201,
		"costNum": 3980,
		"atk": 1335,
		"def": 445,
		"hp": 89000,
		"propId": 0,
		"num": 0
	},
	"92": {
		"id": 92,
		"showLv": 90,
		"star": 30,
		"name": {"l10n":"-7gkftv"},//元神
		"desc": {"l10n":"-1hf6o6"},//汉下白登道，胡窥青海湾。由来征战地，不见有人还。
		"lvLimit": 3,
		"costPropId": 0,
		"costNum": 0,
		"atk": 1350,
		"def": 450,
		"hp": 90000,
		"propId": 0,
		"num": 0
	},
	"93": {
		"id": 93,
		"showLv": 90,
		"star": 0,
		"name": {"l10n":"-7gkftv"},//元神
		"desc": {"l10n":"-1hf6o6"},//汉下白登道，胡窥青海湾。由来征战地，不见有人还。
		"lvLimit": 4,
		"costPropId": 10201,
		"costNum": 6980,
		"atk": 1350,
		"def": 450,
		"hp": 90000,
		"propId": 0,
		"num": 0
	},
	"94": {
		"id": 94,
		"showLv": 91,
		"star": 1,
		"name": {"l10n":"-7gkftv"},//元神
		"desc": {"l10n":"-1hf6o6"},//汉下白登道，胡窥青海湾。由来征战地，不见有人还。
		"lvLimit": 4,
		"costPropId": 10201,
		"costNum": 7980,
		"atk": 1365,
		"def": 455,
		"hp": 91000,
		"propId": 0,
		"num": 0
	},
	"95": {
		"id": 95,
		"showLv": 92,
		"star": 2,
		"name": {"l10n":"-7gkftv"},//元神
		"desc": {"l10n":"-1hf6o6"},//汉下白登道，胡窥青海湾。由来征战地，不见有人还。
		"lvLimit": 4,
		"costPropId": 10201,
		"costNum": 8980,
		"atk": 1380,
		"def": 460,
		"hp": 92000,
		"propId": 0,
		"num": 0
	},
	"96": {
		"id": 96,
		"showLv": 93,
		"star": 3,
		"name": {"l10n":"-7gkftv"},//元神
		"desc": {"l10n":"-1hf6o6"},//汉下白登道，胡窥青海湾。由来征战地，不见有人还。
		"lvLimit": 4,
		"costPropId": 10201,
		"costNum": 9980,
		"atk": 1395,
		"def": 465,
		"hp": 93000,
		"propId": 0,
		"num": 0
	},
	"97": {
		"id": 97,
		"showLv": 94,
		"star": 4,
		"name": {"l10n":"-7gkftv"},//元神
		"desc": {"l10n":"-1hf6o6"},//汉下白登道，胡窥青海湾。由来征战地，不见有人还。
		"lvLimit": 4,
		"costPropId": 10201,
		"costNum": 10980,
		"atk": 1410,
		"def": 470,
		"hp": 94000,
		"propId": 0,
		"num": 0
	},
	"98": {
		"id": 98,
		"showLv": 95,
		"star": 5,
		"name": {"l10n":"-7gkftv"},//元神
		"desc": {"l10n":"-1hf6o6"},//汉下白登道，胡窥青海湾。由来征战地，不见有人还。
		"lvLimit": 4,
		"costPropId": 10201,
		"costNum": 11980,
		"atk": 1425,
		"def": 475,
		"hp": 95000,
		"propId": 0,
		"num": 0
	},
	"99": {
		"id": 99,
		"showLv": 96,
		"star": 6,
		"name": {"l10n":"-7gkftv"},//元神
		"desc": {"l10n":"xq6n6x"},//黄沙百战穿金甲，不破楼兰终不还。
		"lvLimit": 4,
		"costPropId": 10201,
		"costNum": 12980,
		"atk": 1440,
		"def": 480,
		"hp": 96000,
		"propId": 0,
		"num": 0
	},
	"100": {
		"id": 100,
		"showLv": 97,
		"star": 7,
		"name": {"l10n":"-7gkftv"},//元神
		"desc": {"l10n":"xq6n6x"},//黄沙百战穿金甲，不破楼兰终不还。
		"lvLimit": 4,
		"costPropId": 10201,
		"costNum": 13980,
		"atk": 1455,
		"def": 485,
		"hp": 97000,
		"propId": 0,
		"num": 0
	},
	"101": {
		"id": 101,
		"showLv": 98,
		"star": 8,
		"name": {"l10n":"-7gkftv"},//元神
		"desc": {"l10n":"xq6n6x"},//黄沙百战穿金甲，不破楼兰终不还。
		"lvLimit": 4,
		"costPropId": 10201,
		"costNum": 14980,
		"atk": 1470,
		"def": 490,
		"hp": 98000,
		"propId": 0,
		"num": 0
	},
	"102": {
		"id": 102,
		"showLv": 99,
		"star": 9,
		"name": {"l10n":"-7gkftv"},//元神
		"desc": {"l10n":"xq6n6x"},//黄沙百战穿金甲，不破楼兰终不还。
		"lvLimit": 4,
		"costPropId": 10201,
		"costNum": 15980,
		"atk": 1485,
		"def": 495,
		"hp": 99000,
		"propId": 0,
		"num": 0
	},
	"103": {
		"id": 103,
		"showLv": 100,
		"star": 10,
		"name": {"l10n":"-7gkftv"},//元神
		"desc": {"l10n":"xq6n6x"},//黄沙百战穿金甲，不破楼兰终不还。
		"lvLimit": 4,
		"costPropId": 10201,
		"costNum": 16080,
		"atk": 1500,
		"def": 500,
		"hp": 100000,
		"propId": 0,
		"num": 0
	},
	"104": {
		"id": 104,
		"showLv": 101,
		"star": 11,
		"name": {"l10n":"-7gkftv"},//元神
		"desc": {"l10n":"xq6n6x"},//黄沙百战穿金甲，不破楼兰终不还。
		"lvLimit": 4,
		"costPropId": 10201,
		"costNum": 16180,
		"atk": 1515,
		"def": 505,
		"hp": 101000,
		"propId": 0,
		"num": 0
	},
	"105": {
		"id": 105,
		"showLv": 102,
		"star": 12,
		"name": {"l10n":"-7gkftv"},//元神
		"desc": {"l10n":"xq6n6x"},//黄沙百战穿金甲，不破楼兰终不还。
		"lvLimit": 4,
		"costPropId": 10201,
		"costNum": 16280,
		"atk": 1530,
		"def": 510,
		"hp": 102000,
		"propId": 0,
		"num": 0
	},
	"106": {
		"id": 106,
		"showLv": 103,
		"star": 13,
		"name": {"l10n":"-7gkftv"},//元神
		"desc": {"l10n":"xq6n6x"},//黄沙百战穿金甲，不破楼兰终不还。
		"lvLimit": 4,
		"costPropId": 10201,
		"costNum": 16380,
		"atk": 1545,
		"def": 515,
		"hp": 103000,
		"propId": 0,
		"num": 0
	},
	"107": {
		"id": 107,
		"showLv": 104,
		"star": 14,
		"name": {"l10n":"-7gkftv"},//元神
		"desc": {"l10n":"xq6n6x"},//黄沙百战穿金甲，不破楼兰终不还。
		"lvLimit": 4,
		"costPropId": 10201,
		"costNum": 16480,
		"atk": 1560,
		"def": 520,
		"hp": 104000,
		"propId": 0,
		"num": 0
	},
	"108": {
		"id": 108,
		"showLv": 105,
		"star": 15,
		"name": {"l10n":"-7gkftv"},//元神
		"desc": {"l10n":"xq6n6x"},//黄沙百战穿金甲，不破楼兰终不还。
		"lvLimit": 4,
		"costPropId": 10201,
		"costNum": 16580,
		"atk": 1575,
		"def": 525,
		"hp": 105000,
		"propId": 0,
		"num": 0
	},
	"109": {
		"id": 109,
		"showLv": 106,
		"star": 16,
		"name": {"l10n":"-7gkftv"},//元神
		"desc": {"l10n":"xq6n6x"},//黄沙百战穿金甲，不破楼兰终不还。
		"lvLimit": 4,
		"costPropId": 10201,
		"costNum": 16680,
		"atk": 1590,
		"def": 530,
		"hp": 106000,
		"propId": 0,
		"num": 0
	},
	"110": {
		"id": 110,
		"showLv": 107,
		"star": 17,
		"name": {"l10n":"-7gkftv"},//元神
		"desc": {"l10n":"-r9zyvt"},//大漠沙如雪，燕山月似钩。何当金络脑，快走踏清秋。
		"lvLimit": 4,
		"costPropId": 10201,
		"costNum": 16780,
		"atk": 1605,
		"def": 535,
		"hp": 107000,
		"propId": 0,
		"num": 0
	},
	"111": {
		"id": 111,
		"showLv": 108,
		"star": 18,
		"name": {"l10n":"-7gkftv"},//元神
		"desc": {"l10n":"-r9zyvt"},//大漠沙如雪，燕山月似钩。何当金络脑，快走踏清秋。
		"lvLimit": 4,
		"costPropId": 10201,
		"costNum": 20780,
		"atk": 1620,
		"def": 540,
		"hp": 108000,
		"propId": 0,
		"num": 0
	},
	"112": {
		"id": 112,
		"showLv": 109,
		"star": 19,
		"name": {"l10n":"-7gkftv"},//元神
		"desc": {"l10n":"-r9zyvt"},//大漠沙如雪，燕山月似钩。何当金络脑，快走踏清秋。
		"lvLimit": 4,
		"costPropId": 10201,
		"costNum": 22030,
		"atk": 1635,
		"def": 545,
		"hp": 109000,
		"propId": 0,
		"num": 0
	},
	"113": {
		"id": 113,
		"showLv": 110,
		"star": 20,
		"name": {"l10n":"-7gkftv"},//元神
		"desc": {"l10n":"-r9zyvt"},//大漠沙如雪，燕山月似钩。何当金络脑，快走踏清秋。
		"lvLimit": 4,
		"costPropId": 10201,
		"costNum": 23280,
		"atk": 1650,
		"def": 550,
		"hp": 110000,
		"propId": 0,
		"num": 0
	},
	"114": {
		"id": 114,
		"showLv": 111,
		"star": 21,
		"name": {"l10n":"-7gkftv"},//元神
		"desc": {"l10n":"-r9zyvt"},//大漠沙如雪，燕山月似钩。何当金络脑，快走踏清秋。
		"lvLimit": 4,
		"costPropId": 10201,
		"costNum": 24530,
		"atk": 1665,
		"def": 555,
		"hp": 111000,
		"propId": 0,
		"num": 0
	},
	"115": {
		"id": 115,
		"showLv": 112,
		"star": 22,
		"name": {"l10n":"-7gkftv"},//元神
		"desc": {"l10n":"-r9zyvt"},//大漠沙如雪，燕山月似钩。何当金络脑，快走踏清秋。
		"lvLimit": 4,
		"costPropId": 10201,
		"costNum": 25780,
		"atk": 1680,
		"def": 560,
		"hp": 112000,
		"propId": 0,
		"num": 0
	},
	"116": {
		"id": 116,
		"showLv": 113,
		"star": 23,
		"name": {"l10n":"-7gkftv"},//元神
		"desc": {"l10n":"-r9zyvt"},//大漠沙如雪，燕山月似钩。何当金络脑，快走踏清秋。
		"lvLimit": 4,
		"costPropId": 10201,
		"costNum": 27030,
		"atk": 1695,
		"def": 565,
		"hp": 113000,
		"propId": 0,
		"num": 0
	},
	"117": {
		"id": 117,
		"showLv": 114,
		"star": 24,
		"name": {"l10n":"-7gkftv"},//元神
		"desc": {"l10n":"-r9zyvt"},//大漠沙如雪，燕山月似钩。何当金络脑，快走踏清秋。
		"lvLimit": 4,
		"costPropId": 10201,
		"costNum": 37030,
		"atk": 1710,
		"def": 570,
		"hp": 114000,
		"propId": 0,
		"num": 0
	},
	"118": {
		"id": 118,
		"showLv": 115,
		"star": 25,
		"name": {"l10n":"-7gkftv"},//元神
		"desc": {"l10n":"-r9zyvt"},//大漠沙如雪，燕山月似钩。何当金络脑，快走踏清秋。
		"lvLimit": 4,
		"costPropId": 10201,
		"costNum": 38530,
		"atk": 1725,
		"def": 575,
		"hp": 115000,
		"propId": 0,
		"num": 0
	},
	"119": {
		"id": 119,
		"showLv": 116,
		"star": 26,
		"name": {"l10n":"-7gkftv"},//元神
		"desc": {"l10n":"-r9zyvt"},//大漠沙如雪，燕山月似钩。何当金络脑，快走踏清秋。
		"lvLimit": 4,
		"costPropId": 10201,
		"costNum": 40030,
		"atk": 1740,
		"def": 580,
		"hp": 116000,
		"propId": 0,
		"num": 0
	},
	"120": {
		"id": 120,
		"showLv": 117,
		"star": 27,
		"name": {"l10n":"-7gkftv"},//元神
		"desc": {"l10n":"-r9zyvt"},//大漠沙如雪，燕山月似钩。何当金络脑，快走踏清秋。
		"lvLimit": 4,
		"costPropId": 10201,
		"costNum": 41530,
		"atk": 1755,
		"def": 585,
		"hp": 117000,
		"propId": 0,
		"num": 0
	},
	"121": {
		"id": 121,
		"showLv": 118,
		"star": 28,
		"name": {"l10n":"-7gkftv"},//元神
		"desc": {"l10n":"klqlr2"},//男儿本自重横行，天子非常赐颜色。
		"lvLimit": 4,
		"costPropId": 10201,
		"costNum": 86530,
		"atk": 1770,
		"def": 590,
		"hp": 118000,
		"propId": 0,
		"num": 0
	},
	"122": {
		"id": 122,
		"showLv": 119,
		"star": 29,
		"name": {"l10n":"-7gkftv"},//元神
		"desc": {"l10n":"klqlr2"},//男儿本自重横行，天子非常赐颜色。
		"lvLimit": 4,
		"costPropId": 10201,
		"costNum": 89530,
		"atk": 1785,
		"def": 595,
		"hp": 119000,
		"propId": 0,
		"num": 0
	},
	"123": {
		"id": 123,
		"showLv": 120,
		"star": 30,
		"name": {"l10n":"-7gkftv"},//元神
		"desc": {"l10n":"klqlr2"},//男儿本自重横行，天子非常赐颜色。
		"lvLimit": 4,
		"costPropId": 0,
		"costNum": 0,
		"atk": 1800,
		"def": 600,
		"hp": 120000,
		"propId": 0,
		"num": 0
	},
	"124": {
		"id": 124,
		"showLv": 120,
		"star": 0,
		"name": {"l10n":"-7gkftv"},//元神
		"desc": {"l10n":"klqlr2"},//男儿本自重横行，天子非常赐颜色。
		"lvLimit": 5,
		"costPropId": 10201,
		"costNum": 179530,
		"atk": 1800,
		"def": 600,
		"hp": 120000,
		"propId": 0,
		"num": 0
	},
	"125": {
		"id": 125,
		"showLv": 121,
		"star": 1,
		"name": {"l10n":"-7gkftv"},//元神
		"desc": {"l10n":"klqlr2"},//男儿本自重横行，天子非常赐颜色。
		"lvLimit": 5,
		"costPropId": 10201,
		"costNum": 181030,
		"atk": 1815,
		"def": 605,
		"hp": 121000,
		"propId": 0,
		"num": 0
	},
	"126": {
		"id": 126,
		"showLv": 122,
		"star": 2,
		"name": {"l10n":"-7gkftv"},//元神
		"desc": {"l10n":"klqlr2"},//男儿本自重横行，天子非常赐颜色。
		"lvLimit": 5,
		"costPropId": 10201,
		"costNum": 182530,
		"atk": 1830,
		"def": 610,
		"hp": 122000,
		"propId": 0,
		"num": 0
	},
	"127": {
		"id": 127,
		"showLv": 123,
		"star": 3,
		"name": {"l10n":"-7gkftv"},//元神
		"desc": {"l10n":"klqlr2"},//男儿本自重横行，天子非常赐颜色。
		"lvLimit": 5,
		"costPropId": 10201,
		"costNum": 184030,
		"atk": 1845,
		"def": 615,
		"hp": 123000,
		"propId": 0,
		"num": 0
	},
	"128": {
		"id": 128,
		"showLv": 124,
		"star": 4,
		"name": {"l10n":"-7gkftv"},//元神
		"desc": {"l10n":"klqlr2"},//男儿本自重横行，天子非常赐颜色。
		"lvLimit": 5,
		"costPropId": 10201,
		"costNum": 185530,
		"atk": 1860,
		"def": 620,
		"hp": 124000,
		"propId": 0,
		"num": 0
	},
	"129": {
		"id": 129,
		"showLv": 125,
		"star": 5,
		"name": {"l10n":"-7gkftv"},//元神
		"desc": {"l10n":"klqlr2"},//男儿本自重横行，天子非常赐颜色。
		"lvLimit": 5,
		"costPropId": 10201,
		"costNum": 187030,
		"atk": 1875,
		"def": 625,
		"hp": 125000,
		"propId": 0,
		"num": 0
	},
	"130": {
		"id": 130,
		"showLv": 126,
		"star": 6,
		"name": {"l10n":"-7gkftv"},//元神
		"desc": {"l10n":"klqlr2"},//男儿本自重横行，天子非常赐颜色。
		"lvLimit": 5,
		"costPropId": 10201,
		"costNum": 188530,
		"atk": 1890,
		"def": 630,
		"hp": 126000,
		"propId": 0,
		"num": 0
	},
	"131": {
		"id": 131,
		"showLv": 127,
		"star": 7,
		"name": {"l10n":"-7gkftv"},//元神
		"desc": {"l10n":"klqlr2"},//男儿本自重横行，天子非常赐颜色。
		"lvLimit": 5,
		"costPropId": 10201,
		"costNum": 190030,
		"atk": 1905,
		"def": 635,
		"hp": 127000,
		"propId": 0,
		"num": 0
	},
	"132": {
		"id": 132,
		"showLv": 128,
		"star": 8,
		"name": {"l10n":"-7gkftv"},//元神
		"desc": {"l10n":"iyf2qe"},//削金断玉，质坚刃深，手执此剑，倾军之力亦不得破之。
		"lvLimit": 5,
		"costPropId": 10201,
		"costNum": 191530,
		"atk": 1920,
		"def": 640,
		"hp": 128000,
		"propId": 0,
		"num": 0
	},
	"133": {
		"id": 133,
		"showLv": 129,
		"star": 9,
		"name": {"l10n":"-7gkftv"},//元神
		"desc": {"l10n":"iyf2qe"},//削金断玉，质坚刃深，手执此剑，倾军之力亦不得破之。
		"lvLimit": 5,
		"costPropId": 10201,
		"costNum": 193030,
		"atk": 1935,
		"def": 645,
		"hp": 129000,
		"propId": 0,
		"num": 0
	},
	"134": {
		"id": 134,
		"showLv": 130,
		"star": 10,
		"name": {"l10n":"-7gkftv"},//元神
		"desc": {"l10n":"iyf2qe"},//削金断玉，质坚刃深，手执此剑，倾军之力亦不得破之。
		"lvLimit": 5,
		"costPropId": 10201,
		"costNum": 195030,
		"atk": 1950,
		"def": 650,
		"hp": 130000,
		"propId": 0,
		"num": 0
	},
	"135": {
		"id": 135,
		"showLv": 131,
		"star": 11,
		"name": {"l10n":"-7gkftv"},//元神
		"desc": {"l10n":"iyf2qe"},//削金断玉，质坚刃深，手执此剑，倾军之力亦不得破之。
		"lvLimit": 5,
		"costPropId": 10201,
		"costNum": 197030,
		"atk": 1965,
		"def": 655,
		"hp": 131000,
		"propId": 0,
		"num": 0
	},
	"136": {
		"id": 136,
		"showLv": 132,
		"star": 12,
		"name": {"l10n":"-7gkftv"},//元神
		"desc": {"l10n":"iyf2qe"},//削金断玉，质坚刃深，手执此剑，倾军之力亦不得破之。
		"lvLimit": 5,
		"costPropId": 10201,
		"costNum": 199030,
		"atk": 1980,
		"def": 660,
		"hp": 132000,
		"propId": 0,
		"num": 0
	},
	"137": {
		"id": 137,
		"showLv": 133,
		"star": 13,
		"name": {"l10n":"-7gkftv"},//元神
		"desc": {"l10n":"iyf2qe"},//削金断玉，质坚刃深，手执此剑，倾军之力亦不得破之。
		"lvLimit": 5,
		"costPropId": 10201,
		"costNum": 201030,
		"atk": 1995,
		"def": 665,
		"hp": 133000,
		"propId": 0,
		"num": 0
	},
	"138": {
		"id": 138,
		"showLv": 134,
		"star": 14,
		"name": {"l10n":"-7gkftv"},//元神
		"desc": {"l10n":"iyf2qe"},//削金断玉，质坚刃深，手执此剑，倾军之力亦不得破之。
		"lvLimit": 5,
		"costPropId": 10201,
		"costNum": 203030,
		"atk": 2010,
		"def": 670,
		"hp": 134000,
		"propId": 0,
		"num": 0
	},
	"139": {
		"id": 139,
		"showLv": 135,
		"star": 15,
		"name": {"l10n":"-7gkftv"},//元神
		"desc": {"l10n":"iyf2qe"},//削金断玉，质坚刃深，手执此剑，倾军之力亦不得破之。
		"lvLimit": 5,
		"costPropId": 10201,
		"costNum": 205030,
		"atk": 2025,
		"def": 675,
		"hp": 135000,
		"propId": 0,
		"num": 0
	},
	"140": {
		"id": 140,
		"showLv": 136,
		"star": 16,
		"name": {"l10n":"-7gkftv"},//元神
		"desc": {"l10n":"iyf2qe"},//削金断玉，质坚刃深，手执此剑，倾军之力亦不得破之。
		"lvLimit": 5,
		"costPropId": 10201,
		"costNum": 207030,
		"atk": 2040,
		"def": 680,
		"hp": 136000,
		"propId": 0,
		"num": 0
	},
	"141": {
		"id": 141,
		"showLv": 137,
		"star": 17,
		"name": {"l10n":"-7gkftv"},//元神
		"desc": {"l10n":"iyf2qe"},//削金断玉，质坚刃深，手执此剑，倾军之力亦不得破之。
		"lvLimit": 5,
		"costPropId": 10201,
		"costNum": 209030,
		"atk": 2055,
		"def": 685,
		"hp": 137000,
		"propId": 0,
		"num": 0
	},
	"142": {
		"id": 142,
		"showLv": 138,
		"star": 18,
		"name": {"l10n":"-7gkftv"},//元神
		"desc": {"l10n":"iyf2qe"},//削金断玉，质坚刃深，手执此剑，倾军之力亦不得破之。
		"lvLimit": 5,
		"costPropId": 10201,
		"costNum": 211030,
		"atk": 2070,
		"def": 690,
		"hp": 138000,
		"propId": 0,
		"num": 0
	},
	"143": {
		"id": 143,
		"showLv": 139,
		"star": 19,
		"name": {"l10n":"-7gkftv"},//元神
		"desc": {"l10n":"-hddipo"},//校尉羽书飞瀚海，单于猎火照狼山。
		"lvLimit": 5,
		"costPropId": 10201,
		"costNum": 213030,
		"atk": 2085,
		"def": 695,
		"hp": 139000,
		"propId": 0,
		"num": 0
	},
	"144": {
		"id": 144,
		"showLv": 140,
		"star": 20,
		"name": {"l10n":"-7gkftv"},//元神
		"desc": {"l10n":"-hddipo"},//校尉羽书飞瀚海，单于猎火照狼山。
		"lvLimit": 5,
		"costPropId": 10201,
		"costNum": 216530,
		"atk": 2100,
		"def": 700,
		"hp": 140000,
		"propId": 0,
		"num": 0
	},
	"145": {
		"id": 145,
		"showLv": 141,
		"star": 21,
		"name": {"l10n":"-7gkftv"},//元神
		"desc": {"l10n":"-hddipo"},//校尉羽书飞瀚海，单于猎火照狼山。
		"lvLimit": 5,
		"costPropId": 10201,
		"costNum": 220030,
		"atk": 2115,
		"def": 705,
		"hp": 141000,
		"propId": 0,
		"num": 0
	},
	"146": {
		"id": 146,
		"showLv": 142,
		"star": 22,
		"name": {"l10n":"-7gkftv"},//元神
		"desc": {"l10n":"-hddipo"},//校尉羽书飞瀚海，单于猎火照狼山。
		"lvLimit": 5,
		"costPropId": 10201,
		"costNum": 223530,
		"atk": 2130,
		"def": 710,
		"hp": 142000,
		"propId": 0,
		"num": 0
	},
	"147": {
		"id": 147,
		"showLv": 143,
		"star": 23,
		"name": {"l10n":"-7gkftv"},//元神
		"desc": {"l10n":"-hddipo"},//校尉羽书飞瀚海，单于猎火照狼山。
		"lvLimit": 5,
		"costPropId": 10201,
		"costNum": 227030,
		"atk": 2145,
		"def": 715,
		"hp": 143000,
		"propId": 0,
		"num": 0
	},
	"148": {
		"id": 148,
		"showLv": 144,
		"star": 24,
		"name": {"l10n":"-7gkftv"},//元神
		"desc": {"l10n":"-hddipo"},//校尉羽书飞瀚海，单于猎火照狼山。
		"lvLimit": 5,
		"costPropId": 10201,
		"costNum": 230530,
		"atk": 2160,
		"def": 720,
		"hp": 144000,
		"propId": 0,
		"num": 0
	},
	"149": {
		"id": 149,
		"showLv": 145,
		"star": 25,
		"name": {"l10n":"-7gkftv"},//元神
		"desc": {"l10n":"-hddipo"},//校尉羽书飞瀚海，单于猎火照狼山。
		"lvLimit": 5,
		"costPropId": 10201,
		"costNum": 234030,
		"atk": 2175,
		"def": 725,
		"hp": 145000,
		"propId": 0,
		"num": 0
	},
	"150": {
		"id": 150,
		"showLv": 146,
		"star": 26,
		"name": {"l10n":"-7gkftv"},//元神
		"desc": {"l10n":"-hddipo"},//校尉羽书飞瀚海，单于猎火照狼山。
		"lvLimit": 5,
		"costPropId": 10201,
		"costNum": 237530,
		"atk": 2190,
		"def": 730,
		"hp": 146000,
		"propId": 0,
		"num": 0
	},
	"151": {
		"id": 151,
		"showLv": 147,
		"star": 27,
		"name": {"l10n":"-7gkftv"},//元神
		"desc": {"l10n":"-hddipo"},//校尉羽书飞瀚海，单于猎火照狼山。
		"lvLimit": 5,
		"costPropId": 10201,
		"costNum": 241030,
		"atk": 2205,
		"def": 735,
		"hp": 147000,
		"propId": 0,
		"num": 0
	},
	"152": {
		"id": 152,
		"showLv": 148,
		"star": 28,
		"name": {"l10n":"-7gkftv"},//元神
		"desc": {"l10n":"-hddipo"},//校尉羽书飞瀚海，单于猎火照狼山。
		"lvLimit": 5,
		"costPropId": 10201,
		"costNum": 244530,
		"atk": 2220,
		"def": 740,
		"hp": 148000,
		"propId": 0,
		"num": 0
	},
	"153": {
		"id": 153,
		"showLv": 149,
		"star": 29,
		"name": {"l10n":"-7gkftv"},//元神
		"desc": {"l10n":"-hddipo"},//校尉羽书飞瀚海，单于猎火照狼山。
		"lvLimit": 5,
		"costPropId": 10201,
		"costNum": 248030,
		"atk": 2235,
		"def": 745,
		"hp": 149000,
		"propId": 0,
		"num": 0
	},
	"154": {
		"id": 154,
		"showLv": 150,
		"star": 30,
		"name": {"l10n":"-7gkftv"},//元神
		"desc": {"l10n":"-rgnmft"},//相传颛顼所有，在匣中常如龙吟虎啸。
		"lvLimit": 5,
		"costPropId": 0,
		"costNum": 0,
		"atk": 2250,
		"def": 750,
		"hp": 150000,
		"propId": 0,
		"num": 0
	},
	"155": {
		"id": 155,
		"showLv": 150,
		"star": 0,
		"name": {"l10n":"-7gkftv"},//元神
		"desc": {"l10n":"-rgnmft"},//相传颛顼所有，在匣中常如龙吟虎啸。
		"lvLimit": 6,
		"costPropId": 10201,
		"costNum": 498030,
		"atk": 2250,
		"def": 750,
		"hp": 150000,
		"propId": 0,
		"num": 0
	},
	"156": {
		"id": 156,
		"showLv": 151,
		"star": 1,
		"name": {"l10n":"-7gkftv"},//元神
		"desc": {"l10n":"-rgnmft"},//相传颛顼所有，在匣中常如龙吟虎啸。
		"lvLimit": 6,
		"costPropId": 10201,
		"costNum": 500030,
		"atk": 2265,
		"def": 755,
		"hp": 151000,
		"propId": 0,
		"num": 0
	},
	"157": {
		"id": 157,
		"showLv": 152,
		"star": 2,
		"name": {"l10n":"-7gkftv"},//元神
		"desc": {"l10n":"-rgnmft"},//相传颛顼所有，在匣中常如龙吟虎啸。
		"lvLimit": 6,
		"costPropId": 10201,
		"costNum": 502030,
		"atk": 2280,
		"def": 760,
		"hp": 152000,
		"propId": 0,
		"num": 0
	},
	"158": {
		"id": 158,
		"showLv": 153,
		"star": 3,
		"name": {"l10n":"-7gkftv"},//元神
		"desc": {"l10n":"-rgnmft"},//相传颛顼所有，在匣中常如龙吟虎啸。
		"lvLimit": 6,
		"costPropId": 10201,
		"costNum": 504030,
		"atk": 2295,
		"def": 765,
		"hp": 153000,
		"propId": 0,
		"num": 0
	},
	"159": {
		"id": 159,
		"showLv": 154,
		"star": 4,
		"name": {"l10n":"-7gkftv"},//元神
		"desc": {"l10n":"-rgnmft"},//相传颛顼所有，在匣中常如龙吟虎啸。
		"lvLimit": 6,
		"costPropId": 10201,
		"costNum": 506030,
		"atk": 2310,
		"def": 770,
		"hp": 154000,
		"propId": 0,
		"num": 0
	},
	"160": {
		"id": 160,
		"showLv": 155,
		"star": 5,
		"name": {"l10n":"-7gkftv"},//元神
		"desc": {"l10n":"-rgnmft"},//相传颛顼所有，在匣中常如龙吟虎啸。
		"lvLimit": 6,
		"costPropId": 10201,
		"costNum": 508030,
		"atk": 2325,
		"def": 775,
		"hp": 155000,
		"propId": 0,
		"num": 0
	},
	"161": {
		"id": 161,
		"showLv": 156,
		"star": 6,
		"name": {"l10n":"-7gkftv"},//元神
		"desc": {"l10n":"-rgnmft"},//相传颛顼所有，在匣中常如龙吟虎啸。
		"lvLimit": 6,
		"costPropId": 10201,
		"costNum": 510030,
		"atk": 2340,
		"def": 780,
		"hp": 156000,
		"propId": 0,
		"num": 0
	},
	"162": {
		"id": 162,
		"showLv": 157,
		"star": 7,
		"name": {"l10n":"-7gkftv"},//元神
		"desc": {"l10n":"-rgnmft"},//相传颛顼所有，在匣中常如龙吟虎啸。
		"lvLimit": 6,
		"costPropId": 10201,
		"costNum": 512030,
		"atk": 2355,
		"def": 785,
		"hp": 157000,
		"propId": 0,
		"num": 0
	},
	"163": {
		"id": 163,
		"showLv": 158,
		"star": 8,
		"name": {"l10n":"-7gkftv"},//元神
		"desc": {"l10n":"-rgnmft"},//相传颛顼所有，在匣中常如龙吟虎啸。
		"lvLimit": 6,
		"costPropId": 10201,
		"costNum": 514030,
		"atk": 2370,
		"def": 790,
		"hp": 158000,
		"propId": 0,
		"num": 0
	},
	"164": {
		"id": 164,
		"showLv": 159,
		"star": 9,
		"name": {"l10n":"-7gkftv"},//元神
		"desc": {"l10n":"-rgnmft"},//相传颛顼所有，在匣中常如龙吟虎啸。
		"lvLimit": 6,
		"costPropId": 10201,
		"costNum": 516030,
		"atk": 2385,
		"def": 795,
		"hp": 159000,
		"propId": 0,
		"num": 0
	},
	"165": {
		"id": 165,
		"showLv": 160,
		"star": 10,
		"name": {"l10n":"-7gkftv"},//元神
		"desc": {"l10n":"-g24s80"},//杀气三时作阵云，寒声一夜传刁斗。
		"lvLimit": 6,
		"costPropId": 10201,
		"costNum": 518030,
		"atk": 2400,
		"def": 800,
		"hp": 160000,
		"propId": 0,
		"num": 0
	},
	"166": {
		"id": 166,
		"showLv": 161,
		"star": 11,
		"name": {"l10n":"-7gkftv"},//元神
		"desc": {"l10n":"-g24s80"},//杀气三时作阵云，寒声一夜传刁斗。
		"lvLimit": 6,
		"costPropId": 10201,
		"costNum": 520030,
		"atk": 2415,
		"def": 805,
		"hp": 161000,
		"propId": 0,
		"num": 0
	},
	"167": {
		"id": 167,
		"showLv": 162,
		"star": 12,
		"name": {"l10n":"-7gkftv"},//元神
		"desc": {"l10n":"-g24s80"},//杀气三时作阵云，寒声一夜传刁斗。
		"lvLimit": 6,
		"costPropId": 10201,
		"costNum": 522030,
		"atk": 2430,
		"def": 810,
		"hp": 162000,
		"propId": 0,
		"num": 0
	},
	"168": {
		"id": 168,
		"showLv": 163,
		"star": 13,
		"name": {"l10n":"-7gkftv"},//元神
		"desc": {"l10n":"-g24s80"},//杀气三时作阵云，寒声一夜传刁斗。
		"lvLimit": 6,
		"costPropId": 10201,
		"costNum": 524030,
		"atk": 2445,
		"def": 815,
		"hp": 163000,
		"propId": 0,
		"num": 0
	},
	"169": {
		"id": 169,
		"showLv": 164,
		"star": 14,
		"name": {"l10n":"-7gkftv"},//元神
		"desc": {"l10n":"-g24s80"},//杀气三时作阵云，寒声一夜传刁斗。
		"lvLimit": 6,
		"costPropId": 10201,
		"costNum": 526030,
		"atk": 2460,
		"def": 820,
		"hp": 164000,
		"propId": 0,
		"num": 0
	},
	"170": {
		"id": 170,
		"showLv": 165,
		"star": 15,
		"name": {"l10n":"-7gkftv"},//元神
		"desc": {"l10n":"-g24s80"},//杀气三时作阵云，寒声一夜传刁斗。
		"lvLimit": 6,
		"costPropId": 10201,
		"costNum": 528030,
		"atk": 2475,
		"def": 825,
		"hp": 165000,
		"propId": 0,
		"num": 0
	},
	"171": {
		"id": 171,
		"showLv": 166,
		"star": 16,
		"name": {"l10n":"-7gkftv"},//元神
		"desc": {"l10n":"-g24s80"},//杀气三时作阵云，寒声一夜传刁斗。
		"lvLimit": 6,
		"costPropId": 10201,
		"costNum": 530030,
		"atk": 2490,
		"def": 830,
		"hp": 166000,
		"propId": 0,
		"num": 0
	},
	"172": {
		"id": 172,
		"showLv": 167,
		"star": 17,
		"name": {"l10n":"-7gkftv"},//元神
		"desc": {"l10n":"-g24s80"},//杀气三时作阵云，寒声一夜传刁斗。
		"lvLimit": 6,
		"costPropId": 10201,
		"costNum": 532030,
		"atk": 2505,
		"def": 835,
		"hp": 167000,
		"propId": 0,
		"num": 0
	},
	"173": {
		"id": 173,
		"showLv": 168,
		"star": 18,
		"name": {"l10n":"-7gkftv"},//元神
		"desc": {"l10n":"-g24s80"},//杀气三时作阵云，寒声一夜传刁斗。
		"lvLimit": 6,
		"costPropId": 10201,
		"costNum": 534030,
		"atk": 2520,
		"def": 840,
		"hp": 168000,
		"propId": 0,
		"num": 0
	},
	"174": {
		"id": 174,
		"showLv": 169,
		"star": 19,
		"name": {"l10n":"-7gkftv"},//元神
		"desc": {"l10n":"-g24s80"},//杀气三时作阵云，寒声一夜传刁斗。
		"lvLimit": 6,
		"costPropId": 10201,
		"costNum": 536030,
		"atk": 2535,
		"def": 845,
		"hp": 169000,
		"propId": 0,
		"num": 0
	},
	"175": {
		"id": 175,
		"showLv": 170,
		"star": 20,
		"name": {"l10n":"-7gkftv"},//元神
		"desc": {"l10n":"-g24s80"},//杀气三时作阵云，寒声一夜传刁斗。
		"lvLimit": 6,
		"costPropId": 10201,
		"costNum": 538530,
		"atk": 2550,
		"def": 850,
		"hp": 170000,
		"propId": 0,
		"num": 0
	},
	"176": {
		"id": 176,
		"showLv": 171,
		"star": 21,
		"name": {"l10n":"-7gkftv"},//元神
		"desc": {"l10n":"i9wi7l"},//剑身暗红，如浴血池，中有眼瞳可摄破敌胆，十方俱灭。
		"lvLimit": 6,
		"costPropId": 10201,
		"costNum": 541030,
		"atk": 2565,
		"def": 855,
		"hp": 171000,
		"propId": 0,
		"num": 0
	},
	"177": {
		"id": 177,
		"showLv": 172,
		"star": 22,
		"name": {"l10n":"-7gkftv"},//元神
		"desc": {"l10n":"i9wi7l"},//剑身暗红，如浴血池，中有眼瞳可摄破敌胆，十方俱灭。
		"lvLimit": 6,
		"costPropId": 10201,
		"costNum": 543530,
		"atk": 2580,
		"def": 860,
		"hp": 172000,
		"propId": 0,
		"num": 0
	},
	"178": {
		"id": 178,
		"showLv": 173,
		"star": 23,
		"name": {"l10n":"-7gkftv"},//元神
		"desc": {"l10n":"i9wi7l"},//剑身暗红，如浴血池，中有眼瞳可摄破敌胆，十方俱灭。
		"lvLimit": 6,
		"costPropId": 10201,
		"costNum": 546030,
		"atk": 2595,
		"def": 865,
		"hp": 173000,
		"propId": 0,
		"num": 0
	},
	"179": {
		"id": 179,
		"showLv": 174,
		"star": 24,
		"name": {"l10n":"-7gkftv"},//元神
		"desc": {"l10n":"i9wi7l"},//剑身暗红，如浴血池，中有眼瞳可摄破敌胆，十方俱灭。
		"lvLimit": 6,
		"costPropId": 10201,
		"costNum": 548530,
		"atk": 2610,
		"def": 870,
		"hp": 174000,
		"propId": 0,
		"num": 0
	},
	"180": {
		"id": 180,
		"showLv": 175,
		"star": 25,
		"name": {"l10n":"-7gkftv"},//元神
		"desc": {"l10n":"i9wi7l"},//剑身暗红，如浴血池，中有眼瞳可摄破敌胆，十方俱灭。
		"lvLimit": 6,
		"costPropId": 10201,
		"costNum": 551030,
		"atk": 2625,
		"def": 875,
		"hp": 175000,
		"propId": 0,
		"num": 0
	},
	"181": {
		"id": 181,
		"showLv": 176,
		"star": 26,
		"name": {"l10n":"-7gkftv"},//元神
		"desc": {"l10n":"i9wi7l"},//剑身暗红，如浴血池，中有眼瞳可摄破敌胆，十方俱灭。
		"lvLimit": 6,
		"costPropId": 10201,
		"costNum": 553530,
		"atk": 2640,
		"def": 880,
		"hp": 176000,
		"propId": 0,
		"num": 0
	},
	"182": {
		"id": 182,
		"showLv": 177,
		"star": 27,
		"name": {"l10n":"-7gkftv"},//元神
		"desc": {"l10n":"i9wi7l"},//剑身暗红，如浴血池，中有眼瞳可摄破敌胆，十方俱灭。
		"lvLimit": 6,
		"costPropId": 10201,
		"costNum": 556030,
		"atk": 2655,
		"def": 885,
		"hp": 177000,
		"propId": 0,
		"num": 0
	},
	"183": {
		"id": 183,
		"showLv": 178,
		"star": 28,
		"name": {"l10n":"-7gkftv"},//元神
		"desc": {"l10n":"i9wi7l"},//剑身暗红，如浴血池，中有眼瞳可摄破敌胆，十方俱灭。
		"lvLimit": 6,
		"costPropId": 10201,
		"costNum": 558530,
		"atk": 2670,
		"def": 890,
		"hp": 178000,
		"propId": 0,
		"num": 0
	},
	"184": {
		"id": 184,
		"showLv": 179,
		"star": 29,
		"name": {"l10n":"-7gkftv"},//元神
		"desc": {"l10n":"i9wi7l"},//剑身暗红，如浴血池，中有眼瞳可摄破敌胆，十方俱灭。
		"lvLimit": 6,
		"costPropId": 10201,
		"costNum": 561030,
		"atk": 2685,
		"def": 895,
		"hp": 179000,
		"propId": 0,
		"num": 0
	},
	"185": {
		"id": 185,
		"showLv": 180,
		"star": 30,
		"name": {"l10n":"-7gkftv"},//元神
		"desc": {"l10n":"i9wi7l"},//剑身暗红，如浴血池，中有眼瞳可摄破敌胆，十方俱灭。
		"lvLimit": 6,
		"costPropId": 0,
		"costNum": 0,
		"atk": 2700,
		"def": 900,
		"hp": 180000,
		"propId": 0,
		"num": 0
	},
	"186": {
		"id": 186,
		"showLv": 180,
		"star": 0,
		"name": {"l10n":"-7gkftv"},//元神
		"desc": {"l10n":"i9wi7l"},//剑身暗红，如浴血池，中有眼瞳可摄破敌胆，十方俱灭。
		"lvLimit": 7,
		"costPropId": 0,
		"costNum": 0,
		"atk": 2700,
		"def": 900,
		"hp": 180000,
		"propId": 0,
		"num": 0
	}
}