{
	//元神奖励.id 序列号
	//元神奖励.quality 品质
	//元神奖励.name 描述
	//元神奖励.desc 描述
	//元神奖励.propId 升到下一重数的奖励道具
	//元神奖励.num 奖励数量
	//元神奖励.need 升级到下一强度要求
	//元神奖励.attrs 该强度的属性加成
	//need.sort 序号
	//need.id id
	//need.type 调用任务类型表的id
	//need.value 条件值
	//need.param1 参数值
	//need.param2 参数值
	//attrs.id 境界id
	//attrs.attrType 属性类型
	//attrs.value 值，万分比
	//"salt": "85f25586260c23881f1f6232d470d078"
	"1": {
		"id": 1,
		"quality": 1,
		"name": {"l10n":"gsv34w"},//一重
		"desc": {"l10n":"-bzt1xg"},//一重元神境界
		"propId": 0,
		"num": 0,
		"need": [
			{
				"sort": 1,
				"id": 1,
				"type": 1002,
				"value": 30,
				"param1": 0,
				"param2": 0
			},
			{
				"sort": 7,
				"id": 1,
				"type": 1004,
				"value": 31,
				"param1": 0,
				"param2": 0
			}
		],
		"attrs": [
			{
				"id": 1,
				"attrType": 20,
				"value": 0
			},
			{
				"id": 1,
				"attrType": 21,
				"value": 0
			},
			{
				"id": 1,
				"attrType": 22,
				"value": 0
			}
		]
	},
	"2": {
		"id": 2,
		"quality": 2,
		"name": {"l10n":"gsv31g"},//二重
		"desc": {"l10n":"-bzsyrk"},//二重元神境界
		"propId": 0,
		"num": 0,
		"need": [
			{
				"sort": 2,
				"id": 2,
				"type": 1002,
				"value": 60,
				"param1": 0,
				"param2": 0
			},
			{
				"sort": 8,
				"id": 2,
				"type": 1004,
				"value": 62,
				"param1": 0,
				"param2": 0
			}
		],
		"attrs": [
			{
				"id": 2,
				"attrType": 20,
				"value": 2500
			},
			{
				"id": 2,
				"attrType": 21,
				"value": 2500
			},
			{
				"id": 2,
				"attrType": 22,
				"value": 2500
			}
		]
	},
	"3": {
		"id": 3,
		"quality": 3,
		"name": {"l10n":"gsv353"},//三重
		"desc": {"l10n":"-bzt1jv"},//三重元神境界
		"propId": 0,
		"num": 0,
		"need": [
			{
				"sort": 3,
				"id": 3,
				"type": 1002,
				"value": 90,
				"param1": 0,
				"param2": 0
			},
			{
				"sort": 9,
				"id": 3,
				"type": 1004,
				"value": 93,
				"param1": 0,
				"param2": 0
			}
		],
		"attrs": [
			{
				"id": 3,
				"attrType": 20,
				"value": 5000
			},
			{
				"id": 3,
				"attrType": 21,
				"value": 5000
			},
			{
				"id": 3,
				"attrType": 22,
				"value": 5000
			}
		]
	},
	"4": {
		"id": 4,
		"quality": 4,
		"name": {"l10n":"gsuyd1"},//四重
		"desc": {"l10n":"-bzm6q1"},//四重元神境界
		"propId": 0,
		"num": 0,
		"need": [
			{
				"sort": 4,
				"id": 4,
				"type": 1002,
				"value": 120,
				"param1": 0,
				"param2": 0
			},
			{
				"sort": 10,
				"id": 4,
				"type": 1004,
				"value": 124,
				"param1": 0,
				"param2": 0
			}
		],
		"attrs": [
			{
				"id": 4,
				"attrType": 20,
				"value": 7500
			},
			{
				"id": 4,
				"attrType": 21,
				"value": 7500
			},
			{
				"id": 4,
				"attrType": 22,
				"value": 7500
			}
		]
	},
	"5": {
		"id": 5,
		"quality": 4,
		"name": {"l10n":"gsv31o"},//五重
		"desc": {"l10n":"-bzsyk8"},//五重元神境界
		"propId": 0,
		"num": 0,
		"need": [
			{
				"sort": 5,
				"id": 5,
				"type": 1002,
				"value": 150,
				"param1": 0,
				"param2": 0
			},
			{
				"sort": 11,
				"id": 5,
				"type": 1004,
				"value": 155,
				"param1": 0,
				"param2": 0
			}
		],
		"attrs": [
			{
				"id": 5,
				"attrType": 20,
				"value": 10000
			},
			{
				"id": 5,
				"attrType": 21,
				"value": 10000
			},
			{
				"id": 5,
				"attrType": 22,
				"value": 10000
			}
		]
	},
	"6": {
		"id": 6,
		"quality": 6,
		"name": {"l10n":"gsuymb"},//六重
		"desc": {"l10n":"-bzm1dr"},//六重元神境界
		"propId": 0,
		"num": 0,
		"need": [
			{
				"sort": 6,
				"id": 6,
				"type": 1002,
				"value": 180,
				"param1": 0,
				"param2": 0
			},
			{
				"sort": 12,
				"id": 6,
				"type": 1004,
				"value": 186,
				"param1": 0,
				"param2": 0
			}
		],
		"attrs": [
			{
				"id": 6,
				"attrType": 20,
				"value": 12500
			},
			{
				"id": 6,
				"attrType": 21,
				"value": 12500
			},
			{
				"id": 6,
				"attrType": 22,
				"value": 12500
			}
		]
	},
	"7": {
		"id": 7,
		"quality": 6,
		"name": {"l10n":"gsv34t"},//七重
		"desc": {"l10n":"-bzt1sx"},//七重元神境界
		"propId": 0,
		"num": 0,
		"need": [

		],
		"attrs": [
			{
				"id": 7,
				"attrType": 20,
				"value": 15000
			},
			{
				"id": 7,
				"attrType": 21,
				"value": 15000
			},
			{
				"id": 7,
				"attrType": 22,
				"value": 15000
			}
		]
	}
}