{
	//元神天赋.id 唯一id
	//元神天赋.race 种族1蟒天蛟2青鸾鸟3九尾狐
	//元神天赋.icon 妖术图标
	//元神天赋.tag 技能角标，用于展示资源图标1狂暴2治疗3控制
	//元神天赋.released 技能类型，1主动2触发3被动
	//元神天赋.quality 品质1白色2绿色3蓝色4紫色6金色8橙色10红色
	//元神天赋.level 技能等级
	//元神天赋.gongLevel 元神等级限制，元神的序列号id
	//元神天赋.costPropId 消耗道具，升到下一等级的消耗
	//元神天赋.costNum 消耗数量，升到下一等级的消耗
	//元神天赋.returnNum 返还数量，从当前等级重置返还的消耗
	//元神天赋.skillId 技能id
	//元神天赋.newId 新的id
	//元神天赋.fp 评分
	//元神天赋.desc3 妖术技能描述
	//元神天赋.desc4 妖术介绍
	//元神天赋.desc1 效果描述文字
	//"salt": "1d7dbbf21bbbd63d25b3b645e1e98aea"
	"10000": {
		"id": 10000,
		"race": 1,
		"icon": 101,
		"tag": 0,
		"released": 1,
		"quality": 0,
		"level": 0,
		"gongLevel": 31,
		"costPropId": 10102,
		"costNum": 100,
		"returnNum": 0,
		"skillId": 0,
		"newId": 10001,
		"fp": 0
	},
	"10100": {
		"id": 10100,
		"race": 1,
		"icon": 102,
		"tag": 0,
		"released": 2,
		"quality": 0,
		"level": 0,
		"gongLevel": 10,
		"costPropId": 10102,
		"costNum": 100,
		"returnNum": 0,
		"skillId": 0,
		"newId": 10101,
		"fp": 0
	},
	"10200": {
		"id": 10200,
		"race": 1,
		"icon": 103,
		"tag": 0,
		"released": 3,
		"quality": 0,
		"level": 0,
		"gongLevel": 20,
		"costPropId": 10102,
		"costNum": 100,
		"returnNum": 0,
		"skillId": 0,
		"newId": 10201,
		"fp": 0
	},
	"10001": {
		"id": 10001,
		"race": 1,
		"icon": 101,
		"tag": 1,
		"released": 1,
		"quality": 1,
		"level": 1,
		"gongLevel": 62,
		"costPropId": 10102,
		"costNum": 100,
		"returnNum": 100,
		"skillId": 201001,
		"newId": 10002,
		"fp": 100,
		"desc3": {"l10n":"rohpia"},//释放期间攻击强化，首次攻击将造成巨额伤害。
		"desc4": {"l10n":"-w02mo4"},//异蛇祖先九婴所使用的招式。强大的吞噬力加上无孔不入的毒系法术，强大的威力令人胆寒。
		"desc1": [
			300,
			600,
			1,
			1
		]
	},
	"10101": {
		"id": 10101,
		"race": 1,
		"icon": 102,
		"tag": 1,
		"released": 2,
		"quality": 1,
		"level": 1,
		"gongLevel": 41,
		"costPropId": 10102,
		"costNum": 100,
		"returnNum": 100,
		"skillId": 201101,
		"newId": 10102,
		"fp": 100,
		"desc3": {"l10n":"-l8q0lt"},//每累计攻击5次，第5段攻击强化，对目标造成巨额伤害。
		"desc4": {"l10n":"-hcs8df"},//异蛇们降低了每次攻击的伤害，但是却让毒性更加持久，让敌人在漫长的绝望中走上末路。
		"desc1": [
			200
		]
	},
	"10201": {
		"id": 10201,
		"race": 1,
		"icon": 103,
		"tag": 1,
		"released": 3,
		"quality": 1,
		"level": 1,
		"gongLevel": 51,
		"costPropId": 10102,
		"costNum": 100,
		"returnNum": 100,
		"skillId": 201201,
		"newId": 10202,
		"fp": 100,
		"desc3": {"l10n":"trecnw"},//每次攻击将增加角色攻击，持续3s，该增益具有上限。
		"desc4": {"l10n":"42jydg"},//异蛇将毒系法术与幽冥之力结合，再强大的敌人也难以抵挡这两种可怕力量的侵蚀。
		"desc1": [
			1,
			10
		]
	},
	"10002": {
		"id": 10002,
		"race": 1,
		"icon": 101,
		"tag": 1,
		"released": 1,
		"quality": 2,
		"level": 2,
		"gongLevel": 93,
		"costPropId": 10102,
		"costNum": 100,
		"returnNum": 200,
		"skillId": 201002,
		"newId": 10003,
		"fp": 200,
		"desc3": {"l10n":"rohpia"},//释放期间攻击强化，首次攻击将造成巨额伤害。
		"desc4": {"l10n":"-w02mo4"},//异蛇祖先九婴所使用的招式。强大的吞噬力加上无孔不入的毒系法术，强大的威力令人胆寒。
		"desc1": [
			340,
			680,
			1,
			1
		]
	},
	"10102": {
		"id": 10102,
		"race": 1,
		"icon": 102,
		"tag": 1,
		"released": 2,
		"quality": 2,
		"level": 2,
		"gongLevel": 72,
		"costPropId": 10102,
		"costNum": 100,
		"returnNum": 200,
		"skillId": 201102,
		"newId": 10103,
		"fp": 200,
		"desc3": {"l10n":"-l8q0lt"},//每累计攻击5次，第5段攻击强化，对目标造成巨额伤害。
		"desc4": {"l10n":"-hcs8df"},//异蛇们降低了每次攻击的伤害，但是却让毒性更加持久，让敌人在漫长的绝望中走上末路。
		"desc1": [
			215
		]
	},
	"10202": {
		"id": 10202,
		"race": 1,
		"icon": 103,
		"tag": 1,
		"released": 3,
		"quality": 2,
		"level": 2,
		"gongLevel": 82,
		"costPropId": 10102,
		"costNum": 100,
		"returnNum": 200,
		"skillId": 201202,
		"newId": 10203,
		"fp": 200,
		"desc3": {"l10n":"trecnw"},//每次攻击将增加角色攻击，持续3s，该增益具有上限。
		"desc4": {"l10n":"42jydg"},//异蛇将毒系法术与幽冥之力结合，再强大的敌人也难以抵挡这两种可怕力量的侵蚀。
		"desc1": [
			1.2,
			12
		]
	},
	"10003": {
		"id": 10003,
		"race": 1,
		"icon": 101,
		"tag": 1,
		"released": 1,
		"quality": 3,
		"level": 3,
		"gongLevel": 124,
		"costPropId": 10102,
		"costNum": 100,
		"returnNum": 300,
		"skillId": 201003,
		"newId": 10004,
		"fp": 500,
		"desc3": {"l10n":"rohpia"},//释放期间攻击强化，首次攻击将造成巨额伤害。
		"desc4": {"l10n":"-w02mo4"},//异蛇祖先九婴所使用的招式。强大的吞噬力加上无孔不入的毒系法术，强大的威力令人胆寒。
		"desc1": [
			380,
			760,
			1,
			1
		]
	},
	"10103": {
		"id": 10103,
		"race": 1,
		"icon": 102,
		"tag": 1,
		"released": 2,
		"quality": 3,
		"level": 3,
		"gongLevel": 103,
		"costPropId": 10102,
		"costNum": 100,
		"returnNum": 300,
		"skillId": 201103,
		"newId": 10104,
		"fp": 500,
		"desc3": {"l10n":"-l8q0lt"},//每累计攻击5次，第5段攻击强化，对目标造成巨额伤害。
		"desc4": {"l10n":"-hcs8df"},//异蛇们降低了每次攻击的伤害，但是却让毒性更加持久，让敌人在漫长的绝望中走上末路。
		"desc1": [
			230
		]
	},
	"10203": {
		"id": 10203,
		"race": 1,
		"icon": 103,
		"tag": 1,
		"released": 3,
		"quality": 3,
		"level": 3,
		"gongLevel": 113,
		"costPropId": 10102,
		"costNum": 100,
		"returnNum": 300,
		"skillId": 201203,
		"newId": 10204,
		"fp": 500,
		"desc3": {"l10n":"trecnw"},//每次攻击将增加角色攻击，持续3s，该增益具有上限。
		"desc4": {"l10n":"42jydg"},//异蛇将毒系法术与幽冥之力结合，再强大的敌人也难以抵挡这两种可怕力量的侵蚀。
		"desc1": [
			1.4,
			14
		]
	},
	"10004": {
		"id": 10004,
		"race": 1,
		"icon": 101,
		"tag": 1,
		"released": 1,
		"quality": 4,
		"level": 4,
		"gongLevel": 155,
		"costPropId": 10102,
		"costNum": 100,
		"returnNum": 400,
		"skillId": 201004,
		"newId": 10005,
		"fp": 1000,
		"desc3": {"l10n":"rohpia"},//释放期间攻击强化，首次攻击将造成巨额伤害。
		"desc4": {"l10n":"-w02mo4"},//异蛇祖先九婴所使用的招式。强大的吞噬力加上无孔不入的毒系法术，强大的威力令人胆寒。
		"desc1": [
			420,
			840,
			1,
			1
		]
	},
	"10104": {
		"id": 10104,
		"race": 1,
		"icon": 102,
		"tag": 1,
		"released": 2,
		"quality": 4,
		"level": 4,
		"gongLevel": 134,
		"costPropId": 10102,
		"costNum": 100,
		"returnNum": 400,
		"skillId": 201104,
		"newId": 10105,
		"fp": 1000,
		"desc3": {"l10n":"-l8q0lt"},//每累计攻击5次，第5段攻击强化，对目标造成巨额伤害。
		"desc4": {"l10n":"-hcs8df"},//异蛇们降低了每次攻击的伤害，但是却让毒性更加持久，让敌人在漫长的绝望中走上末路。
		"desc1": [
			245
		]
	},
	"10204": {
		"id": 10204,
		"race": 1,
		"icon": 103,
		"tag": 1,
		"released": 3,
		"quality": 4,
		"level": 4,
		"gongLevel": 144,
		"costPropId": 10102,
		"costNum": 100,
		"returnNum": 400,
		"skillId": 201204,
		"newId": 10205,
		"fp": 1000,
		"desc3": {"l10n":"trecnw"},//每次攻击将增加角色攻击，持续3s，该增益具有上限。
		"desc4": {"l10n":"42jydg"},//异蛇将毒系法术与幽冥之力结合，再强大的敌人也难以抵挡这两种可怕力量的侵蚀。
		"desc1": [
			1.6,
			16
		]
	},
	"10005": {
		"id": 10005,
		"race": 1,
		"icon": 101,
		"tag": 1,
		"released": 1,
		"quality": 5,
		"level": 5,
		"gongLevel": 186,
		"costPropId": 10102,
		"costNum": 100,
		"returnNum": 500,
		"skillId": 201005,
		"newId": 10006,
		"fp": 1500,
		"desc3": {"l10n":"rohpia"},//释放期间攻击强化，首次攻击将造成巨额伤害。
		"desc4": {"l10n":"-w02mo4"},//异蛇祖先九婴所使用的招式。强大的吞噬力加上无孔不入的毒系法术，强大的威力令人胆寒。
		"desc1": [
			460,
			920,
			1,
			1
		]
	},
	"10105": {
		"id": 10105,
		"race": 1,
		"icon": 102,
		"tag": 1,
		"released": 2,
		"quality": 5,
		"level": 5,
		"gongLevel": 165,
		"costPropId": 10102,
		"costNum": 100,
		"returnNum": 500,
		"skillId": 201105,
		"newId": 10106,
		"fp": 1500,
		"desc3": {"l10n":"-l8q0lt"},//每累计攻击5次，第5段攻击强化，对目标造成巨额伤害。
		"desc4": {"l10n":"-hcs8df"},//异蛇们降低了每次攻击的伤害，但是却让毒性更加持久，让敌人在漫长的绝望中走上末路。
		"desc1": [
			260
		]
	},
	"10205": {
		"id": 10205,
		"race": 1,
		"icon": 103,
		"tag": 1,
		"released": 3,
		"quality": 5,
		"level": 5,
		"gongLevel": 175,
		"costPropId": 10102,
		"costNum": 100,
		"returnNum": 500,
		"skillId": 201205,
		"newId": 10206,
		"fp": 1500,
		"desc3": {"l10n":"trecnw"},//每次攻击将增加角色攻击，持续3s，该增益具有上限。
		"desc4": {"l10n":"42jydg"},//异蛇将毒系法术与幽冥之力结合，再强大的敌人也难以抵挡这两种可怕力量的侵蚀。
		"desc1": [
			1.8,
			18
		]
	},
	"10006": {
		"id": 10006,
		"race": 1,
		"icon": 101,
		"tag": 1,
		"released": 1,
		"quality": 6,
		"level": 6,
		"gongLevel": 217,
		"costPropId": 10102,
		"costNum": 100,
		"returnNum": 600,
		"skillId": 201006,
		"newId": 10007,
		"fp": 2000,
		"desc3": {"l10n":"rohpia"},//释放期间攻击强化，首次攻击将造成巨额伤害。
		"desc4": {"l10n":"-w02mo4"},//异蛇祖先九婴所使用的招式。强大的吞噬力加上无孔不入的毒系法术，强大的威力令人胆寒。
		"desc1": [
			500,
			1000,
			1,
			1
		]
	},
	"10106": {
		"id": 10106,
		"race": 1,
		"icon": 102,
		"tag": 1,
		"released": 2,
		"quality": 6,
		"level": 6,
		"gongLevel": 196,
		"costPropId": 10102,
		"costNum": 100,
		"returnNum": 600,
		"skillId": 201106,
		"newId": 10107,
		"fp": 2000,
		"desc3": {"l10n":"-l8q0lt"},//每累计攻击5次，第5段攻击强化，对目标造成巨额伤害。
		"desc4": {"l10n":"-hcs8df"},//异蛇们降低了每次攻击的伤害，但是却让毒性更加持久，让敌人在漫长的绝望中走上末路。
		"desc1": [
			275
		]
	},
	"10206": {
		"id": 10206,
		"race": 1,
		"icon": 103,
		"tag": 1,
		"released": 3,
		"quality": 6,
		"level": 6,
		"gongLevel": 206,
		"costPropId": 10102,
		"costNum": 100,
		"returnNum": 600,
		"skillId": 201206,
		"newId": 10207,
		"fp": 2000,
		"desc3": {"l10n":"trecnw"},//每次攻击将增加角色攻击，持续3s，该增益具有上限。
		"desc4": {"l10n":"42jydg"},//异蛇将毒系法术与幽冥之力结合，再强大的敌人也难以抵挡这两种可怕力量的侵蚀。
		"desc1": [
			2,
			20
		]
	},
	"10007": {
		"id": 10007,
		"race": 1,
		"icon": 101,
		"tag": 1,
		"released": 1,
		"quality": 7,
		"level": 7,
		"gongLevel": 248,
		"costPropId": 10102,
		"costNum": 100,
		"returnNum": 700,
		"skillId": 201007,
		"newId": 10008,
		"fp": 2500,
		"desc3": {"l10n":"rohpia"},//释放期间攻击强化，首次攻击将造成巨额伤害。
		"desc4": {"l10n":"-w02mo4"},//异蛇祖先九婴所使用的招式。强大的吞噬力加上无孔不入的毒系法术，强大的威力令人胆寒。
		"desc1": [
			540,
			1080,
			1,
			1
		]
	},
	"10107": {
		"id": 10107,
		"race": 1,
		"icon": 102,
		"tag": 1,
		"released": 2,
		"quality": 7,
		"level": 7,
		"gongLevel": 227,
		"costPropId": 10102,
		"costNum": 100,
		"returnNum": 700,
		"skillId": 201107,
		"newId": 10108,
		"fp": 2500,
		"desc3": {"l10n":"-l8q0lt"},//每累计攻击5次，第5段攻击强化，对目标造成巨额伤害。
		"desc4": {"l10n":"-hcs8df"},//异蛇们降低了每次攻击的伤害，但是却让毒性更加持久，让敌人在漫长的绝望中走上末路。
		"desc1": [
			290
		]
	},
	"10207": {
		"id": 10207,
		"race": 1,
		"icon": 103,
		"tag": 1,
		"released": 3,
		"quality": 7,
		"level": 7,
		"gongLevel": 237,
		"costPropId": 10102,
		"costNum": 100,
		"returnNum": 700,
		"skillId": 201207,
		"newId": 10208,
		"fp": 2500,
		"desc3": {"l10n":"trecnw"},//每次攻击将增加角色攻击，持续3s，该增益具有上限。
		"desc4": {"l10n":"42jydg"},//异蛇将毒系法术与幽冥之力结合，再强大的敌人也难以抵挡这两种可怕力量的侵蚀。
		"desc1": [
			2.2,
			22
		]
	},
	"10008": {
		"id": 10008,
		"race": 1,
		"icon": 101,
		"tag": 1,
		"released": 1,
		"quality": 8,
		"level": 8,
		"gongLevel": 279,
		"costPropId": 10102,
		"costNum": 100,
		"returnNum": 800,
		"skillId": 201008,
		"newId": 10009,
		"fp": 3000,
		"desc3": {"l10n":"rohpia"},//释放期间攻击强化，首次攻击将造成巨额伤害。
		"desc4": {"l10n":"-w02mo4"},//异蛇祖先九婴所使用的招式。强大的吞噬力加上无孔不入的毒系法术，强大的威力令人胆寒。
		"desc1": [
			580,
			1160,
			1,
			1
		]
	},
	"10108": {
		"id": 10108,
		"race": 1,
		"icon": 102,
		"tag": 1,
		"released": 2,
		"quality": 8,
		"level": 8,
		"gongLevel": 258,
		"costPropId": 10102,
		"costNum": 100,
		"returnNum": 800,
		"skillId": 201108,
		"newId": 10109,
		"fp": 3000,
		"desc3": {"l10n":"-l8q0lt"},//每累计攻击5次，第5段攻击强化，对目标造成巨额伤害。
		"desc4": {"l10n":"-hcs8df"},//异蛇们降低了每次攻击的伤害，但是却让毒性更加持久，让敌人在漫长的绝望中走上末路。
		"desc1": [
			305
		]
	},
	"10208": {
		"id": 10208,
		"race": 1,
		"icon": 103,
		"tag": 1,
		"released": 3,
		"quality": 8,
		"level": 8,
		"gongLevel": 268,
		"costPropId": 10102,
		"costNum": 100,
		"returnNum": 800,
		"skillId": 201208,
		"newId": 10209,
		"fp": 3000,
		"desc3": {"l10n":"trecnw"},//每次攻击将增加角色攻击，持续3s，该增益具有上限。
		"desc4": {"l10n":"42jydg"},//异蛇将毒系法术与幽冥之力结合，再强大的敌人也难以抵挡这两种可怕力量的侵蚀。
		"desc1": [
			2.4,
			24
		]
	},
	"10009": {
		"id": 10009,
		"race": 1,
		"icon": 101,
		"tag": 1,
		"released": 1,
		"quality": 9,
		"level": 9,
		"gongLevel": 310,
		"costPropId": 10102,
		"costNum": 100,
		"returnNum": 900,
		"skillId": 201009,
		"newId": 10010,
		"fp": 4000,
		"desc3": {"l10n":"rohpia"},//释放期间攻击强化，首次攻击将造成巨额伤害。
		"desc4": {"l10n":"-w02mo4"},//异蛇祖先九婴所使用的招式。强大的吞噬力加上无孔不入的毒系法术，强大的威力令人胆寒。
		"desc1": [
			620,
			1240,
			1,
			1
		]
	},
	"10109": {
		"id": 10109,
		"race": 1,
		"icon": 102,
		"tag": 1,
		"released": 2,
		"quality": 9,
		"level": 9,
		"gongLevel": 275,
		"costPropId": 10102,
		"costNum": 100,
		"returnNum": 900,
		"skillId": 201109,
		"newId": 10110,
		"fp": 4000,
		"desc3": {"l10n":"-l8q0lt"},//每累计攻击5次，第5段攻击强化，对目标造成巨额伤害。
		"desc4": {"l10n":"-hcs8df"},//异蛇们降低了每次攻击的伤害，但是却让毒性更加持久，让敌人在漫长的绝望中走上末路。
		"desc1": [
			320
		]
	},
	"10209": {
		"id": 10209,
		"race": 1,
		"icon": 103,
		"tag": 1,
		"released": 3,
		"quality": 9,
		"level": 9,
		"gongLevel": 285,
		"costPropId": 10102,
		"costNum": 100,
		"returnNum": 900,
		"skillId": 201209,
		"newId": 10210,
		"fp": 4000,
		"desc3": {"l10n":"trecnw"},//每次攻击将增加角色攻击，持续3s，该增益具有上限。
		"desc4": {"l10n":"42jydg"},//异蛇将毒系法术与幽冥之力结合，再强大的敌人也难以抵挡这两种可怕力量的侵蚀。
		"desc1": [
			2.6,
			26
		]
	},
	"10010": {
		"id": 10010,
		"race": 1,
		"icon": 101,
		"tag": 1,
		"released": 1,
		"quality": 10,
		"level": 10,
		"gongLevel": 347,
		"costPropId": 0,
		"costNum": 0,
		"returnNum": 1000,
		"skillId": 201010,
		"newId": 0,
		"fp": 5000,
		"desc3": {"l10n":"rohpia"},//释放期间攻击强化，首次攻击将造成巨额伤害。
		"desc4": {"l10n":"-w02mo4"},//异蛇祖先九婴所使用的招式。强大的吞噬力加上无孔不入的毒系法术，强大的威力令人胆寒。
		"desc1": [
			700,
			1400,
			1,
			1
		]
	},
	"10110": {
		"id": 10110,
		"race": 1,
		"icon": 102,
		"tag": 1,
		"released": 2,
		"quality": 10,
		"level": 10,
		"gongLevel": 306,
		"costPropId": 0,
		"costNum": 0,
		"returnNum": 1000,
		"skillId": 201110,
		"newId": 0,
		"fp": 5000,
		"desc3": {"l10n":"-l8q0lt"},//每累计攻击5次，第5段攻击强化，对目标造成巨额伤害。
		"desc4": {"l10n":"-hcs8df"},//异蛇们降低了每次攻击的伤害，但是却让毒性更加持久，让敌人在漫长的绝望中走上末路。
		"desc1": [
			350
		]
	},
	"10210": {
		"id": 10210,
		"race": 1,
		"icon": 103,
		"tag": 1,
		"released": 3,
		"quality": 10,
		"level": 10,
		"gongLevel": 316,
		"costPropId": 0,
		"costNum": 0,
		"returnNum": 1000,
		"skillId": 201210,
		"newId": 0,
		"fp": 5000,
		"desc3": {"l10n":"trecnw"},//每次攻击将增加角色攻击，持续3s，该增益具有上限。
		"desc4": {"l10n":"42jydg"},//异蛇将毒系法术与幽冥之力结合，再强大的敌人也难以抵挡这两种可怕力量的侵蚀。
		"desc1": [
			3,
			30
		]
	},
	"20000": {
		"id": 20000,
		"race": 2,
		"icon": 201,
		"tag": 0,
		"released": 1,
		"quality": 0,
		"level": 0,
		"gongLevel": 31,
		"costPropId": 10102,
		"costNum": 100,
		"returnNum": 0,
		"skillId": 0,
		"newId": 20001,
		"fp": 0
	},
	"20100": {
		"id": 20100,
		"race": 2,
		"icon": 202,
		"tag": 0,
		"released": 2,
		"quality": 0,
		"level": 0,
		"gongLevel": 10,
		"costPropId": 10102,
		"costNum": 100,
		"returnNum": 0,
		"skillId": 0,
		"newId": 20101,
		"fp": 0
	},
	"20200": {
		"id": 20200,
		"race": 2,
		"icon": 203,
		"tag": 0,
		"released": 3,
		"quality": 0,
		"level": 0,
		"gongLevel": 20,
		"costPropId": 10102,
		"costNum": 100,
		"returnNum": 0,
		"skillId": 0,
		"newId": 20201,
		"fp": 0
	},
	"20001": {
		"id": 20001,
		"race": 2,
		"icon": 201,
		"tag": 2,
		"released": 1,
		"quality": 1,
		"level": 1,
		"gongLevel": 62,
		"costPropId": 10102,
		"costNum": 100,
		"returnNum": 100,
		"skillId": 301001,
		"newId": 20002,
		"fp": 100,
		"desc3": {"l10n":"sb4ww4"},//释放期间攻击强化，恢复自身及场内血量最低友方血量，释放后立即造成高额治疗。
		"desc4": {"l10n":"-lc0o6"},//奇鸟先祖鬼车的绝招。风系法术攻击对手的同时，还能以水系力量滋润万物。
		"desc1": [
			220,
			440,
			230,
			360,
			1,
			1
		]
	},
	"20101": {
		"id": 20101,
		"race": 2,
		"icon": 202,
		"tag": 2,
		"released": 2,
		"quality": 1,
		"level": 1,
		"gongLevel": 41,
		"costPropId": 10102,
		"costNum": 100,
		"returnNum": 100,
		"skillId": 301101,
		"newId": 20102,
		"fp": 100,
		"desc3": {"l10n":"-jgom27"},//每累计攻击5次，第5段攻击强化，对目标造成高额伤害，恢复自身及血量最低友方血量。
		"desc4": {"l10n":"-ozio0u"},//奇鸟们将祖先的法术发扬传承，以狂暴的风系和水系力量，来增加法术中的杀伤力和治愈能力。
		"desc1": [
			160,
			165
		]
	},
	"20201": {
		"id": 20201,
		"race": 2,
		"icon": 203,
		"tag": 2,
		"released": 3,
		"quality": 1,
		"level": 1,
		"gongLevel": 51,
		"costPropId": 10102,
		"costNum": 100,
		"returnNum": 100,
		"skillId": 301201,
		"newId": 20202,
		"fp": 100,
		"desc3": {"l10n":"7b79gt"},//每次受到攻击将增加角色防御，持续3s，该增益具有上限。
		"desc4": {"l10n":"i7u7oe"},//奇鸟们从疾风之中领悟的招式。狂风肆虐让敌人的攻击失去方向，从而形成强大的防御。
		"desc1": [
			1,
			10
		]
	},
	"20002": {
		"id": 20002,
		"race": 2,
		"icon": 201,
		"tag": 2,
		"released": 1,
		"quality": 2,
		"level": 2,
		"gongLevel": 93,
		"costPropId": 10102,
		"costNum": 100,
		"returnNum": 200,
		"skillId": 301002,
		"newId": 20003,
		"fp": 200,
		"desc3": {"l10n":"sb4ww4"},//释放期间攻击强化，恢复自身及场内血量最低友方血量，释放后立即造成高额治疗。
		"desc4": {"l10n":"-lc0o6"},//奇鸟先祖鬼车的绝招。风系法术攻击对手的同时，还能以水系力量滋润万物。
		"desc1": [
			244,
			488,
			256,
			412,
			1,
			1
		]
	},
	"20102": {
		"id": 20102,
		"race": 2,
		"icon": 202,
		"tag": 2,
		"released": 2,
		"quality": 2,
		"level": 2,
		"gongLevel": 72,
		"costPropId": 10102,
		"costNum": 100,
		"returnNum": 200,
		"skillId": 301102,
		"newId": 20103,
		"fp": 200,
		"desc3": {"l10n":"-jgom27"},//每累计攻击5次，第5段攻击强化，对目标造成高额伤害，恢复自身及血量最低友方血量。
		"desc4": {"l10n":"-ozio0u"},//奇鸟们将祖先的法术发扬传承，以狂暴的风系和水系力量，来增加法术中的杀伤力和治愈能力。
		"desc1": [
			169,
			174.75
		]
	},
	"20202": {
		"id": 20202,
		"race": 2,
		"icon": 203,
		"tag": 2,
		"released": 3,
		"quality": 2,
		"level": 2,
		"gongLevel": 82,
		"costPropId": 10102,
		"costNum": 100,
		"returnNum": 200,
		"skillId": 301202,
		"newId": 20203,
		"fp": 200,
		"desc3": {"l10n":"7b79gt"},//每次受到攻击将增加角色防御，持续3s，该增益具有上限。
		"desc4": {"l10n":"i7u7oe"},//奇鸟们从疾风之中领悟的招式。狂风肆虐让敌人的攻击失去方向，从而形成强大的防御。
		"desc1": [
			1.2,
			12
		]
	},
	"20003": {
		"id": 20003,
		"race": 2,
		"icon": 201,
		"tag": 2,
		"released": 1,
		"quality": 3,
		"level": 3,
		"gongLevel": 124,
		"costPropId": 10102,
		"costNum": 100,
		"returnNum": 300,
		"skillId": 301003,
		"newId": 20004,
		"fp": 500,
		"desc3": {"l10n":"sb4ww4"},//释放期间攻击强化，恢复自身及场内血量最低友方血量，释放后立即造成高额治疗。
		"desc4": {"l10n":"-lc0o6"},//奇鸟先祖鬼车的绝招。风系法术攻击对手的同时，还能以水系力量滋润万物。
		"desc1": [
			268,
			536,
			282,
			464,
			1,
			1
		]
	},
	"20103": {
		"id": 20103,
		"race": 2,
		"icon": 202,
		"tag": 2,
		"released": 2,
		"quality": 3,
		"level": 3,
		"gongLevel": 103,
		"costPropId": 10102,
		"costNum": 100,
		"returnNum": 300,
		"skillId": 301103,
		"newId": 20104,
		"fp": 500,
		"desc3": {"l10n":"-jgom27"},//每累计攻击5次，第5段攻击强化，对目标造成高额伤害，恢复自身及血量最低友方血量。
		"desc4": {"l10n":"-ozio0u"},//奇鸟们将祖先的法术发扬传承，以狂暴的风系和水系力量，来增加法术中的杀伤力和治愈能力。
		"desc1": [
			178,
			184.5
		]
	},
	"20203": {
		"id": 20203,
		"race": 2,
		"icon": 203,
		"tag": 2,
		"released": 3,
		"quality": 3,
		"level": 3,
		"gongLevel": 113,
		"costPropId": 10102,
		"costNum": 100,
		"returnNum": 300,
		"skillId": 301203,
		"newId": 20204,
		"fp": 500,
		"desc3": {"l10n":"7b79gt"},//每次受到攻击将增加角色防御，持续3s，该增益具有上限。
		"desc4": {"l10n":"i7u7oe"},//奇鸟们从疾风之中领悟的招式。狂风肆虐让敌人的攻击失去方向，从而形成强大的防御。
		"desc1": [
			1.4,
			14
		]
	},
	"20004": {
		"id": 20004,
		"race": 2,
		"icon": 201,
		"tag": 2,
		"released": 1,
		"quality": 4,
		"level": 4,
		"gongLevel": 155,
		"costPropId": 10102,
		"costNum": 100,
		"returnNum": 400,
		"skillId": 301004,
		"newId": 20005,
		"fp": 1000,
		"desc3": {"l10n":"sb4ww4"},//释放期间攻击强化，恢复自身及场内血量最低友方血量，释放后立即造成高额治疗。
		"desc4": {"l10n":"-lc0o6"},//奇鸟先祖鬼车的绝招。风系法术攻击对手的同时，还能以水系力量滋润万物。
		"desc1": [
			292,
			584,
			308,
			516,
			1,
			1
		]
	},
	"20104": {
		"id": 20104,
		"race": 2,
		"icon": 202,
		"tag": 2,
		"released": 2,
		"quality": 4,
		"level": 4,
		"gongLevel": 134,
		"costPropId": 10102,
		"costNum": 100,
		"returnNum": 400,
		"skillId": 301104,
		"newId": 20105,
		"fp": 1000,
		"desc3": {"l10n":"-jgom27"},//每累计攻击5次，第5段攻击强化，对目标造成高额伤害，恢复自身及血量最低友方血量。
		"desc4": {"l10n":"-ozio0u"},//奇鸟们将祖先的法术发扬传承，以狂暴的风系和水系力量，来增加法术中的杀伤力和治愈能力。
		"desc1": [
			187,
			194.25
		]
	},
	"20204": {
		"id": 20204,
		"race": 2,
		"icon": 203,
		"tag": 2,
		"released": 3,
		"quality": 4,
		"level": 4,
		"gongLevel": 144,
		"costPropId": 10102,
		"costNum": 100,
		"returnNum": 400,
		"skillId": 301204,
		"newId": 20205,
		"fp": 1000,
		"desc3": {"l10n":"7b79gt"},//每次受到攻击将增加角色防御，持续3s，该增益具有上限。
		"desc4": {"l10n":"i7u7oe"},//奇鸟们从疾风之中领悟的招式。狂风肆虐让敌人的攻击失去方向，从而形成强大的防御。
		"desc1": [
			1.6,
			16
		]
	},
	"20005": {
		"id": 20005,
		"race": 2,
		"icon": 201,
		"tag": 2,
		"released": 1,
		"quality": 5,
		"level": 5,
		"gongLevel": 186,
		"costPropId": 10102,
		"costNum": 100,
		"returnNum": 500,
		"skillId": 301005,
		"newId": 20006,
		"fp": 1500,
		"desc3": {"l10n":"sb4ww4"},//释放期间攻击强化，恢复自身及场内血量最低友方血量，释放后立即造成高额治疗。
		"desc4": {"l10n":"-lc0o6"},//奇鸟先祖鬼车的绝招。风系法术攻击对手的同时，还能以水系力量滋润万物。
		"desc1": [
			316,
			632,
			334,
			568,
			1,
			1
		]
	},
	"20105": {
		"id": 20105,
		"race": 2,
		"icon": 202,
		"tag": 2,
		"released": 2,
		"quality": 5,
		"level": 5,
		"gongLevel": 165,
		"costPropId": 10102,
		"costNum": 100,
		"returnNum": 500,
		"skillId": 301105,
		"newId": 20106,
		"fp": 1500,
		"desc3": {"l10n":"-jgom27"},//每累计攻击5次，第5段攻击强化，对目标造成高额伤害，恢复自身及血量最低友方血量。
		"desc4": {"l10n":"-ozio0u"},//奇鸟们将祖先的法术发扬传承，以狂暴的风系和水系力量，来增加法术中的杀伤力和治愈能力。
		"desc1": [
			196,
			204
		]
	},
	"20205": {
		"id": 20205,
		"race": 2,
		"icon": 203,
		"tag": 2,
		"released": 3,
		"quality": 5,
		"level": 5,
		"gongLevel": 175,
		"costPropId": 10102,
		"costNum": 100,
		"returnNum": 500,
		"skillId": 301205,
		"newId": 20206,
		"fp": 1500,
		"desc3": {"l10n":"7b79gt"},//每次受到攻击将增加角色防御，持续3s，该增益具有上限。
		"desc4": {"l10n":"i7u7oe"},//奇鸟们从疾风之中领悟的招式。狂风肆虐让敌人的攻击失去方向，从而形成强大的防御。
		"desc1": [
			1.8,
			18
		]
	},
	"20006": {
		"id": 20006,
		"race": 2,
		"icon": 201,
		"tag": 2,
		"released": 1,
		"quality": 6,
		"level": 6,
		"gongLevel": 217,
		"costPropId": 10102,
		"costNum": 100,
		"returnNum": 600,
		"skillId": 301006,
		"newId": 20007,
		"fp": 2000,
		"desc3": {"l10n":"sb4ww4"},//释放期间攻击强化，恢复自身及场内血量最低友方血量，释放后立即造成高额治疗。
		"desc4": {"l10n":"-lc0o6"},//奇鸟先祖鬼车的绝招。风系法术攻击对手的同时，还能以水系力量滋润万物。
		"desc1": [
			340,
			680,
			360,
			620,
			1,
			1
		]
	},
	"20106": {
		"id": 20106,
		"race": 2,
		"icon": 202,
		"tag": 2,
		"released": 2,
		"quality": 6,
		"level": 6,
		"gongLevel": 196,
		"costPropId": 10102,
		"costNum": 100,
		"returnNum": 600,
		"skillId": 301106,
		"newId": 20107,
		"fp": 2000,
		"desc3": {"l10n":"-jgom27"},//每累计攻击5次，第5段攻击强化，对目标造成高额伤害，恢复自身及血量最低友方血量。
		"desc4": {"l10n":"-ozio0u"},//奇鸟们将祖先的法术发扬传承，以狂暴的风系和水系力量，来增加法术中的杀伤力和治愈能力。
		"desc1": [
			205,
			213.75
		]
	},
	"20206": {
		"id": 20206,
		"race": 2,
		"icon": 203,
		"tag": 2,
		"released": 3,
		"quality": 6,
		"level": 6,
		"gongLevel": 206,
		"costPropId": 10102,
		"costNum": 100,
		"returnNum": 600,
		"skillId": 301206,
		"newId": 20207,
		"fp": 2000,
		"desc3": {"l10n":"7b79gt"},//每次受到攻击将增加角色防御，持续3s，该增益具有上限。
		"desc4": {"l10n":"i7u7oe"},//奇鸟们从疾风之中领悟的招式。狂风肆虐让敌人的攻击失去方向，从而形成强大的防御。
		"desc1": [
			2,
			20
		]
	},
	"20007": {
		"id": 20007,
		"race": 2,
		"icon": 201,
		"tag": 2,
		"released": 1,
		"quality": 7,
		"level": 7,
		"gongLevel": 248,
		"costPropId": 10102,
		"costNum": 100,
		"returnNum": 700,
		"skillId": 301007,
		"newId": 20008,
		"fp": 2500,
		"desc3": {"l10n":"sb4ww4"},//释放期间攻击强化，恢复自身及场内血量最低友方血量，释放后立即造成高额治疗。
		"desc4": {"l10n":"-lc0o6"},//奇鸟先祖鬼车的绝招。风系法术攻击对手的同时，还能以水系力量滋润万物。
		"desc1": [
			364,
			728,
			386,
			672,
			1,
			1
		]
	},
	"20107": {
		"id": 20107,
		"race": 2,
		"icon": 202,
		"tag": 2,
		"released": 2,
		"quality": 7,
		"level": 7,
		"gongLevel": 227,
		"costPropId": 10102,
		"costNum": 100,
		"returnNum": 700,
		"skillId": 301107,
		"newId": 20108,
		"fp": 2500,
		"desc3": {"l10n":"-jgom27"},//每累计攻击5次，第5段攻击强化，对目标造成高额伤害，恢复自身及血量最低友方血量。
		"desc4": {"l10n":"-ozio0u"},//奇鸟们将祖先的法术发扬传承，以狂暴的风系和水系力量，来增加法术中的杀伤力和治愈能力。
		"desc1": [
			214,
			223.5
		]
	},
	"20207": {
		"id": 20207,
		"race": 2,
		"icon": 203,
		"tag": 2,
		"released": 3,
		"quality": 7,
		"level": 7,
		"gongLevel": 237,
		"costPropId": 10102,
		"costNum": 100,
		"returnNum": 700,
		"skillId": 301207,
		"newId": 20208,
		"fp": 2500,
		"desc3": {"l10n":"7b79gt"},//每次受到攻击将增加角色防御，持续3s，该增益具有上限。
		"desc4": {"l10n":"i7u7oe"},//奇鸟们从疾风之中领悟的招式。狂风肆虐让敌人的攻击失去方向，从而形成强大的防御。
		"desc1": [
			2.2,
			22
		]
	},
	"20008": {
		"id": 20008,
		"race": 2,
		"icon": 201,
		"tag": 2,
		"released": 1,
		"quality": 8,
		"level": 8,
		"gongLevel": 279,
		"costPropId": 10102,
		"costNum": 100,
		"returnNum": 800,
		"skillId": 301008,
		"newId": 20009,
		"fp": 3000,
		"desc3": {"l10n":"sb4ww4"},//释放期间攻击强化，恢复自身及场内血量最低友方血量，释放后立即造成高额治疗。
		"desc4": {"l10n":"-lc0o6"},//奇鸟先祖鬼车的绝招。风系法术攻击对手的同时，还能以水系力量滋润万物。
		"desc1": [
			388,
			776,
			412,
			724,
			1,
			1
		]
	},
	"20108": {
		"id": 20108,
		"race": 2,
		"icon": 202,
		"tag": 2,
		"released": 2,
		"quality": 8,
		"level": 8,
		"gongLevel": 258,
		"costPropId": 10102,
		"costNum": 100,
		"returnNum": 800,
		"skillId": 301108,
		"newId": 20109,
		"fp": 3000,
		"desc3": {"l10n":"-jgom27"},//每累计攻击5次，第5段攻击强化，对目标造成高额伤害，恢复自身及血量最低友方血量。
		"desc4": {"l10n":"-ozio0u"},//奇鸟们将祖先的法术发扬传承，以狂暴的风系和水系力量，来增加法术中的杀伤力和治愈能力。
		"desc1": [
			223,
			233.25
		]
	},
	"20208": {
		"id": 20208,
		"race": 2,
		"icon": 203,
		"tag": 2,
		"released": 3,
		"quality": 8,
		"level": 8,
		"gongLevel": 268,
		"costPropId": 10102,
		"costNum": 100,
		"returnNum": 800,
		"skillId": 301208,
		"newId": 20209,
		"fp": 3000,
		"desc3": {"l10n":"7b79gt"},//每次受到攻击将增加角色防御，持续3s，该增益具有上限。
		"desc4": {"l10n":"i7u7oe"},//奇鸟们从疾风之中领悟的招式。狂风肆虐让敌人的攻击失去方向，从而形成强大的防御。
		"desc1": [
			2.4,
			24
		]
	},
	"20009": {
		"id": 20009,
		"race": 2,
		"icon": 201,
		"tag": 2,
		"released": 1,
		"quality": 9,
		"level": 9,
		"gongLevel": 310,
		"costPropId": 10102,
		"costNum": 100,
		"returnNum": 900,
		"skillId": 301009,
		"newId": 20010,
		"fp": 4000,
		"desc3": {"l10n":"sb4ww4"},//释放期间攻击强化，恢复自身及场内血量最低友方血量，释放后立即造成高额治疗。
		"desc4": {"l10n":"-lc0o6"},//奇鸟先祖鬼车的绝招。风系法术攻击对手的同时，还能以水系力量滋润万物。
		"desc1": [
			412,
			824,
			438,
			776,
			1,
			1
		]
	},
	"20109": {
		"id": 20109,
		"race": 2,
		"icon": 202,
		"tag": 2,
		"released": 2,
		"quality": 9,
		"level": 9,
		"gongLevel": 275,
		"costPropId": 10102,
		"costNum": 100,
		"returnNum": 900,
		"skillId": 301109,
		"newId": 20110,
		"fp": 4000,
		"desc3": {"l10n":"-jgom27"},//每累计攻击5次，第5段攻击强化，对目标造成高额伤害，恢复自身及血量最低友方血量。
		"desc4": {"l10n":"-ozio0u"},//奇鸟们将祖先的法术发扬传承，以狂暴的风系和水系力量，来增加法术中的杀伤力和治愈能力。
		"desc1": [
			232,
			243
		]
	},
	"20209": {
		"id": 20209,
		"race": 2,
		"icon": 203,
		"tag": 2,
		"released": 3,
		"quality": 9,
		"level": 9,
		"gongLevel": 285,
		"costPropId": 10102,
		"costNum": 100,
		"returnNum": 900,
		"skillId": 301209,
		"newId": 20210,
		"fp": 4000,
		"desc3": {"l10n":"7b79gt"},//每次受到攻击将增加角色防御，持续3s，该增益具有上限。
		"desc4": {"l10n":"i7u7oe"},//奇鸟们从疾风之中领悟的招式。狂风肆虐让敌人的攻击失去方向，从而形成强大的防御。
		"desc1": [
			2.6,
			26
		]
	},
	"20010": {
		"id": 20010,
		"race": 2,
		"icon": 201,
		"tag": 2,
		"released": 1,
		"quality": 10,
		"level": 10,
		"gongLevel": 347,
		"costPropId": 0,
		"costNum": 0,
		"returnNum": 1000,
		"skillId": 301010,
		"newId": 0,
		"fp": 5000,
		"desc3": {"l10n":"sb4ww4"},//释放期间攻击强化，恢复自身及场内血量最低友方血量，释放后立即造成高额治疗。
		"desc4": {"l10n":"-lc0o6"},//奇鸟先祖鬼车的绝招。风系法术攻击对手的同时，还能以水系力量滋润万物。
		"desc1": [
			460,
			920,
			490,
			880,
			1,
			1
		]
	},
	"20110": {
		"id": 20110,
		"race": 2,
		"icon": 202,
		"tag": 2,
		"released": 2,
		"quality": 10,
		"level": 10,
		"gongLevel": 306,
		"costPropId": 0,
		"costNum": 0,
		"returnNum": 1000,
		"skillId": 301110,
		"newId": 0,
		"fp": 5000,
		"desc3": {"l10n":"-jgom27"},//每累计攻击5次，第5段攻击强化，对目标造成高额伤害，恢复自身及血量最低友方血量。
		"desc4": {"l10n":"-ozio0u"},//奇鸟们将祖先的法术发扬传承，以狂暴的风系和水系力量，来增加法术中的杀伤力和治愈能力。
		"desc1": [
			250,
			262.5
		]
	},
	"20210": {
		"id": 20210,
		"race": 2,
		"icon": 203,
		"tag": 2,
		"released": 3,
		"quality": 10,
		"level": 10,
		"gongLevel": 316,
		"costPropId": 0,
		"costNum": 0,
		"returnNum": 1000,
		"skillId": 301210,
		"newId": 0,
		"fp": 5000,
		"desc3": {"l10n":"7b79gt"},//每次受到攻击将增加角色防御，持续3s，该增益具有上限。
		"desc4": {"l10n":"i7u7oe"},//奇鸟们从疾风之中领悟的招式。狂风肆虐让敌人的攻击失去方向，从而形成强大的防御。
		"desc1": [
			3,
			30
		]
	},
	"30000": {
		"id": 30000,
		"race": 3,
		"icon": 301,
		"tag": 0,
		"released": 1,
		"quality": 0,
		"level": 0,
		"gongLevel": 31,
		"costPropId": 10102,
		"costNum": 100,
		"returnNum": 0,
		"skillId": 0,
		"newId": 30001,
		"fp": 0
	},
	"30100": {
		"id": 30100,
		"race": 3,
		"icon": 302,
		"tag": 0,
		"released": 2,
		"quality": 0,
		"level": 0,
		"gongLevel": 10,
		"costPropId": 10102,
		"costNum": 100,
		"returnNum": 0,
		"skillId": 0,
		"newId": 30101,
		"fp": 0
	},
	"30200": {
		"id": 30200,
		"race": 3,
		"icon": 303,
		"tag": 0,
		"released": 3,
		"quality": 0,
		"level": 0,
		"gongLevel": 20,
		"costPropId": 10102,
		"costNum": 100,
		"returnNum": 0,
		"skillId": 0,
		"newId": 30201,
		"fp": 0
	},
	"30001": {
		"id": 30001,
		"race": 3,
		"icon": 301,
		"tag": 3,
		"released": 1,
		"quality": 1,
		"level": 1,
		"gongLevel": 62,
		"costPropId": 10102,
		"costNum": 100,
		"returnNum": 100,
		"skillId": 401001,
		"newId": 30002,
		"fp": 100,
		"desc3": {"l10n":"4jshov"},//释放期间攻击强化，概率眩晕目标4秒，首次攻击命中必定造成眩晕。
		"desc4": {"l10n":"aw2o0w"},//由灵狐先祖所传下的最强幻术绝招，先是以幻术眩晕敌人，然后以强大的法术攻击将对方消灭。
		"desc1": [
			250,
			10,
			1,
			1
		]
	},
	"30101": {
		"id": 30101,
		"race": 3,
		"icon": 302,
		"tag": 3,
		"released": 2,
		"quality": 1,
		"level": 1,
		"gongLevel": 41,
		"costPropId": 10102,
		"costNum": 100,
		"returnNum": 100,
		"skillId": 401101,
		"newId": 30102,
		"fp": 100,
		"desc3": {"l10n":"dqjp2r"},//每累计攻击5次，第5段攻击强化，对目标造成高额伤害，该攻击有概率眩晕目标4秒。
		"desc4": {"l10n":"-ma5wdh"},//灵狐幻术与火系咒法相结合的法术，使得狐族的攻击不但能眩晕敌人，还增强了伤害。
		"desc1": [
			175,
			5
		]
	},
	"30201": {
		"id": 30201,
		"race": 3,
		"icon": 303,
		"tag": 3,
		"released": 3,
		"quality": 1,
		"level": 1,
		"gongLevel": 51,
		"costPropId": 10102,
		"costNum": 100,
		"returnNum": 100,
		"skillId": 401201,
		"newId": 30202,
		"fp": 100,
		"desc3": {"l10n":"-xohskp"},//每次受到攻击将增加角色闪避，持续3s，该增益具有上限。
		"desc4": {"l10n":"xpzbk9"},//最古老的灵狐幻术，能够混乱敌人的感知能力，让自己立于不败之地。
		"desc1": [
			0.8,
			8
		]
	},
	"30002": {
		"id": 30002,
		"race": 3,
		"icon": 301,
		"tag": 3,
		"released": 1,
		"quality": 2,
		"level": 2,
		"gongLevel": 93,
		"costPropId": 10102,
		"costNum": 100,
		"returnNum": 200,
		"skillId": 401002,
		"newId": 30003,
		"fp": 200,
		"desc3": {"l10n":"4jshov"},//释放期间攻击强化，概率眩晕目标4秒，首次攻击命中必定造成眩晕。
		"desc4": {"l10n":"aw2o0w"},//由灵狐先祖所传下的最强幻术绝招，先是以幻术眩晕敌人，然后以强大的法术攻击将对方消灭。
		"desc1": [
			280,
			10,
			1,
			1
		]
	},
	"30102": {
		"id": 30102,
		"race": 3,
		"icon": 302,
		"tag": 3,
		"released": 2,
		"quality": 2,
		"level": 2,
		"gongLevel": 72,
		"costPropId": 10102,
		"costNum": 100,
		"returnNum": 200,
		"skillId": 401102,
		"newId": 30103,
		"fp": 200,
		"desc3": {"l10n":"dqjp2r"},//每累计攻击5次，第5段攻击强化，对目标造成高额伤害，该攻击有概率眩晕目标4秒。
		"desc4": {"l10n":"-ma5wdh"},//灵狐幻术与火系咒法相结合的法术，使得狐族的攻击不但能眩晕敌人，还增强了伤害。
		"desc1": [
			186.25,
			5
		]
	},
	"30202": {
		"id": 30202,
		"race": 3,
		"icon": 303,
		"tag": 3,
		"released": 3,
		"quality": 2,
		"level": 2,
		"gongLevel": 82,
		"costPropId": 10102,
		"costNum": 100,
		"returnNum": 200,
		"skillId": 401202,
		"newId": 30203,
		"fp": 200,
		"desc3": {"l10n":"-xohskp"},//每次受到攻击将增加角色闪避，持续3s，该增益具有上限。
		"desc4": {"l10n":"xpzbk9"},//最古老的灵狐幻术，能够混乱敌人的感知能力，让自己立于不败之地。
		"desc1": [
			0.96,
			9.6
		]
	},
	"30003": {
		"id": 30003,
		"race": 3,
		"icon": 301,
		"tag": 3,
		"released": 1,
		"quality": 3,
		"level": 3,
		"gongLevel": 124,
		"costPropId": 10102,
		"costNum": 100,
		"returnNum": 300,
		"skillId": 401003,
		"newId": 30004,
		"fp": 500,
		"desc3": {"l10n":"4jshov"},//释放期间攻击强化，概率眩晕目标4秒，首次攻击命中必定造成眩晕。
		"desc4": {"l10n":"aw2o0w"},//由灵狐先祖所传下的最强幻术绝招，先是以幻术眩晕敌人，然后以强大的法术攻击将对方消灭。
		"desc1": [
			310,
			10,
			1,
			1
		]
	},
	"30103": {
		"id": 30103,
		"race": 3,
		"icon": 302,
		"tag": 3,
		"released": 2,
		"quality": 3,
		"level": 3,
		"gongLevel": 103,
		"costPropId": 10102,
		"costNum": 100,
		"returnNum": 300,
		"skillId": 401103,
		"newId": 30104,
		"fp": 500,
		"desc3": {"l10n":"dqjp2r"},//每累计攻击5次，第5段攻击强化，对目标造成高额伤害，该攻击有概率眩晕目标4秒。
		"desc4": {"l10n":"-ma5wdh"},//灵狐幻术与火系咒法相结合的法术，使得狐族的攻击不但能眩晕敌人，还增强了伤害。
		"desc1": [
			197.5,
			5
		]
	},
	"30203": {
		"id": 30203,
		"race": 3,
		"icon": 303,
		"tag": 3,
		"released": 3,
		"quality": 3,
		"level": 3,
		"gongLevel": 113,
		"costPropId": 10102,
		"costNum": 100,
		"returnNum": 300,
		"skillId": 401203,
		"newId": 30204,
		"fp": 500,
		"desc3": {"l10n":"-xohskp"},//每次受到攻击将增加角色闪避，持续3s，该增益具有上限。
		"desc4": {"l10n":"xpzbk9"},//最古老的灵狐幻术，能够混乱敌人的感知能力，让自己立于不败之地。
		"desc1": [
			1.12,
			11.2
		]
	},
	"30004": {
		"id": 30004,
		"race": 3,
		"icon": 301,
		"tag": 3,
		"released": 1,
		"quality": 4,
		"level": 4,
		"gongLevel": 155,
		"costPropId": 10102,
		"costNum": 100,
		"returnNum": 400,
		"skillId": 401004,
		"newId": 30005,
		"fp": 1000,
		"desc3": {"l10n":"4jshov"},//释放期间攻击强化，概率眩晕目标4秒，首次攻击命中必定造成眩晕。
		"desc4": {"l10n":"aw2o0w"},//由灵狐先祖所传下的最强幻术绝招，先是以幻术眩晕敌人，然后以强大的法术攻击将对方消灭。
		"desc1": [
			340,
			10,
			1,
			1
		]
	},
	"30104": {
		"id": 30104,
		"race": 3,
		"icon": 302,
		"tag": 3,
		"released": 2,
		"quality": 4,
		"level": 4,
		"gongLevel": 134,
		"costPropId": 10102,
		"costNum": 100,
		"returnNum": 400,
		"skillId": 401104,
		"newId": 30105,
		"fp": 1000,
		"desc3": {"l10n":"dqjp2r"},//每累计攻击5次，第5段攻击强化，对目标造成高额伤害，该攻击有概率眩晕目标4秒。
		"desc4": {"l10n":"-ma5wdh"},//灵狐幻术与火系咒法相结合的法术，使得狐族的攻击不但能眩晕敌人，还增强了伤害。
		"desc1": [
			208.75,
			5
		]
	},
	"30204": {
		"id": 30204,
		"race": 3,
		"icon": 303,
		"tag": 3,
		"released": 3,
		"quality": 4,
		"level": 4,
		"gongLevel": 144,
		"costPropId": 10102,
		"costNum": 100,
		"returnNum": 400,
		"skillId": 401204,
		"newId": 30205,
		"fp": 1000,
		"desc3": {"l10n":"-xohskp"},//每次受到攻击将增加角色闪避，持续3s，该增益具有上限。
		"desc4": {"l10n":"xpzbk9"},//最古老的灵狐幻术，能够混乱敌人的感知能力，让自己立于不败之地。
		"desc1": [
			1.28,
			12.8
		]
	},
	"30005": {
		"id": 30005,
		"race": 3,
		"icon": 301,
		"tag": 3,
		"released": 1,
		"quality": 5,
		"level": 5,
		"gongLevel": 186,
		"costPropId": 10102,
		"costNum": 100,
		"returnNum": 500,
		"skillId": 401005,
		"newId": 30006,
		"fp": 1500,
		"desc3": {"l10n":"4jshov"},//释放期间攻击强化，概率眩晕目标4秒，首次攻击命中必定造成眩晕。
		"desc4": {"l10n":"aw2o0w"},//由灵狐先祖所传下的最强幻术绝招，先是以幻术眩晕敌人，然后以强大的法术攻击将对方消灭。
		"desc1": [
			370,
			10,
			1,
			1
		]
	},
	"30105": {
		"id": 30105,
		"race": 3,
		"icon": 302,
		"tag": 3,
		"released": 2,
		"quality": 5,
		"level": 5,
		"gongLevel": 165,
		"costPropId": 10102,
		"costNum": 100,
		"returnNum": 500,
		"skillId": 401105,
		"newId": 30106,
		"fp": 1500,
		"desc3": {"l10n":"dqjp2r"},//每累计攻击5次，第5段攻击强化，对目标造成高额伤害，该攻击有概率眩晕目标4秒。
		"desc4": {"l10n":"-ma5wdh"},//灵狐幻术与火系咒法相结合的法术，使得狐族的攻击不但能眩晕敌人，还增强了伤害。
		"desc1": [
			220,
			5
		]
	},
	"30205": {
		"id": 30205,
		"race": 3,
		"icon": 303,
		"tag": 3,
		"released": 3,
		"quality": 5,
		"level": 5,
		"gongLevel": 175,
		"costPropId": 10102,
		"costNum": 100,
		"returnNum": 500,
		"skillId": 401205,
		"newId": 30206,
		"fp": 1500,
		"desc3": {"l10n":"-xohskp"},//每次受到攻击将增加角色闪避，持续3s，该增益具有上限。
		"desc4": {"l10n":"xpzbk9"},//最古老的灵狐幻术，能够混乱敌人的感知能力，让自己立于不败之地。
		"desc1": [
			1.44,
			14.4
		]
	},
	"30006": {
		"id": 30006,
		"race": 3,
		"icon": 301,
		"tag": 3,
		"released": 1,
		"quality": 6,
		"level": 6,
		"gongLevel": 217,
		"costPropId": 10102,
		"costNum": 100,
		"returnNum": 600,
		"skillId": 401006,
		"newId": 30007,
		"fp": 2000,
		"desc3": {"l10n":"4jshov"},//释放期间攻击强化，概率眩晕目标4秒，首次攻击命中必定造成眩晕。
		"desc4": {"l10n":"aw2o0w"},//由灵狐先祖所传下的最强幻术绝招，先是以幻术眩晕敌人，然后以强大的法术攻击将对方消灭。
		"desc1": [
			400,
			10,
			1,
			1
		]
	},
	"30106": {
		"id": 30106,
		"race": 3,
		"icon": 302,
		"tag": 3,
		"released": 2,
		"quality": 6,
		"level": 6,
		"gongLevel": 196,
		"costPropId": 10102,
		"costNum": 100,
		"returnNum": 600,
		"skillId": 401106,
		"newId": 30107,
		"fp": 2000,
		"desc3": {"l10n":"dqjp2r"},//每累计攻击5次，第5段攻击强化，对目标造成高额伤害，该攻击有概率眩晕目标4秒。
		"desc4": {"l10n":"-ma5wdh"},//灵狐幻术与火系咒法相结合的法术，使得狐族的攻击不但能眩晕敌人，还增强了伤害。
		"desc1": [
			231.25,
			5
		]
	},
	"30206": {
		"id": 30206,
		"race": 3,
		"icon": 303,
		"tag": 3,
		"released": 3,
		"quality": 6,
		"level": 6,
		"gongLevel": 206,
		"costPropId": 10102,
		"costNum": 100,
		"returnNum": 600,
		"skillId": 401206,
		"newId": 30207,
		"fp": 2000,
		"desc3": {"l10n":"-xohskp"},//每次受到攻击将增加角色闪避，持续3s，该增益具有上限。
		"desc4": {"l10n":"xpzbk9"},//最古老的灵狐幻术，能够混乱敌人的感知能力，让自己立于不败之地。
		"desc1": [
			1.6,
			16
		]
	},
	"30007": {
		"id": 30007,
		"race": 3,
		"icon": 301,
		"tag": 3,
		"released": 1,
		"quality": 7,
		"level": 7,
		"gongLevel": 248,
		"costPropId": 10102,
		"costNum": 100,
		"returnNum": 700,
		"skillId": 401007,
		"newId": 30008,
		"fp": 2500,
		"desc3": {"l10n":"4jshov"},//释放期间攻击强化，概率眩晕目标4秒，首次攻击命中必定造成眩晕。
		"desc4": {"l10n":"aw2o0w"},//由灵狐先祖所传下的最强幻术绝招，先是以幻术眩晕敌人，然后以强大的法术攻击将对方消灭。
		"desc1": [
			430,
			10,
			1,
			1
		]
	},
	"30107": {
		"id": 30107,
		"race": 3,
		"icon": 302,
		"tag": 3,
		"released": 2,
		"quality": 7,
		"level": 7,
		"gongLevel": 227,
		"costPropId": 10102,
		"costNum": 100,
		"returnNum": 700,
		"skillId": 401107,
		"newId": 30108,
		"fp": 2500,
		"desc3": {"l10n":"dqjp2r"},//每累计攻击5次，第5段攻击强化，对目标造成高额伤害，该攻击有概率眩晕目标4秒。
		"desc4": {"l10n":"-ma5wdh"},//灵狐幻术与火系咒法相结合的法术，使得狐族的攻击不但能眩晕敌人，还增强了伤害。
		"desc1": [
			242.5,
			5
		]
	},
	"30207": {
		"id": 30207,
		"race": 3,
		"icon": 303,
		"tag": 3,
		"released": 3,
		"quality": 7,
		"level": 7,
		"gongLevel": 237,
		"costPropId": 10102,
		"costNum": 100,
		"returnNum": 700,
		"skillId": 401207,
		"newId": 30208,
		"fp": 2500,
		"desc3": {"l10n":"-xohskp"},//每次受到攻击将增加角色闪避，持续3s，该增益具有上限。
		"desc4": {"l10n":"xpzbk9"},//最古老的灵狐幻术，能够混乱敌人的感知能力，让自己立于不败之地。
		"desc1": [
			1.76,
			17.6
		]
	},
	"30008": {
		"id": 30008,
		"race": 3,
		"icon": 301,
		"tag": 3,
		"released": 1,
		"quality": 8,
		"level": 8,
		"gongLevel": 279,
		"costPropId": 10102,
		"costNum": 100,
		"returnNum": 800,
		"skillId": 401008,
		"newId": 30009,
		"fp": 3000,
		"desc3": {"l10n":"4jshov"},//释放期间攻击强化，概率眩晕目标4秒，首次攻击命中必定造成眩晕。
		"desc4": {"l10n":"aw2o0w"},//由灵狐先祖所传下的最强幻术绝招，先是以幻术眩晕敌人，然后以强大的法术攻击将对方消灭。
		"desc1": [
			460,
			10,
			1,
			1
		]
	},
	"30108": {
		"id": 30108,
		"race": 3,
		"icon": 302,
		"tag": 3,
		"released": 2,
		"quality": 8,
		"level": 8,
		"gongLevel": 258,
		"costPropId": 10102,
		"costNum": 100,
		"returnNum": 800,
		"skillId": 401108,
		"newId": 30109,
		"fp": 3000,
		"desc3": {"l10n":"dqjp2r"},//每累计攻击5次，第5段攻击强化，对目标造成高额伤害，该攻击有概率眩晕目标4秒。
		"desc4": {"l10n":"-ma5wdh"},//灵狐幻术与火系咒法相结合的法术，使得狐族的攻击不但能眩晕敌人，还增强了伤害。
		"desc1": [
			253.75,
			5
		]
	},
	"30208": {
		"id": 30208,
		"race": 3,
		"icon": 303,
		"tag": 3,
		"released": 3,
		"quality": 8,
		"level": 8,
		"gongLevel": 268,
		"costPropId": 10102,
		"costNum": 100,
		"returnNum": 800,
		"skillId": 401208,
		"newId": 30209,
		"fp": 3000,
		"desc3": {"l10n":"-xohskp"},//每次受到攻击将增加角色闪避，持续3s，该增益具有上限。
		"desc4": {"l10n":"xpzbk9"},//最古老的灵狐幻术，能够混乱敌人的感知能力，让自己立于不败之地。
		"desc1": [
			1.92,
			19.2
		]
	},
	"30009": {
		"id": 30009,
		"race": 3,
		"icon": 301,
		"tag": 3,
		"released": 1,
		"quality": 9,
		"level": 9,
		"gongLevel": 310,
		"costPropId": 10102,
		"costNum": 100,
		"returnNum": 900,
		"skillId": 401009,
		"newId": 30010,
		"fp": 4000,
		"desc3": {"l10n":"4jshov"},//释放期间攻击强化，概率眩晕目标4秒，首次攻击命中必定造成眩晕。
		"desc4": {"l10n":"aw2o0w"},//由灵狐先祖所传下的最强幻术绝招，先是以幻术眩晕敌人，然后以强大的法术攻击将对方消灭。
		"desc1": [
			490,
			10,
			1,
			1
		]
	},
	"30109": {
		"id": 30109,
		"race": 3,
		"icon": 302,
		"tag": 3,
		"released": 2,
		"quality": 9,
		"level": 9,
		"gongLevel": 275,
		"costPropId": 10102,
		"costNum": 100,
		"returnNum": 900,
		"skillId": 401109,
		"newId": 30110,
		"fp": 4000,
		"desc3": {"l10n":"dqjp2r"},//每累计攻击5次，第5段攻击强化，对目标造成高额伤害，该攻击有概率眩晕目标4秒。
		"desc4": {"l10n":"-ma5wdh"},//灵狐幻术与火系咒法相结合的法术，使得狐族的攻击不但能眩晕敌人，还增强了伤害。
		"desc1": [
			265,
			5
		]
	},
	"30209": {
		"id": 30209,
		"race": 3,
		"icon": 303,
		"tag": 3,
		"released": 3,
		"quality": 9,
		"level": 9,
		"gongLevel": 285,
		"costPropId": 10102,
		"costNum": 100,
		"returnNum": 900,
		"skillId": 401209,
		"newId": 30210,
		"fp": 4000,
		"desc3": {"l10n":"-xohskp"},//每次受到攻击将增加角色闪避，持续3s，该增益具有上限。
		"desc4": {"l10n":"xpzbk9"},//最古老的灵狐幻术，能够混乱敌人的感知能力，让自己立于不败之地。
		"desc1": [
			2.08,
			20.8
		]
	},
	"30010": {
		"id": 30010,
		"race": 3,
		"icon": 301,
		"tag": 3,
		"released": 1,
		"quality": 10,
		"level": 10,
		"gongLevel": 347,
		"costPropId": 0,
		"costNum": 0,
		"returnNum": 1000,
		"skillId": 401010,
		"newId": 0,
		"fp": 5000,
		"desc3": {"l10n":"4jshov"},//释放期间攻击强化，概率眩晕目标4秒，首次攻击命中必定造成眩晕。
		"desc4": {"l10n":"aw2o0w"},//由灵狐先祖所传下的最强幻术绝招，先是以幻术眩晕敌人，然后以强大的法术攻击将对方消灭。
		"desc1": [
			550,
			10,
			1,
			1
		]
	},
	"30110": {
		"id": 30110,
		"race": 3,
		"icon": 302,
		"tag": 3,
		"released": 2,
		"quality": 10,
		"level": 10,
		"gongLevel": 306,
		"costPropId": 0,
		"costNum": 0,
		"returnNum": 1000,
		"skillId": 401110,
		"newId": 0,
		"fp": 5000,
		"desc3": {"l10n":"dqjp2r"},//每累计攻击5次，第5段攻击强化，对目标造成高额伤害，该攻击有概率眩晕目标4秒。
		"desc4": {"l10n":"-ma5wdh"},//灵狐幻术与火系咒法相结合的法术，使得狐族的攻击不但能眩晕敌人，还增强了伤害。
		"desc1": [
			287.5,
			5
		]
	},
	"30210": {
		"id": 30210,
		"race": 3,
		"icon": 303,
		"tag": 3,
		"released": 3,
		"quality": 10,
		"level": 10,
		"gongLevel": 316,
		"costPropId": 0,
		"costNum": 0,
		"returnNum": 1000,
		"skillId": 401210,
		"newId": 0,
		"fp": 5000,
		"desc3": {"l10n":"-xohskp"},//每次受到攻击将增加角色闪避，持续3s，该增益具有上限。
		"desc4": {"l10n":"xpzbk9"},//最古老的灵狐幻术，能够混乱敌人的感知能力，让自己立于不败之地。
		"desc1": [
			2.4,
			24
		]
	}
}