{
	//神符.id 神符id，跟物品id一样
	//神符.quality 品质1白色2绿色3蓝色4紫色6金色8橙色10红色
	//神符.tag 技能角标，用于展示资源图标1狂暴2治疗3控制
	//神符.sort 排序字段
	//神符.durable 耐久值，也是重复获得的耐久值
	//神符.cost 每次释放消耗耐久度
	//神符.type 效果类型1代表替换大招技能，2替换被动技能，3替换触发技能
	//神符.skillId 技能ID
	//神符.desc 描述
	//神符.atkStage 攻击段数
	//神符.atkSpeed 攻击速度
	//神符.duration 持续时间
	//神符.more 回复耐久消耗道具
	//神符.baseAttr 神符固定属性详细
	//神符.fp 评分
	//神符.showValue 颜值
	//more.id 神符id，跟物品id一样
	//more.reply 回复耐久道具，物品id
	//baseAttr.id 神符id，跟物品id一样
	//baseAttr.attrType 属性类型
	//baseAttr.value 值
	//"salt": "d88ac3fb888c4836d28ae31947316af1"
	"311001": {
		"id": 311001,
		"quality": 4,
		"tag": 1,
		"sort": 1001,
		"durable": 3000,
		"cost": 100,
		"type": 1,
		"skillId": 202101,
		"desc": {"l10n":"rohpia"},//释放期间攻击强化，首次攻击将造成巨额伤害。
		"atkStage": 1,
		"atkSpeed": 1,
		"duration": 10,
		"more": [
			{
				"id": 311001,
				"reply": 10804
			}
		],
		"baseAttr": [
			{
				"id": 311001,
				"attrType": 27,
				"value": 1
			}
		],
		"fp": 1000,
		"showValue": 1000
	},
	"312001": {
		"id": 312001,
		"quality": 6,
		"tag": 1,
		"sort": 2001,
		"durable": 3000,
		"cost": 100,
		"type": 1,
		"skillId": 202201,
		"desc": {"l10n":"rohpia"},//释放期间攻击强化，首次攻击将造成巨额伤害。
		"atkStage": 1,
		"atkSpeed": 1,
		"duration": 10,
		"more": [
			{
				"id": 312001,
				"reply": 10803
			}
		],
		"baseAttr": [
			{
				"id": 312001,
				"attrType": 27,
				"value": 2
			}
		],
		"fp": 2000,
		"showValue": 2000
	},
	"313001": {
		"id": 313001,
		"quality": 8,
		"tag": 1,
		"sort": 3001,
		"durable": 3000,
		"cost": 100,
		"type": 1,
		"skillId": 202301,
		"desc": {"l10n":"rohpia"},//释放期间攻击强化，首次攻击将造成巨额伤害。
		"atkStage": 1,
		"atkSpeed": 1,
		"duration": 10,
		"more": [
			{
				"id": 313001,
				"reply": 10802
			}
		],
		"baseAttr": [
			{
				"id": 313001,
				"attrType": 27,
				"value": 5
			}
		],
		"fp": 3000,
		"showValue": 3000
	},
	"314001": {
		"id": 314001,
		"quality": 10,
		"tag": 1,
		"sort": 4001,
		"durable": 3000,
		"cost": 100,
		"type": 1,
		"skillId": 202401,
		"desc": {"l10n":"rohpia"},//释放期间攻击强化，首次攻击将造成巨额伤害。
		"atkStage": 1,
		"atkSpeed": 1,
		"duration": 10,
		"more": [
			{
				"id": 314001,
				"reply": 10801
			}
		],
		"baseAttr": [
			{
				"id": 314001,
				"attrType": 27,
				"value": 25
			}
		],
		"fp": 5000,
		"showValue": 5000
	}
}