{
	//供品.id 奇珍id，跟物品id一样
	//供品.quality 品质1白色2绿色3蓝色4紫色6金色8橙色10红色
	//供品.icon 神像icon
	//供品.name 神像名称
	//供品.lv 奇珍升级
	//lv.id 奇珍id，跟物品id一样
	//lv.level 等级
	//lv.lvLimit 等级限制
	//lv.costNum 消耗数量，同品质奇珍
	//lv.atk 攻击力
	//lv.def 防御力
	//lv.hp 血量
	//lv.type 特殊类型1属性类型，参数1填属性类型的值，参数2填增加值；5资源增加比例，参数1填资源的物品id，参数2填万分比的比例值
	//lv.typeValue1 类型参数
	//lv.typeValue2 类型参数
	//"salt": "874701ebc86f10a3f7f53b1621be5c20"
	"201001": {
		// 三堂供果
		"id": 201001,
		"quality": 4,
		"icon": 101,
		"name": {"l10n":"fjw3ix"},//灰九白老
		"lv": {
			"0": {
				"id": 201001,
				"level": 0,
				"lvLimit": 0,
				"costNum": 1,
				"atk": 0,
				"def": 0,
				"hp": 0,
				"type": 0,
				"typeValue1": 0,
				"typeValue2": 0
			},
			"1": {
				"id": 201001,
				"level": 1,
				"lvLimit": 0,
				"costNum": 1,
				"atk": 5,
				"def": 0,
				"hp": 0,
				"type": 0,
				"typeValue1": 0,
				"typeValue2": 0
			},
			"2": {
				"id": 201001,
				"level": 2,
				"lvLimit": 10,
				"costNum": 2,
				"atk": 10,
				"def": 0,
				"hp": 0,
				"type": 0,
				"typeValue1": 0,
				"typeValue2": 0
			},
			"3": {
				"id": 201001,
				"level": 3,
				"lvLimit": 20,
				"costNum": 3,
				"atk": 15,
				"def": 0,
				"hp": 0,
				"type": 0,
				"typeValue1": 0,
				"typeValue2": 0
			},
			"4": {
				"id": 201001,
				"level": 4,
				"lvLimit": 30,
				"costNum": 3,
				"atk": 20,
				"def": 0,
				"hp": 0,
				"type": 0,
				"typeValue1": 0,
				"typeValue2": 0
			},
			"5": {
				"id": 201001,
				"level": 5,
				"lvLimit": 40,
				"costNum": 3,
				"atk": 25,
				"def": 0,
				"hp": 0,
				"type": 0,
				"typeValue1": 0,
				"typeValue2": 0
			},
			"6": {
				"id": 201001,
				"level": 6,
				"lvLimit": 50,
				"costNum": 3,
				"atk": 30,
				"def": 0,
				"hp": 0,
				"type": 0,
				"typeValue1": 0,
				"typeValue2": 0
			},
			"7": {
				"id": 201001,
				"level": 7,
				"lvLimit": 60,
				"costNum": 3,
				"atk": 35,
				"def": 0,
				"hp": 0,
				"type": 0,
				"typeValue1": 0,
				"typeValue2": 0
			},
			"8": {
				"id": 201001,
				"level": 8,
				"lvLimit": 70,
				"costNum": 3,
				"atk": 40,
				"def": 0,
				"hp": 0,
				"type": 0,
				"typeValue1": 0,
				"typeValue2": 0
			},
			"9": {
				"id": 201001,
				"level": 9,
				"lvLimit": 80,
				"costNum": 3,
				"atk": 45,
				"def": 0,
				"hp": 0,
				"type": 0,
				"typeValue1": 0,
				"typeValue2": 0
			},
			"10": {
				"id": 201001,
				"level": 10,
				"lvLimit": 90,
				"costNum": 3,
				"atk": 50,
				"def": 0,
				"hp": 0,
				"type": 0,
				"typeValue1": 0,
				"typeValue2": 0
			},
			"11": {
				"id": 201001,
				"level": 11,
				"lvLimit": 100,
				"costNum": 3,
				"atk": 55,
				"def": 0,
				"hp": 0,
				"type": 0,
				"typeValue1": 0,
				"typeValue2": 0
			},
			"12": {
				"id": 201001,
				"level": 12,
				"lvLimit": 110,
				"costNum": 3,
				"atk": 60,
				"def": 0,
				"hp": 0,
				"type": 0,
				"typeValue1": 0,
				"typeValue2": 0
			},
			"13": {
				"id": 201001,
				"level": 13,
				"lvLimit": 120,
				"costNum": 3,
				"atk": 65,
				"def": 0,
				"hp": 0,
				"type": 0,
				"typeValue1": 0,
				"typeValue2": 0
			},
			"14": {
				"id": 201001,
				"level": 14,
				"lvLimit": 130,
				"costNum": 3,
				"atk": 70,
				"def": 0,
				"hp": 0,
				"type": 0,
				"typeValue1": 0,
				"typeValue2": 0
			},
			"15": {
				"id": 201001,
				"level": 15,
				"lvLimit": 140,
				"costNum": 3,
				"atk": 75,
				"def": 0,
				"hp": 0,
				"type": 0,
				"typeValue1": 0,
				"typeValue2": 0
			},
			"16": {
				"id": 201001,
				"level": 16,
				"lvLimit": 150,
				"costNum": 3,
				"atk": 80,
				"def": 0,
				"hp": 0,
				"type": 0,
				"typeValue1": 0,
				"typeValue2": 0
			},
			"17": {
				"id": 201001,
				"level": 17,
				"lvLimit": 160,
				"costNum": 3,
				"atk": 85,
				"def": 0,
				"hp": 0,
				"type": 0,
				"typeValue1": 0,
				"typeValue2": 0
			},
			"18": {
				"id": 201001,
				"level": 18,
				"lvLimit": 170,
				"costNum": 3,
				"atk": 90,
				"def": 0,
				"hp": 0,
				"type": 0,
				"typeValue1": 0,
				"typeValue2": 0
			},
			"19": {
				"id": 201001,
				"level": 19,
				"lvLimit": 180,
				"costNum": 3,
				"atk": 95,
				"def": 0,
				"hp": 0,
				"type": 0,
				"typeValue1": 0,
				"typeValue2": 0
			},
			"20": {
				"id": 201001,
				"level": 20,
				"lvLimit": 190,
				"costNum": 3,
				"atk": 100,
				"def": 0,
				"hp": 0,
				"type": 0,
				"typeValue1": 0,
				"typeValue2": 0
			},
			"21": {
				"id": 201001,
				"level": 21,
				"lvLimit": 200,
				"costNum": 3,
				"atk": 105,
				"def": 0,
				"hp": 0,
				"type": 0,
				"typeValue1": 0,
				"typeValue2": 0
			},
			"22": {
				"id": 201001,
				"level": 22,
				"lvLimit": 210,
				"costNum": 3,
				"atk": 110,
				"def": 0,
				"hp": 0,
				"type": 0,
				"typeValue1": 0,
				"typeValue2": 0
			},
			"23": {
				"id": 201001,
				"level": 23,
				"lvLimit": 220,
				"costNum": 3,
				"atk": 115,
				"def": 0,
				"hp": 0,
				"type": 0,
				"typeValue1": 0,
				"typeValue2": 0
			},
			"24": {
				"id": 201001,
				"level": 24,
				"lvLimit": 230,
				"costNum": 3,
				"atk": 120,
				"def": 0,
				"hp": 0,
				"type": 0,
				"typeValue1": 0,
				"typeValue2": 0
			},
			"25": {
				"id": 201001,
				"level": 25,
				"lvLimit": 240,
				"costNum": 3,
				"atk": 125,
				"def": 0,
				"hp": 0,
				"type": 0,
				"typeValue1": 0,
				"typeValue2": 0
			},
			"26": {
				"id": 201001,
				"level": 26,
				"lvLimit": 250,
				"costNum": 3,
				"atk": 130,
				"def": 0,
				"hp": 0,
				"type": 0,
				"typeValue1": 0,
				"typeValue2": 0
			},
			"27": {
				"id": 201001,
				"level": 27,
				"lvLimit": 260,
				"costNum": 3,
				"atk": 135,
				"def": 0,
				"hp": 0,
				"type": 0,
				"typeValue1": 0,
				"typeValue2": 0
			},
			"28": {
				"id": 201001,
				"level": 28,
				"lvLimit": 270,
				"costNum": 3,
				"atk": 140,
				"def": 0,
				"hp": 0,
				"type": 0,
				"typeValue1": 0,
				"typeValue2": 0
			},
			"29": {
				"id": 201001,
				"level": 29,
				"lvLimit": 280,
				"costNum": 3,
				"atk": 145,
				"def": 0,
				"hp": 0,
				"type": 0,
				"typeValue1": 0,
				"typeValue2": 0
			},
			"30": {
				"id": 201001,
				"level": 30,
				"lvLimit": 290,
				"costNum": 3,
				"atk": 150,
				"def": 0,
				"hp": 0,
				"type": 0,
				"typeValue1": 0,
				"typeValue2": 0
			}
		}
	},
	"201002": {
		// 三堂黄纸
		"id": 201002,
		"quality": 4,
		"icon": 201,
		"name": {"l10n":"-8am38t"},//牛头马面
		"lv": {
			"0": {
				"id": 201002,
				"level": 0,
				"lvLimit": 0,
				"costNum": 1,
				"atk": 0,
				"def": 0,
				"hp": 0,
				"type": 0,
				"typeValue1": 0,
				"typeValue2": 0
			},
			"1": {
				"id": 201002,
				"level": 1,
				"lvLimit": 0,
				"costNum": 1,
				"atk": 0,
				"def": 5,
				"hp": 0,
				"type": 0,
				"typeValue1": 0,
				"typeValue2": 0
			},
			"2": {
				"id": 201002,
				"level": 2,
				"lvLimit": 10,
				"costNum": 2,
				"atk": 0,
				"def": 10,
				"hp": 0,
				"type": 0,
				"typeValue1": 0,
				"typeValue2": 0
			},
			"3": {
				"id": 201002,
				"level": 3,
				"lvLimit": 20,
				"costNum": 3,
				"atk": 0,
				"def": 15,
				"hp": 0,
				"type": 0,
				"typeValue1": 0,
				"typeValue2": 0
			},
			"4": {
				"id": 201002,
				"level": 4,
				"lvLimit": 30,
				"costNum": 3,
				"atk": 0,
				"def": 20,
				"hp": 0,
				"type": 0,
				"typeValue1": 0,
				"typeValue2": 0
			},
			"5": {
				"id": 201002,
				"level": 5,
				"lvLimit": 40,
				"costNum": 3,
				"atk": 0,
				"def": 25,
				"hp": 0,
				"type": 0,
				"typeValue1": 0,
				"typeValue2": 0
			},
			"6": {
				"id": 201002,
				"level": 6,
				"lvLimit": 50,
				"costNum": 3,
				"atk": 0,
				"def": 30,
				"hp": 0,
				"type": 0,
				"typeValue1": 0,
				"typeValue2": 0
			},
			"7": {
				"id": 201002,
				"level": 7,
				"lvLimit": 60,
				"costNum": 3,
				"atk": 0,
				"def": 35,
				"hp": 0,
				"type": 0,
				"typeValue1": 0,
				"typeValue2": 0
			},
			"8": {
				"id": 201002,
				"level": 8,
				"lvLimit": 70,
				"costNum": 3,
				"atk": 0,
				"def": 40,
				"hp": 0,
				"type": 0,
				"typeValue1": 0,
				"typeValue2": 0
			},
			"9": {
				"id": 201002,
				"level": 9,
				"lvLimit": 80,
				"costNum": 3,
				"atk": 0,
				"def": 45,
				"hp": 0,
				"type": 0,
				"typeValue1": 0,
				"typeValue2": 0
			},
			"10": {
				"id": 201002,
				"level": 10,
				"lvLimit": 90,
				"costNum": 3,
				"atk": 0,
				"def": 50,
				"hp": 0,
				"type": 0,
				"typeValue1": 0,
				"typeValue2": 0
			},
			"11": {
				"id": 201002,
				"level": 11,
				"lvLimit": 100,
				"costNum": 3,
				"atk": 0,
				"def": 55,
				"hp": 0,
				"type": 0,
				"typeValue1": 0,
				"typeValue2": 0
			},
			"12": {
				"id": 201002,
				"level": 12,
				"lvLimit": 110,
				"costNum": 3,
				"atk": 0,
				"def": 60,
				"hp": 0,
				"type": 0,
				"typeValue1": 0,
				"typeValue2": 0
			},
			"13": {
				"id": 201002,
				"level": 13,
				"lvLimit": 120,
				"costNum": 3,
				"atk": 0,
				"def": 65,
				"hp": 0,
				"type": 0,
				"typeValue1": 0,
				"typeValue2": 0
			},
			"14": {
				"id": 201002,
				"level": 14,
				"lvLimit": 130,
				"costNum": 3,
				"atk": 0,
				"def": 70,
				"hp": 0,
				"type": 0,
				"typeValue1": 0,
				"typeValue2": 0
			},
			"15": {
				"id": 201002,
				"level": 15,
				"lvLimit": 140,
				"costNum": 3,
				"atk": 0,
				"def": 75,
				"hp": 0,
				"type": 0,
				"typeValue1": 0,
				"typeValue2": 0
			},
			"16": {
				"id": 201002,
				"level": 16,
				"lvLimit": 150,
				"costNum": 3,
				"atk": 0,
				"def": 80,
				"hp": 0,
				"type": 0,
				"typeValue1": 0,
				"typeValue2": 0
			},
			"17": {
				"id": 201002,
				"level": 17,
				"lvLimit": 160,
				"costNum": 3,
				"atk": 0,
				"def": 85,
				"hp": 0,
				"type": 0,
				"typeValue1": 0,
				"typeValue2": 0
			},
			"18": {
				"id": 201002,
				"level": 18,
				"lvLimit": 170,
				"costNum": 3,
				"atk": 0,
				"def": 90,
				"hp": 0,
				"type": 0,
				"typeValue1": 0,
				"typeValue2": 0
			},
			"19": {
				"id": 201002,
				"level": 19,
				"lvLimit": 180,
				"costNum": 3,
				"atk": 0,
				"def": 95,
				"hp": 0,
				"type": 0,
				"typeValue1": 0,
				"typeValue2": 0
			},
			"20": {
				"id": 201002,
				"level": 20,
				"lvLimit": 190,
				"costNum": 3,
				"atk": 0,
				"def": 100,
				"hp": 0,
				"type": 0,
				"typeValue1": 0,
				"typeValue2": 0
			},
			"21": {
				"id": 201002,
				"level": 21,
				"lvLimit": 200,
				"costNum": 3,
				"atk": 0,
				"def": 105,
				"hp": 0,
				"type": 0,
				"typeValue1": 0,
				"typeValue2": 0
			},
			"22": {
				"id": 201002,
				"level": 22,
				"lvLimit": 210,
				"costNum": 3,
				"atk": 0,
				"def": 110,
				"hp": 0,
				"type": 0,
				"typeValue1": 0,
				"typeValue2": 0
			},
			"23": {
				"id": 201002,
				"level": 23,
				"lvLimit": 220,
				"costNum": 3,
				"atk": 0,
				"def": 115,
				"hp": 0,
				"type": 0,
				"typeValue1": 0,
				"typeValue2": 0
			},
			"24": {
				"id": 201002,
				"level": 24,
				"lvLimit": 230,
				"costNum": 3,
				"atk": 0,
				"def": 120,
				"hp": 0,
				"type": 0,
				"typeValue1": 0,
				"typeValue2": 0
			},
			"25": {
				"id": 201002,
				"level": 25,
				"lvLimit": 240,
				"costNum": 3,
				"atk": 0,
				"def": 125,
				"hp": 0,
				"type": 0,
				"typeValue1": 0,
				"typeValue2": 0
			},
			"26": {
				"id": 201002,
				"level": 26,
				"lvLimit": 250,
				"costNum": 3,
				"atk": 0,
				"def": 130,
				"hp": 0,
				"type": 0,
				"typeValue1": 0,
				"typeValue2": 0
			},
			"27": {
				"id": 201002,
				"level": 27,
				"lvLimit": 260,
				"costNum": 3,
				"atk": 0,
				"def": 135,
				"hp": 0,
				"type": 0,
				"typeValue1": 0,
				"typeValue2": 0
			},
			"28": {
				"id": 201002,
				"level": 28,
				"lvLimit": 270,
				"costNum": 3,
				"atk": 0,
				"def": 140,
				"hp": 0,
				"type": 0,
				"typeValue1": 0,
				"typeValue2": 0
			},
			"29": {
				"id": 201002,
				"level": 29,
				"lvLimit": 280,
				"costNum": 3,
				"atk": 0,
				"def": 145,
				"hp": 0,
				"type": 0,
				"typeValue1": 0,
				"typeValue2": 0
			},
			"30": {
				"id": 201002,
				"level": 30,
				"lvLimit": 290,
				"costNum": 3,
				"atk": 0,
				"def": 150,
				"hp": 0,
				"type": 0,
				"typeValue1": 0,
				"typeValue2": 0
			}
		}
	},
	"201003": {
		// 三堂花灯
		"id": 201003,
		"quality": 4,
		"icon": 301,
		"name": {"l10n":"3wmkfj"},//虾兵蟹将
		"lv": {
			"0": {
				"id": 201003,
				"level": 0,
				"lvLimit": 0,
				"costNum": 1,
				"atk": 0,
				"def": 0,
				"hp": 0,
				"type": 0,
				"typeValue1": 0,
				"typeValue2": 0
			},
			"1": {
				"id": 201003,
				"level": 1,
				"lvLimit": 0,
				"costNum": 1,
				"atk": 0,
				"def": 0,
				"hp": 1000,
				"type": 0,
				"typeValue1": 0,
				"typeValue2": 0
			},
			"2": {
				"id": 201003,
				"level": 2,
				"lvLimit": 10,
				"costNum": 2,
				"atk": 0,
				"def": 0,
				"hp": 2000,
				"type": 0,
				"typeValue1": 0,
				"typeValue2": 0
			},
			"3": {
				"id": 201003,
				"level": 3,
				"lvLimit": 20,
				"costNum": 3,
				"atk": 0,
				"def": 0,
				"hp": 3000,
				"type": 0,
				"typeValue1": 0,
				"typeValue2": 0
			},
			"4": {
				"id": 201003,
				"level": 4,
				"lvLimit": 30,
				"costNum": 3,
				"atk": 0,
				"def": 0,
				"hp": 4000,
				"type": 0,
				"typeValue1": 0,
				"typeValue2": 0
			},
			"5": {
				"id": 201003,
				"level": 5,
				"lvLimit": 40,
				"costNum": 3,
				"atk": 0,
				"def": 0,
				"hp": 5000,
				"type": 0,
				"typeValue1": 0,
				"typeValue2": 0
			},
			"6": {
				"id": 201003,
				"level": 6,
				"lvLimit": 50,
				"costNum": 3,
				"atk": 0,
				"def": 0,
				"hp": 6000,
				"type": 0,
				"typeValue1": 0,
				"typeValue2": 0
			},
			"7": {
				"id": 201003,
				"level": 7,
				"lvLimit": 60,
				"costNum": 3,
				"atk": 0,
				"def": 0,
				"hp": 7000,
				"type": 0,
				"typeValue1": 0,
				"typeValue2": 0
			},
			"8": {
				"id": 201003,
				"level": 8,
				"lvLimit": 70,
				"costNum": 3,
				"atk": 0,
				"def": 0,
				"hp": 8000,
				"type": 0,
				"typeValue1": 0,
				"typeValue2": 0
			},
			"9": {
				"id": 201003,
				"level": 9,
				"lvLimit": 80,
				"costNum": 3,
				"atk": 0,
				"def": 0,
				"hp": 9000,
				"type": 0,
				"typeValue1": 0,
				"typeValue2": 0
			},
			"10": {
				"id": 201003,
				"level": 10,
				"lvLimit": 90,
				"costNum": 3,
				"atk": 0,
				"def": 0,
				"hp": 10000,
				"type": 0,
				"typeValue1": 0,
				"typeValue2": 0
			},
			"11": {
				"id": 201003,
				"level": 11,
				"lvLimit": 100,
				"costNum": 3,
				"atk": 0,
				"def": 0,
				"hp": 11000,
				"type": 0,
				"typeValue1": 0,
				"typeValue2": 0
			},
			"12": {
				"id": 201003,
				"level": 12,
				"lvLimit": 110,
				"costNum": 3,
				"atk": 0,
				"def": 0,
				"hp": 12000,
				"type": 0,
				"typeValue1": 0,
				"typeValue2": 0
			},
			"13": {
				"id": 201003,
				"level": 13,
				"lvLimit": 120,
				"costNum": 3,
				"atk": 0,
				"def": 0,
				"hp": 13000,
				"type": 0,
				"typeValue1": 0,
				"typeValue2": 0
			},
			"14": {
				"id": 201003,
				"level": 14,
				"lvLimit": 130,
				"costNum": 3,
				"atk": 0,
				"def": 0,
				"hp": 14000,
				"type": 0,
				"typeValue1": 0,
				"typeValue2": 0
			},
			"15": {
				"id": 201003,
				"level": 15,
				"lvLimit": 140,
				"costNum": 3,
				"atk": 0,
				"def": 0,
				"hp": 15000,
				"type": 0,
				"typeValue1": 0,
				"typeValue2": 0
			},
			"16": {
				"id": 201003,
				"level": 16,
				"lvLimit": 150,
				"costNum": 3,
				"atk": 0,
				"def": 0,
				"hp": 16000,
				"type": 0,
				"typeValue1": 0,
				"typeValue2": 0
			},
			"17": {
				"id": 201003,
				"level": 17,
				"lvLimit": 160,
				"costNum": 3,
				"atk": 0,
				"def": 0,
				"hp": 17000,
				"type": 0,
				"typeValue1": 0,
				"typeValue2": 0
			},
			"18": {
				"id": 201003,
				"level": 18,
				"lvLimit": 170,
				"costNum": 3,
				"atk": 0,
				"def": 0,
				"hp": 18000,
				"type": 0,
				"typeValue1": 0,
				"typeValue2": 0
			},
			"19": {
				"id": 201003,
				"level": 19,
				"lvLimit": 180,
				"costNum": 3,
				"atk": 0,
				"def": 0,
				"hp": 19000,
				"type": 0,
				"typeValue1": 0,
				"typeValue2": 0
			},
			"20": {
				"id": 201003,
				"level": 20,
				"lvLimit": 190,
				"costNum": 3,
				"atk": 0,
				"def": 0,
				"hp": 20000,
				"type": 0,
				"typeValue1": 0,
				"typeValue2": 0
			},
			"21": {
				"id": 201003,
				"level": 21,
				"lvLimit": 200,
				"costNum": 3,
				"atk": 0,
				"def": 0,
				"hp": 21000,
				"type": 0,
				"typeValue1": 0,
				"typeValue2": 0
			},
			"22": {
				"id": 201003,
				"level": 22,
				"lvLimit": 210,
				"costNum": 3,
				"atk": 0,
				"def": 0,
				"hp": 22000,
				"type": 0,
				"typeValue1": 0,
				"typeValue2": 0
			},
			"23": {
				"id": 201003,
				"level": 23,
				"lvLimit": 220,
				"costNum": 3,
				"atk": 0,
				"def": 0,
				"hp": 23000,
				"type": 0,
				"typeValue1": 0,
				"typeValue2": 0
			},
			"24": {
				"id": 201003,
				"level": 24,
				"lvLimit": 230,
				"costNum": 3,
				"atk": 0,
				"def": 0,
				"hp": 24000,
				"type": 0,
				"typeValue1": 0,
				"typeValue2": 0
			},
			"25": {
				"id": 201003,
				"level": 25,
				"lvLimit": 240,
				"costNum": 3,
				"atk": 0,
				"def": 0,
				"hp": 25000,
				"type": 0,
				"typeValue1": 0,
				"typeValue2": 0
			},
			"26": {
				"id": 201003,
				"level": 26,
				"lvLimit": 250,
				"costNum": 3,
				"atk": 0,
				"def": 0,
				"hp": 26000,
				"type": 0,
				"typeValue1": 0,
				"typeValue2": 0
			},
			"27": {
				"id": 201003,
				"level": 27,
				"lvLimit": 260,
				"costNum": 3,
				"atk": 0,
				"def": 0,
				"hp": 27000,
				"type": 0,
				"typeValue1": 0,
				"typeValue2": 0
			},
			"28": {
				"id": 201003,
				"level": 28,
				"lvLimit": 270,
				"costNum": 3,
				"atk": 0,
				"def": 0,
				"hp": 28000,
				"type": 0,
				"typeValue1": 0,
				"typeValue2": 0
			},
			"29": {
				"id": 201003,
				"level": 29,
				"lvLimit": 280,
				"costNum": 3,
				"atk": 0,
				"def": 0,
				"hp": 29000,
				"type": 0,
				"typeValue1": 0,
				"typeValue2": 0
			},
			"30": {
				"id": 201003,
				"level": 30,
				"lvLimit": 290,
				"costNum": 3,
				"atk": 0,
				"def": 0,
				"hp": 30000,
				"type": 0,
				"typeValue1": 0,
				"typeValue2": 0
			}
		}
	},
	"202001": {
		// 五堂供果
		"id": 202001,
		"quality": 6,
		"icon": 102,
		"name": {"l10n":"eczrhf"},//黄二大爷
		"lv": {
			"0": {
				"id": 202001,
				"level": 0,
				"lvLimit": 0,
				"costNum": 1,
				"atk": 0,
				"def": 0,
				"hp": 0,
				"type": 0,
				"typeValue1": 0,
				"typeValue2": 0
			},
			"1": {
				"id": 202001,
				"level": 1,
				"lvLimit": 0,
				"costNum": 1,
				"atk": 10,
				"def": 0,
				"hp": 0,
				"type": 0,
				"typeValue1": 0,
				"typeValue2": 0
			},
			"2": {
				"id": 202001,
				"level": 2,
				"lvLimit": 10,
				"costNum": 2,
				"atk": 20,
				"def": 0,
				"hp": 0,
				"type": 0,
				"typeValue1": 0,
				"typeValue2": 0
			},
			"3": {
				"id": 202001,
				"level": 3,
				"lvLimit": 20,
				"costNum": 3,
				"atk": 30,
				"def": 0,
				"hp": 0,
				"type": 1,
				"typeValue1": 25,
				"typeValue2": 1
			},
			"4": {
				"id": 202001,
				"level": 4,
				"lvLimit": 30,
				"costNum": 3,
				"atk": 40,
				"def": 0,
				"hp": 0,
				"type": 1,
				"typeValue1": 25,
				"typeValue2": 1
			},
			"5": {
				"id": 202001,
				"level": 5,
				"lvLimit": 40,
				"costNum": 3,
				"atk": 50,
				"def": 0,
				"hp": 0,
				"type": 1,
				"typeValue1": 25,
				"typeValue2": 1
			},
			"6": {
				"id": 202001,
				"level": 6,
				"lvLimit": 50,
				"costNum": 3,
				"atk": 60,
				"def": 0,
				"hp": 0,
				"type": 1,
				"typeValue1": 25,
				"typeValue2": 2
			},
			"7": {
				"id": 202001,
				"level": 7,
				"lvLimit": 60,
				"costNum": 3,
				"atk": 70,
				"def": 0,
				"hp": 0,
				"type": 1,
				"typeValue1": 25,
				"typeValue2": 2
			},
			"8": {
				"id": 202001,
				"level": 8,
				"lvLimit": 70,
				"costNum": 3,
				"atk": 80,
				"def": 0,
				"hp": 0,
				"type": 1,
				"typeValue1": 25,
				"typeValue2": 2
			},
			"9": {
				"id": 202001,
				"level": 9,
				"lvLimit": 80,
				"costNum": 3,
				"atk": 90,
				"def": 0,
				"hp": 0,
				"type": 1,
				"typeValue1": 25,
				"typeValue2": 3
			},
			"10": {
				"id": 202001,
				"level": 10,
				"lvLimit": 90,
				"costNum": 3,
				"atk": 100,
				"def": 0,
				"hp": 0,
				"type": 1,
				"typeValue1": 25,
				"typeValue2": 3
			},
			"11": {
				"id": 202001,
				"level": 11,
				"lvLimit": 100,
				"costNum": 3,
				"atk": 110,
				"def": 0,
				"hp": 0,
				"type": 1,
				"typeValue1": 25,
				"typeValue2": 3
			},
			"12": {
				"id": 202001,
				"level": 12,
				"lvLimit": 110,
				"costNum": 3,
				"atk": 120,
				"def": 0,
				"hp": 0,
				"type": 1,
				"typeValue1": 25,
				"typeValue2": 4
			},
			"13": {
				"id": 202001,
				"level": 13,
				"lvLimit": 120,
				"costNum": 3,
				"atk": 130,
				"def": 0,
				"hp": 0,
				"type": 1,
				"typeValue1": 25,
				"typeValue2": 4
			},
			"14": {
				"id": 202001,
				"level": 14,
				"lvLimit": 130,
				"costNum": 3,
				"atk": 140,
				"def": 0,
				"hp": 0,
				"type": 1,
				"typeValue1": 25,
				"typeValue2": 4
			},
			"15": {
				"id": 202001,
				"level": 15,
				"lvLimit": 140,
				"costNum": 3,
				"atk": 150,
				"def": 0,
				"hp": 0,
				"type": 1,
				"typeValue1": 25,
				"typeValue2": 5
			},
			"16": {
				"id": 202001,
				"level": 16,
				"lvLimit": 150,
				"costNum": 3,
				"atk": 160,
				"def": 0,
				"hp": 0,
				"type": 1,
				"typeValue1": 25,
				"typeValue2": 5
			},
			"17": {
				"id": 202001,
				"level": 17,
				"lvLimit": 160,
				"costNum": 3,
				"atk": 170,
				"def": 0,
				"hp": 0,
				"type": 1,
				"typeValue1": 25,
				"typeValue2": 5
			},
			"18": {
				"id": 202001,
				"level": 18,
				"lvLimit": 170,
				"costNum": 3,
				"atk": 180,
				"def": 0,
				"hp": 0,
				"type": 1,
				"typeValue1": 25,
				"typeValue2": 6
			},
			"19": {
				"id": 202001,
				"level": 19,
				"lvLimit": 180,
				"costNum": 3,
				"atk": 190,
				"def": 0,
				"hp": 0,
				"type": 1,
				"typeValue1": 25,
				"typeValue2": 6
			},
			"20": {
				"id": 202001,
				"level": 20,
				"lvLimit": 190,
				"costNum": 3,
				"atk": 200,
				"def": 0,
				"hp": 0,
				"type": 1,
				"typeValue1": 25,
				"typeValue2": 6
			},
			"21": {
				"id": 202001,
				"level": 21,
				"lvLimit": 200,
				"costNum": 3,
				"atk": 210,
				"def": 0,
				"hp": 0,
				"type": 1,
				"typeValue1": 25,
				"typeValue2": 7
			},
			"22": {
				"id": 202001,
				"level": 22,
				"lvLimit": 210,
				"costNum": 3,
				"atk": 220,
				"def": 0,
				"hp": 0,
				"type": 1,
				"typeValue1": 25,
				"typeValue2": 7
			},
			"23": {
				"id": 202001,
				"level": 23,
				"lvLimit": 220,
				"costNum": 3,
				"atk": 230,
				"def": 0,
				"hp": 0,
				"type": 1,
				"typeValue1": 25,
				"typeValue2": 7
			},
			"24": {
				"id": 202001,
				"level": 24,
				"lvLimit": 230,
				"costNum": 3,
				"atk": 240,
				"def": 0,
				"hp": 0,
				"type": 1,
				"typeValue1": 25,
				"typeValue2": 8
			},
			"25": {
				"id": 202001,
				"level": 25,
				"lvLimit": 240,
				"costNum": 3,
				"atk": 250,
				"def": 0,
				"hp": 0,
				"type": 1,
				"typeValue1": 25,
				"typeValue2": 8
			},
			"26": {
				"id": 202001,
				"level": 26,
				"lvLimit": 250,
				"costNum": 3,
				"atk": 260,
				"def": 0,
				"hp": 0,
				"type": 1,
				"typeValue1": 25,
				"typeValue2": 8
			},
			"27": {
				"id": 202001,
				"level": 27,
				"lvLimit": 260,
				"costNum": 3,
				"atk": 270,
				"def": 0,
				"hp": 0,
				"type": 1,
				"typeValue1": 25,
				"typeValue2": 9
			},
			"28": {
				"id": 202001,
				"level": 28,
				"lvLimit": 270,
				"costNum": 3,
				"atk": 280,
				"def": 0,
				"hp": 0,
				"type": 1,
				"typeValue1": 25,
				"typeValue2": 9
			},
			"29": {
				"id": 202001,
				"level": 29,
				"lvLimit": 280,
				"costNum": 3,
				"atk": 290,
				"def": 0,
				"hp": 0,
				"type": 1,
				"typeValue1": 25,
				"typeValue2": 9
			},
			"30": {
				"id": 202001,
				"level": 30,
				"lvLimit": 290,
				"costNum": 3,
				"atk": 300,
				"def": 0,
				"hp": 0,
				"type": 1,
				"typeValue1": 25,
				"typeValue2": 10
			}
		}
	},
	"202002": {
		// 五堂黄纸
		"id": 202002,
		"quality": 6,
		"icon": 202,
		"name": {"l10n":"tg0l1x"},//白无常
		"lv": {
			"0": {
				"id": 202002,
				"level": 0,
				"lvLimit": 0,
				"costNum": 1,
				"atk": 0,
				"def": 0,
				"hp": 0,
				"type": 0,
				"typeValue1": 0,
				"typeValue2": 0
			},
			"1": {
				"id": 202002,
				"level": 1,
				"lvLimit": 0,
				"costNum": 1,
				"atk": 0,
				"def": 10,
				"hp": 0,
				"type": 0,
				"typeValue1": 0,
				"typeValue2": 0
			},
			"2": {
				"id": 202002,
				"level": 2,
				"lvLimit": 10,
				"costNum": 2,
				"atk": 0,
				"def": 20,
				"hp": 0,
				"type": 0,
				"typeValue1": 0,
				"typeValue2": 0
			},
			"3": {
				"id": 202002,
				"level": 3,
				"lvLimit": 20,
				"costNum": 3,
				"atk": 0,
				"def": 30,
				"hp": 0,
				"type": 1,
				"typeValue1": 26,
				"typeValue2": 1
			},
			"4": {
				"id": 202002,
				"level": 4,
				"lvLimit": 30,
				"costNum": 3,
				"atk": 0,
				"def": 40,
				"hp": 0,
				"type": 1,
				"typeValue1": 26,
				"typeValue2": 1
			},
			"5": {
				"id": 202002,
				"level": 5,
				"lvLimit": 40,
				"costNum": 3,
				"atk": 0,
				"def": 50,
				"hp": 0,
				"type": 1,
				"typeValue1": 26,
				"typeValue2": 1
			},
			"6": {
				"id": 202002,
				"level": 6,
				"lvLimit": 50,
				"costNum": 3,
				"atk": 0,
				"def": 60,
				"hp": 0,
				"type": 1,
				"typeValue1": 26,
				"typeValue2": 2
			},
			"7": {
				"id": 202002,
				"level": 7,
				"lvLimit": 60,
				"costNum": 3,
				"atk": 0,
				"def": 70,
				"hp": 0,
				"type": 1,
				"typeValue1": 26,
				"typeValue2": 2
			},
			"8": {
				"id": 202002,
				"level": 8,
				"lvLimit": 70,
				"costNum": 3,
				"atk": 0,
				"def": 80,
				"hp": 0,
				"type": 1,
				"typeValue1": 26,
				"typeValue2": 2
			},
			"9": {
				"id": 202002,
				"level": 9,
				"lvLimit": 80,
				"costNum": 3,
				"atk": 0,
				"def": 90,
				"hp": 0,
				"type": 1,
				"typeValue1": 26,
				"typeValue2": 3
			},
			"10": {
				"id": 202002,
				"level": 10,
				"lvLimit": 90,
				"costNum": 3,
				"atk": 0,
				"def": 100,
				"hp": 0,
				"type": 1,
				"typeValue1": 26,
				"typeValue2": 3
			},
			"11": {
				"id": 202002,
				"level": 11,
				"lvLimit": 100,
				"costNum": 3,
				"atk": 0,
				"def": 110,
				"hp": 0,
				"type": 1,
				"typeValue1": 26,
				"typeValue2": 3
			},
			"12": {
				"id": 202002,
				"level": 12,
				"lvLimit": 110,
				"costNum": 3,
				"atk": 0,
				"def": 120,
				"hp": 0,
				"type": 1,
				"typeValue1": 26,
				"typeValue2": 4
			},
			"13": {
				"id": 202002,
				"level": 13,
				"lvLimit": 120,
				"costNum": 3,
				"atk": 0,
				"def": 130,
				"hp": 0,
				"type": 1,
				"typeValue1": 26,
				"typeValue2": 4
			},
			"14": {
				"id": 202002,
				"level": 14,
				"lvLimit": 130,
				"costNum": 3,
				"atk": 0,
				"def": 140,
				"hp": 0,
				"type": 1,
				"typeValue1": 26,
				"typeValue2": 4
			},
			"15": {
				"id": 202002,
				"level": 15,
				"lvLimit": 140,
				"costNum": 3,
				"atk": 0,
				"def": 150,
				"hp": 0,
				"type": 1,
				"typeValue1": 26,
				"typeValue2": 5
			},
			"16": {
				"id": 202002,
				"level": 16,
				"lvLimit": 150,
				"costNum": 3,
				"atk": 0,
				"def": 160,
				"hp": 0,
				"type": 1,
				"typeValue1": 26,
				"typeValue2": 5
			},
			"17": {
				"id": 202002,
				"level": 17,
				"lvLimit": 160,
				"costNum": 3,
				"atk": 0,
				"def": 170,
				"hp": 0,
				"type": 1,
				"typeValue1": 26,
				"typeValue2": 5
			},
			"18": {
				"id": 202002,
				"level": 18,
				"lvLimit": 170,
				"costNum": 3,
				"atk": 0,
				"def": 180,
				"hp": 0,
				"type": 1,
				"typeValue1": 26,
				"typeValue2": 6
			},
			"19": {
				"id": 202002,
				"level": 19,
				"lvLimit": 180,
				"costNum": 3,
				"atk": 0,
				"def": 190,
				"hp": 0,
				"type": 1,
				"typeValue1": 26,
				"typeValue2": 6
			},
			"20": {
				"id": 202002,
				"level": 20,
				"lvLimit": 190,
				"costNum": 3,
				"atk": 0,
				"def": 200,
				"hp": 0,
				"type": 1,
				"typeValue1": 26,
				"typeValue2": 6
			},
			"21": {
				"id": 202002,
				"level": 21,
				"lvLimit": 200,
				"costNum": 3,
				"atk": 0,
				"def": 210,
				"hp": 0,
				"type": 1,
				"typeValue1": 26,
				"typeValue2": 7
			},
			"22": {
				"id": 202002,
				"level": 22,
				"lvLimit": 210,
				"costNum": 3,
				"atk": 0,
				"def": 220,
				"hp": 0,
				"type": 1,
				"typeValue1": 26,
				"typeValue2": 7
			},
			"23": {
				"id": 202002,
				"level": 23,
				"lvLimit": 220,
				"costNum": 3,
				"atk": 0,
				"def": 230,
				"hp": 0,
				"type": 1,
				"typeValue1": 26,
				"typeValue2": 7
			},
			"24": {
				"id": 202002,
				"level": 24,
				"lvLimit": 230,
				"costNum": 3,
				"atk": 0,
				"def": 240,
				"hp": 0,
				"type": 1,
				"typeValue1": 26,
				"typeValue2": 8
			},
			"25": {
				"id": 202002,
				"level": 25,
				"lvLimit": 240,
				"costNum": 3,
				"atk": 0,
				"def": 250,
				"hp": 0,
				"type": 1,
				"typeValue1": 26,
				"typeValue2": 8
			},
			"26": {
				"id": 202002,
				"level": 26,
				"lvLimit": 250,
				"costNum": 3,
				"atk": 0,
				"def": 260,
				"hp": 0,
				"type": 1,
				"typeValue1": 26,
				"typeValue2": 8
			},
			"27": {
				"id": 202002,
				"level": 27,
				"lvLimit": 260,
				"costNum": 3,
				"atk": 0,
				"def": 270,
				"hp": 0,
				"type": 1,
				"typeValue1": 26,
				"typeValue2": 9
			},
			"28": {
				"id": 202002,
				"level": 28,
				"lvLimit": 270,
				"costNum": 3,
				"atk": 0,
				"def": 280,
				"hp": 0,
				"type": 1,
				"typeValue1": 26,
				"typeValue2": 9
			},
			"29": {
				"id": 202002,
				"level": 29,
				"lvLimit": 280,
				"costNum": 3,
				"atk": 0,
				"def": 290,
				"hp": 0,
				"type": 1,
				"typeValue1": 26,
				"typeValue2": 9
			},
			"30": {
				"id": 202002,
				"level": 30,
				"lvLimit": 290,
				"costNum": 3,
				"atk": 0,
				"def": 300,
				"hp": 0,
				"type": 1,
				"typeValue1": 26,
				"typeValue2": 10
			}
		}
	},
	"202003": {
		// 五堂花灯
		"id": 202003,
		"quality": 6,
		"icon": 302,
		"name": {"l10n":"-xx4c4k"},//蚌美人
		"lv": {
			"0": {
				"id": 202003,
				"level": 0,
				"lvLimit": 0,
				"costNum": 1,
				"atk": 0,
				"def": 0,
				"hp": 0,
				"type": 0,
				"typeValue1": 0,
				"typeValue2": 0
			},
			"1": {
				"id": 202003,
				"level": 1,
				"lvLimit": 0,
				"costNum": 1,
				"atk": 0,
				"def": 0,
				"hp": 2000,
				"type": 0,
				"typeValue1": 0,
				"typeValue2": 0
			},
			"2": {
				"id": 202003,
				"level": 2,
				"lvLimit": 10,
				"costNum": 2,
				"atk": 0,
				"def": 0,
				"hp": 4000,
				"type": 0,
				"typeValue1": 0,
				"typeValue2": 0
			},
			"3": {
				"id": 202003,
				"level": 3,
				"lvLimit": 20,
				"costNum": 3,
				"atk": 0,
				"def": 0,
				"hp": 6000,
				"type": 1,
				"typeValue1": 27,
				"typeValue2": 1
			},
			"4": {
				"id": 202003,
				"level": 4,
				"lvLimit": 30,
				"costNum": 3,
				"atk": 0,
				"def": 0,
				"hp": 8000,
				"type": 1,
				"typeValue1": 27,
				"typeValue2": 1
			},
			"5": {
				"id": 202003,
				"level": 5,
				"lvLimit": 40,
				"costNum": 3,
				"atk": 0,
				"def": 0,
				"hp": 10000,
				"type": 1,
				"typeValue1": 27,
				"typeValue2": 1
			},
			"6": {
				"id": 202003,
				"level": 6,
				"lvLimit": 50,
				"costNum": 3,
				"atk": 0,
				"def": 0,
				"hp": 12000,
				"type": 1,
				"typeValue1": 27,
				"typeValue2": 2
			},
			"7": {
				"id": 202003,
				"level": 7,
				"lvLimit": 60,
				"costNum": 3,
				"atk": 0,
				"def": 0,
				"hp": 14000,
				"type": 1,
				"typeValue1": 27,
				"typeValue2": 2
			},
			"8": {
				"id": 202003,
				"level": 8,
				"lvLimit": 70,
				"costNum": 3,
				"atk": 0,
				"def": 0,
				"hp": 16000,
				"type": 1,
				"typeValue1": 27,
				"typeValue2": 2
			},
			"9": {
				"id": 202003,
				"level": 9,
				"lvLimit": 80,
				"costNum": 3,
				"atk": 0,
				"def": 0,
				"hp": 18000,
				"type": 1,
				"typeValue1": 27,
				"typeValue2": 3
			},
			"10": {
				"id": 202003,
				"level": 10,
				"lvLimit": 90,
				"costNum": 3,
				"atk": 0,
				"def": 0,
				"hp": 20000,
				"type": 1,
				"typeValue1": 27,
				"typeValue2": 3
			},
			"11": {
				"id": 202003,
				"level": 11,
				"lvLimit": 100,
				"costNum": 3,
				"atk": 0,
				"def": 0,
				"hp": 22000,
				"type": 1,
				"typeValue1": 27,
				"typeValue2": 3
			},
			"12": {
				"id": 202003,
				"level": 12,
				"lvLimit": 110,
				"costNum": 3,
				"atk": 0,
				"def": 0,
				"hp": 24000,
				"type": 1,
				"typeValue1": 27,
				"typeValue2": 4
			},
			"13": {
				"id": 202003,
				"level": 13,
				"lvLimit": 120,
				"costNum": 3,
				"atk": 0,
				"def": 0,
				"hp": 26000,
				"type": 1,
				"typeValue1": 27,
				"typeValue2": 4
			},
			"14": {
				"id": 202003,
				"level": 14,
				"lvLimit": 130,
				"costNum": 3,
				"atk": 0,
				"def": 0,
				"hp": 28000,
				"type": 1,
				"typeValue1": 27,
				"typeValue2": 4
			},
			"15": {
				"id": 202003,
				"level": 15,
				"lvLimit": 140,
				"costNum": 3,
				"atk": 0,
				"def": 0,
				"hp": 30000,
				"type": 1,
				"typeValue1": 27,
				"typeValue2": 5
			},
			"16": {
				"id": 202003,
				"level": 16,
				"lvLimit": 150,
				"costNum": 3,
				"atk": 0,
				"def": 0,
				"hp": 32000,
				"type": 1,
				"typeValue1": 27,
				"typeValue2": 5
			},
			"17": {
				"id": 202003,
				"level": 17,
				"lvLimit": 160,
				"costNum": 3,
				"atk": 0,
				"def": 0,
				"hp": 34000,
				"type": 1,
				"typeValue1": 27,
				"typeValue2": 5
			},
			"18": {
				"id": 202003,
				"level": 18,
				"lvLimit": 170,
				"costNum": 3,
				"atk": 0,
				"def": 0,
				"hp": 36000,
				"type": 1,
				"typeValue1": 27,
				"typeValue2": 6
			},
			"19": {
				"id": 202003,
				"level": 19,
				"lvLimit": 180,
				"costNum": 3,
				"atk": 0,
				"def": 0,
				"hp": 38000,
				"type": 1,
				"typeValue1": 27,
				"typeValue2": 6
			},
			"20": {
				"id": 202003,
				"level": 20,
				"lvLimit": 190,
				"costNum": 3,
				"atk": 0,
				"def": 0,
				"hp": 40000,
				"type": 1,
				"typeValue1": 27,
				"typeValue2": 6
			},
			"21": {
				"id": 202003,
				"level": 21,
				"lvLimit": 200,
				"costNum": 3,
				"atk": 0,
				"def": 0,
				"hp": 42000,
				"type": 1,
				"typeValue1": 27,
				"typeValue2": 7
			},
			"22": {
				"id": 202003,
				"level": 22,
				"lvLimit": 210,
				"costNum": 3,
				"atk": 0,
				"def": 0,
				"hp": 44000,
				"type": 1,
				"typeValue1": 27,
				"typeValue2": 7
			},
			"23": {
				"id": 202003,
				"level": 23,
				"lvLimit": 220,
				"costNum": 3,
				"atk": 0,
				"def": 0,
				"hp": 46000,
				"type": 1,
				"typeValue1": 27,
				"typeValue2": 7
			},
			"24": {
				"id": 202003,
				"level": 24,
				"lvLimit": 230,
				"costNum": 3,
				"atk": 0,
				"def": 0,
				"hp": 48000,
				"type": 1,
				"typeValue1": 27,
				"typeValue2": 8
			},
			"25": {
				"id": 202003,
				"level": 25,
				"lvLimit": 240,
				"costNum": 3,
				"atk": 0,
				"def": 0,
				"hp": 50000,
				"type": 1,
				"typeValue1": 27,
				"typeValue2": 8
			},
			"26": {
				"id": 202003,
				"level": 26,
				"lvLimit": 250,
				"costNum": 3,
				"atk": 0,
				"def": 0,
				"hp": 52000,
				"type": 1,
				"typeValue1": 27,
				"typeValue2": 8
			},
			"27": {
				"id": 202003,
				"level": 27,
				"lvLimit": 260,
				"costNum": 3,
				"atk": 0,
				"def": 0,
				"hp": 54000,
				"type": 1,
				"typeValue1": 27,
				"typeValue2": 9
			},
			"28": {
				"id": 202003,
				"level": 28,
				"lvLimit": 270,
				"costNum": 3,
				"atk": 0,
				"def": 0,
				"hp": 56000,
				"type": 1,
				"typeValue1": 27,
				"typeValue2": 9
			},
			"29": {
				"id": 202003,
				"level": 29,
				"lvLimit": 280,
				"costNum": 3,
				"atk": 0,
				"def": 0,
				"hp": 58000,
				"type": 1,
				"typeValue1": 27,
				"typeValue2": 9
			},
			"30": {
				"id": 202003,
				"level": 30,
				"lvLimit": 290,
				"costNum": 3,
				"atk": 0,
				"def": 0,
				"hp": 60000,
				"type": 1,
				"typeValue1": 27,
				"typeValue2": 10
			}
		}
	},
	"203001": {
		// 七堂供果
		"id": 203001,
		"quality": 8,
		"icon": 103,
		"name": {"l10n":"i5szfv"},//柳七公子
		"lv": {
			"0": {
				"id": 203001,
				"level": 0,
				"lvLimit": 0,
				"costNum": 1,
				"atk": 0,
				"def": 0,
				"hp": 0,
				"type": 0,
				"typeValue1": 0,
				"typeValue2": 0
			},
			"1": {
				"id": 203001,
				"level": 1,
				"lvLimit": 0,
				"costNum": 1,
				"atk": 20,
				"def": 0,
				"hp": 0,
				"type": 0,
				"typeValue1": 0,
				"typeValue2": 0
			},
			"2": {
				"id": 203001,
				"level": 2,
				"lvLimit": 10,
				"costNum": 2,
				"atk": 40,
				"def": 0,
				"hp": 0,
				"type": 0,
				"typeValue1": 0,
				"typeValue2": 0
			},
			"3": {
				"id": 203001,
				"level": 3,
				"lvLimit": 20,
				"costNum": 3,
				"atk": 60,
				"def": 0,
				"hp": 0,
				"type": 0,
				"typeValue1": 0,
				"typeValue2": 0
			},
			"4": {
				"id": 203001,
				"level": 4,
				"lvLimit": 30,
				"costNum": 3,
				"atk": 80,
				"def": 0,
				"hp": 0,
				"type": 0,
				"typeValue1": 0,
				"typeValue2": 0
			},
			"5": {
				"id": 203001,
				"level": 5,
				"lvLimit": 40,
				"costNum": 3,
				"atk": 100,
				"def": 0,
				"hp": 0,
				"type": 0,
				"typeValue1": 0,
				"typeValue2": 0
			},
			"6": {
				"id": 203001,
				"level": 6,
				"lvLimit": 50,
				"costNum": 3,
				"atk": 120,
				"def": 0,
				"hp": 0,
				"type": 0,
				"typeValue1": 0,
				"typeValue2": 0
			},
			"7": {
				"id": 203001,
				"level": 7,
				"lvLimit": 60,
				"costNum": 3,
				"atk": 140,
				"def": 0,
				"hp": 0,
				"type": 0,
				"typeValue1": 0,
				"typeValue2": 0
			},
			"8": {
				"id": 203001,
				"level": 8,
				"lvLimit": 70,
				"costNum": 3,
				"atk": 160,
				"def": 0,
				"hp": 0,
				"type": 0,
				"typeValue1": 0,
				"typeValue2": 0
			},
			"9": {
				"id": 203001,
				"level": 9,
				"lvLimit": 80,
				"costNum": 3,
				"atk": 180,
				"def": 0,
				"hp": 0,
				"type": 0,
				"typeValue1": 0,
				"typeValue2": 0
			},
			"10": {
				"id": 203001,
				"level": 10,
				"lvLimit": 90,
				"costNum": 3,
				"atk": 200,
				"def": 0,
				"hp": 0,
				"type": 1,
				"typeValue1": 33,
				"typeValue2": 1
			},
			"11": {
				"id": 203001,
				"level": 11,
				"lvLimit": 100,
				"costNum": 3,
				"atk": 220,
				"def": 0,
				"hp": 0,
				"type": 1,
				"typeValue1": 33,
				"typeValue2": 1
			},
			"12": {
				"id": 203001,
				"level": 12,
				"lvLimit": 110,
				"costNum": 3,
				"atk": 240,
				"def": 0,
				"hp": 0,
				"type": 1,
				"typeValue1": 33,
				"typeValue2": 1
			},
			"13": {
				"id": 203001,
				"level": 13,
				"lvLimit": 120,
				"costNum": 3,
				"atk": 260,
				"def": 0,
				"hp": 0,
				"type": 1,
				"typeValue1": 33,
				"typeValue2": 1
			},
			"14": {
				"id": 203001,
				"level": 14,
				"lvLimit": 130,
				"costNum": 3,
				"atk": 280,
				"def": 0,
				"hp": 0,
				"type": 1,
				"typeValue1": 33,
				"typeValue2": 1
			},
			"15": {
				"id": 203001,
				"level": 15,
				"lvLimit": 140,
				"costNum": 3,
				"atk": 300,
				"def": 0,
				"hp": 0,
				"type": 1,
				"typeValue1": 33,
				"typeValue2": 1
			},
			"16": {
				"id": 203001,
				"level": 16,
				"lvLimit": 150,
				"costNum": 3,
				"atk": 320,
				"def": 0,
				"hp": 0,
				"type": 1,
				"typeValue1": 33,
				"typeValue2": 1
			},
			"17": {
				"id": 203001,
				"level": 17,
				"lvLimit": 160,
				"costNum": 3,
				"atk": 340,
				"def": 0,
				"hp": 0,
				"type": 1,
				"typeValue1": 33,
				"typeValue2": 1
			},
			"18": {
				"id": 203001,
				"level": 18,
				"lvLimit": 170,
				"costNum": 3,
				"atk": 360,
				"def": 0,
				"hp": 0,
				"type": 1,
				"typeValue1": 33,
				"typeValue2": 1
			},
			"19": {
				"id": 203001,
				"level": 19,
				"lvLimit": 180,
				"costNum": 3,
				"atk": 380,
				"def": 0,
				"hp": 0,
				"type": 1,
				"typeValue1": 33,
				"typeValue2": 1
			},
			"20": {
				"id": 203001,
				"level": 20,
				"lvLimit": 190,
				"costNum": 3,
				"atk": 400,
				"def": 0,
				"hp": 0,
				"type": 1,
				"typeValue1": 33,
				"typeValue2": 2
			},
			"21": {
				"id": 203001,
				"level": 21,
				"lvLimit": 200,
				"costNum": 3,
				"atk": 420,
				"def": 0,
				"hp": 0,
				"type": 1,
				"typeValue1": 33,
				"typeValue2": 2
			},
			"22": {
				"id": 203001,
				"level": 22,
				"lvLimit": 210,
				"costNum": 3,
				"atk": 440,
				"def": 0,
				"hp": 0,
				"type": 1,
				"typeValue1": 33,
				"typeValue2": 2
			},
			"23": {
				"id": 203001,
				"level": 23,
				"lvLimit": 220,
				"costNum": 3,
				"atk": 460,
				"def": 0,
				"hp": 0,
				"type": 1,
				"typeValue1": 33,
				"typeValue2": 2
			},
			"24": {
				"id": 203001,
				"level": 24,
				"lvLimit": 230,
				"costNum": 3,
				"atk": 480,
				"def": 0,
				"hp": 0,
				"type": 1,
				"typeValue1": 33,
				"typeValue2": 2
			},
			"25": {
				"id": 203001,
				"level": 25,
				"lvLimit": 240,
				"costNum": 3,
				"atk": 500,
				"def": 0,
				"hp": 0,
				"type": 1,
				"typeValue1": 33,
				"typeValue2": 2
			},
			"26": {
				"id": 203001,
				"level": 26,
				"lvLimit": 250,
				"costNum": 3,
				"atk": 520,
				"def": 0,
				"hp": 0,
				"type": 1,
				"typeValue1": 33,
				"typeValue2": 2
			},
			"27": {
				"id": 203001,
				"level": 27,
				"lvLimit": 260,
				"costNum": 3,
				"atk": 540,
				"def": 0,
				"hp": 0,
				"type": 1,
				"typeValue1": 33,
				"typeValue2": 2
			},
			"28": {
				"id": 203001,
				"level": 28,
				"lvLimit": 270,
				"costNum": 3,
				"atk": 560,
				"def": 0,
				"hp": 0,
				"type": 1,
				"typeValue1": 33,
				"typeValue2": 2
			},
			"29": {
				"id": 203001,
				"level": 29,
				"lvLimit": 280,
				"costNum": 3,
				"atk": 580,
				"def": 0,
				"hp": 0,
				"type": 1,
				"typeValue1": 33,
				"typeValue2": 2
			},
			"30": {
				"id": 203001,
				"level": 30,
				"lvLimit": 290,
				"costNum": 3,
				"atk": 600,
				"def": 0,
				"hp": 0,
				"type": 1,
				"typeValue1": 33,
				"typeValue2": 3
			}
		}
	},
	"203002": {
		// 七堂黄纸
		"id": 203002,
		"quality": 8,
		"icon": 203,
		"name": {"l10n":"tfzqy9"},//黑无常
		"lv": {
			"0": {
				"id": 203002,
				"level": 0,
				"lvLimit": 0,
				"costNum": 1,
				"atk": 0,
				"def": 0,
				"hp": 0,
				"type": 0,
				"typeValue1": 0,
				"typeValue2": 0
			},
			"1": {
				"id": 203002,
				"level": 1,
				"lvLimit": 0,
				"costNum": 1,
				"atk": 0,
				"def": 20,
				"hp": 0,
				"type": 0,
				"typeValue1": 0,
				"typeValue2": 0
			},
			"2": {
				"id": 203002,
				"level": 2,
				"lvLimit": 10,
				"costNum": 2,
				"atk": 0,
				"def": 40,
				"hp": 0,
				"type": 0,
				"typeValue1": 0,
				"typeValue2": 0
			},
			"3": {
				"id": 203002,
				"level": 3,
				"lvLimit": 20,
				"costNum": 3,
				"atk": 0,
				"def": 60,
				"hp": 0,
				"type": 1,
				"typeValue1": 34,
				"typeValue2": 1
			},
			"4": {
				"id": 203002,
				"level": 4,
				"lvLimit": 30,
				"costNum": 3,
				"atk": 0,
				"def": 80,
				"hp": 0,
				"type": 1,
				"typeValue1": 34,
				"typeValue2": 1
			},
			"5": {
				"id": 203002,
				"level": 5,
				"lvLimit": 40,
				"costNum": 3,
				"atk": 0,
				"def": 100,
				"hp": 0,
				"type": 1,
				"typeValue1": 34,
				"typeValue2": 1
			},
			"6": {
				"id": 203002,
				"level": 6,
				"lvLimit": 50,
				"costNum": 3,
				"atk": 0,
				"def": 120,
				"hp": 0,
				"type": 1,
				"typeValue1": 34,
				"typeValue2": 2
			},
			"7": {
				"id": 203002,
				"level": 7,
				"lvLimit": 60,
				"costNum": 3,
				"atk": 0,
				"def": 140,
				"hp": 0,
				"type": 1,
				"typeValue1": 34,
				"typeValue2": 2
			},
			"8": {
				"id": 203002,
				"level": 8,
				"lvLimit": 70,
				"costNum": 3,
				"atk": 0,
				"def": 160,
				"hp": 0,
				"type": 1,
				"typeValue1": 34,
				"typeValue2": 2
			},
			"9": {
				"id": 203002,
				"level": 9,
				"lvLimit": 80,
				"costNum": 3,
				"atk": 0,
				"def": 180,
				"hp": 0,
				"type": 1,
				"typeValue1": 34,
				"typeValue2": 3
			},
			"10": {
				"id": 203002,
				"level": 10,
				"lvLimit": 90,
				"costNum": 3,
				"atk": 0,
				"def": 200,
				"hp": 0,
				"type": 1,
				"typeValue1": 34,
				"typeValue2": 3
			},
			"11": {
				"id": 203002,
				"level": 11,
				"lvLimit": 100,
				"costNum": 3,
				"atk": 0,
				"def": 220,
				"hp": 0,
				"type": 1,
				"typeValue1": 34,
				"typeValue2": 3
			},
			"12": {
				"id": 203002,
				"level": 12,
				"lvLimit": 110,
				"costNum": 3,
				"atk": 0,
				"def": 240,
				"hp": 0,
				"type": 1,
				"typeValue1": 34,
				"typeValue2": 4
			},
			"13": {
				"id": 203002,
				"level": 13,
				"lvLimit": 120,
				"costNum": 3,
				"atk": 0,
				"def": 260,
				"hp": 0,
				"type": 1,
				"typeValue1": 34,
				"typeValue2": 4
			},
			"14": {
				"id": 203002,
				"level": 14,
				"lvLimit": 130,
				"costNum": 3,
				"atk": 0,
				"def": 280,
				"hp": 0,
				"type": 1,
				"typeValue1": 34,
				"typeValue2": 4
			},
			"15": {
				"id": 203002,
				"level": 15,
				"lvLimit": 140,
				"costNum": 3,
				"atk": 0,
				"def": 300,
				"hp": 0,
				"type": 1,
				"typeValue1": 34,
				"typeValue2": 5
			},
			"16": {
				"id": 203002,
				"level": 16,
				"lvLimit": 150,
				"costNum": 3,
				"atk": 0,
				"def": 320,
				"hp": 0,
				"type": 1,
				"typeValue1": 34,
				"typeValue2": 5
			},
			"17": {
				"id": 203002,
				"level": 17,
				"lvLimit": 160,
				"costNum": 3,
				"atk": 0,
				"def": 340,
				"hp": 0,
				"type": 1,
				"typeValue1": 34,
				"typeValue2": 5
			},
			"18": {
				"id": 203002,
				"level": 18,
				"lvLimit": 170,
				"costNum": 3,
				"atk": 0,
				"def": 360,
				"hp": 0,
				"type": 1,
				"typeValue1": 34,
				"typeValue2": 6
			},
			"19": {
				"id": 203002,
				"level": 19,
				"lvLimit": 180,
				"costNum": 3,
				"atk": 0,
				"def": 380,
				"hp": 0,
				"type": 1,
				"typeValue1": 34,
				"typeValue2": 6
			},
			"20": {
				"id": 203002,
				"level": 20,
				"lvLimit": 190,
				"costNum": 3,
				"atk": 0,
				"def": 400,
				"hp": 0,
				"type": 1,
				"typeValue1": 34,
				"typeValue2": 6
			},
			"21": {
				"id": 203002,
				"level": 21,
				"lvLimit": 200,
				"costNum": 3,
				"atk": 0,
				"def": 420,
				"hp": 0,
				"type": 1,
				"typeValue1": 34,
				"typeValue2": 7
			},
			"22": {
				"id": 203002,
				"level": 22,
				"lvLimit": 210,
				"costNum": 3,
				"atk": 0,
				"def": 440,
				"hp": 0,
				"type": 1,
				"typeValue1": 34,
				"typeValue2": 7
			},
			"23": {
				"id": 203002,
				"level": 23,
				"lvLimit": 220,
				"costNum": 3,
				"atk": 0,
				"def": 460,
				"hp": 0,
				"type": 1,
				"typeValue1": 34,
				"typeValue2": 7
			},
			"24": {
				"id": 203002,
				"level": 24,
				"lvLimit": 230,
				"costNum": 3,
				"atk": 0,
				"def": 480,
				"hp": 0,
				"type": 1,
				"typeValue1": 34,
				"typeValue2": 8
			},
			"25": {
				"id": 203002,
				"level": 25,
				"lvLimit": 240,
				"costNum": 3,
				"atk": 0,
				"def": 500,
				"hp": 0,
				"type": 1,
				"typeValue1": 34,
				"typeValue2": 8
			},
			"26": {
				"id": 203002,
				"level": 26,
				"lvLimit": 250,
				"costNum": 3,
				"atk": 0,
				"def": 520,
				"hp": 0,
				"type": 1,
				"typeValue1": 34,
				"typeValue2": 8
			},
			"27": {
				"id": 203002,
				"level": 27,
				"lvLimit": 260,
				"costNum": 3,
				"atk": 0,
				"def": 540,
				"hp": 0,
				"type": 1,
				"typeValue1": 34,
				"typeValue2": 9
			},
			"28": {
				"id": 203002,
				"level": 28,
				"lvLimit": 270,
				"costNum": 3,
				"atk": 0,
				"def": 560,
				"hp": 0,
				"type": 1,
				"typeValue1": 34,
				"typeValue2": 9
			},
			"29": {
				"id": 203002,
				"level": 29,
				"lvLimit": 280,
				"costNum": 3,
				"atk": 0,
				"def": 580,
				"hp": 0,
				"type": 1,
				"typeValue1": 34,
				"typeValue2": 9
			},
			"30": {
				"id": 203002,
				"level": 30,
				"lvLimit": 290,
				"costNum": 3,
				"atk": 0,
				"def": 600,
				"hp": 0,
				"type": 1,
				"typeValue1": 34,
				"typeValue2": 10
			}
		}
	},
	"203003": {
		// 七堂花灯
		"id": 203003,
		"quality": 8,
		"icon": 303,
		"name": {"l10n":"-2s4as3"},//鳖学士
		"lv": {
			"0": {
				"id": 203003,
				"level": 0,
				"lvLimit": 0,
				"costNum": 1,
				"atk": 0,
				"def": 0,
				"hp": 0,
				"type": 0,
				"typeValue1": 0,
				"typeValue2": 0
			},
			"1": {
				"id": 203003,
				"level": 1,
				"lvLimit": 0,
				"costNum": 1,
				"atk": 0,
				"def": 0,
				"hp": 4000,
				"type": 0,
				"typeValue1": 0,
				"typeValue2": 0
			},
			"2": {
				"id": 203003,
				"level": 2,
				"lvLimit": 10,
				"costNum": 2,
				"atk": 0,
				"def": 0,
				"hp": 8000,
				"type": 0,
				"typeValue1": 0,
				"typeValue2": 0
			},
			"3": {
				"id": 203003,
				"level": 3,
				"lvLimit": 20,
				"costNum": 3,
				"atk": 0,
				"def": 0,
				"hp": 12000,
				"type": 1,
				"typeValue1": 32,
				"typeValue2": 1
			},
			"4": {
				"id": 203003,
				"level": 4,
				"lvLimit": 30,
				"costNum": 3,
				"atk": 0,
				"def": 0,
				"hp": 16000,
				"type": 1,
				"typeValue1": 32,
				"typeValue2": 1
			},
			"5": {
				"id": 203003,
				"level": 5,
				"lvLimit": 40,
				"costNum": 3,
				"atk": 0,
				"def": 0,
				"hp": 20000,
				"type": 1,
				"typeValue1": 32,
				"typeValue2": 1
			},
			"6": {
				"id": 203003,
				"level": 6,
				"lvLimit": 50,
				"costNum": 3,
				"atk": 0,
				"def": 0,
				"hp": 24000,
				"type": 1,
				"typeValue1": 32,
				"typeValue2": 2
			},
			"7": {
				"id": 203003,
				"level": 7,
				"lvLimit": 60,
				"costNum": 3,
				"atk": 0,
				"def": 0,
				"hp": 28000,
				"type": 1,
				"typeValue1": 32,
				"typeValue2": 2
			},
			"8": {
				"id": 203003,
				"level": 8,
				"lvLimit": 70,
				"costNum": 3,
				"atk": 0,
				"def": 0,
				"hp": 32000,
				"type": 1,
				"typeValue1": 32,
				"typeValue2": 2
			},
			"9": {
				"id": 203003,
				"level": 9,
				"lvLimit": 80,
				"costNum": 3,
				"atk": 0,
				"def": 0,
				"hp": 36000,
				"type": 1,
				"typeValue1": 32,
				"typeValue2": 3
			},
			"10": {
				"id": 203003,
				"level": 10,
				"lvLimit": 90,
				"costNum": 3,
				"atk": 0,
				"def": 0,
				"hp": 40000,
				"type": 1,
				"typeValue1": 32,
				"typeValue2": 3
			},
			"11": {
				"id": 203003,
				"level": 11,
				"lvLimit": 100,
				"costNum": 3,
				"atk": 0,
				"def": 0,
				"hp": 44000,
				"type": 1,
				"typeValue1": 32,
				"typeValue2": 3
			},
			"12": {
				"id": 203003,
				"level": 12,
				"lvLimit": 110,
				"costNum": 3,
				"atk": 0,
				"def": 0,
				"hp": 48000,
				"type": 1,
				"typeValue1": 32,
				"typeValue2": 4
			},
			"13": {
				"id": 203003,
				"level": 13,
				"lvLimit": 120,
				"costNum": 3,
				"atk": 0,
				"def": 0,
				"hp": 52000,
				"type": 1,
				"typeValue1": 32,
				"typeValue2": 4
			},
			"14": {
				"id": 203003,
				"level": 14,
				"lvLimit": 130,
				"costNum": 3,
				"atk": 0,
				"def": 0,
				"hp": 56000,
				"type": 1,
				"typeValue1": 32,
				"typeValue2": 4
			},
			"15": {
				"id": 203003,
				"level": 15,
				"lvLimit": 140,
				"costNum": 3,
				"atk": 0,
				"def": 0,
				"hp": 60000,
				"type": 1,
				"typeValue1": 32,
				"typeValue2": 5
			},
			"16": {
				"id": 203003,
				"level": 16,
				"lvLimit": 150,
				"costNum": 3,
				"atk": 0,
				"def": 0,
				"hp": 64000,
				"type": 1,
				"typeValue1": 32,
				"typeValue2": 5
			},
			"17": {
				"id": 203003,
				"level": 17,
				"lvLimit": 160,
				"costNum": 3,
				"atk": 0,
				"def": 0,
				"hp": 68000,
				"type": 1,
				"typeValue1": 32,
				"typeValue2": 5
			},
			"18": {
				"id": 203003,
				"level": 18,
				"lvLimit": 170,
				"costNum": 3,
				"atk": 0,
				"def": 0,
				"hp": 72000,
				"type": 1,
				"typeValue1": 32,
				"typeValue2": 6
			},
			"19": {
				"id": 203003,
				"level": 19,
				"lvLimit": 180,
				"costNum": 3,
				"atk": 0,
				"def": 0,
				"hp": 76000,
				"type": 1,
				"typeValue1": 32,
				"typeValue2": 6
			},
			"20": {
				"id": 203003,
				"level": 20,
				"lvLimit": 190,
				"costNum": 3,
				"atk": 0,
				"def": 0,
				"hp": 80000,
				"type": 1,
				"typeValue1": 32,
				"typeValue2": 6
			},
			"21": {
				"id": 203003,
				"level": 21,
				"lvLimit": 200,
				"costNum": 3,
				"atk": 0,
				"def": 0,
				"hp": 84000,
				"type": 1,
				"typeValue1": 32,
				"typeValue2": 7
			},
			"22": {
				"id": 203003,
				"level": 22,
				"lvLimit": 210,
				"costNum": 3,
				"atk": 0,
				"def": 0,
				"hp": 88000,
				"type": 1,
				"typeValue1": 32,
				"typeValue2": 7
			},
			"23": {
				"id": 203003,
				"level": 23,
				"lvLimit": 220,
				"costNum": 3,
				"atk": 0,
				"def": 0,
				"hp": 92000,
				"type": 1,
				"typeValue1": 32,
				"typeValue2": 7
			},
			"24": {
				"id": 203003,
				"level": 24,
				"lvLimit": 230,
				"costNum": 3,
				"atk": 0,
				"def": 0,
				"hp": 96000,
				"type": 1,
				"typeValue1": 32,
				"typeValue2": 8
			},
			"25": {
				"id": 203003,
				"level": 25,
				"lvLimit": 240,
				"costNum": 3,
				"atk": 0,
				"def": 0,
				"hp": 100000,
				"type": 1,
				"typeValue1": 32,
				"typeValue2": 8
			},
			"26": {
				"id": 203003,
				"level": 26,
				"lvLimit": 250,
				"costNum": 3,
				"atk": 0,
				"def": 0,
				"hp": 104000,
				"type": 1,
				"typeValue1": 32,
				"typeValue2": 8
			},
			"27": {
				"id": 203003,
				"level": 27,
				"lvLimit": 260,
				"costNum": 3,
				"atk": 0,
				"def": 0,
				"hp": 108000,
				"type": 1,
				"typeValue1": 32,
				"typeValue2": 9
			},
			"28": {
				"id": 203003,
				"level": 28,
				"lvLimit": 270,
				"costNum": 3,
				"atk": 0,
				"def": 0,
				"hp": 112000,
				"type": 1,
				"typeValue1": 32,
				"typeValue2": 9
			},
			"29": {
				"id": 203003,
				"level": 29,
				"lvLimit": 280,
				"costNum": 3,
				"atk": 0,
				"def": 0,
				"hp": 116000,
				"type": 1,
				"typeValue1": 32,
				"typeValue2": 9
			},
			"30": {
				"id": 203003,
				"level": 30,
				"lvLimit": 290,
				"costNum": 3,
				"atk": 0,
				"def": 0,
				"hp": 120000,
				"type": 1,
				"typeValue1": 32,
				"typeValue2": 10
			}
		}
	},
	"204001": {
		// 九堂供果
		"id": 204001,
		"quality": 10,
		"icon": 104,
		"name": {"l10n":"-3y5nu0"},//狐三太爷
		"lv": {
			"0": {
				"id": 204001,
				"level": 0,
				"lvLimit": 0,
				"costNum": 1,
				"atk": 0,
				"def": 0,
				"hp": 0,
				"type": 0,
				"typeValue1": 0,
				"typeValue2": 0
			},
			"1": {
				"id": 204001,
				"level": 1,
				"lvLimit": 0,
				"costNum": 1,
				"atk": 35,
				"def": 0,
				"hp": 0,
				"type": 0,
				"typeValue1": 0,
				"typeValue2": 0
			},
			"2": {
				"id": 204001,
				"level": 2,
				"lvLimit": 10,
				"costNum": 2,
				"atk": 70,
				"def": 0,
				"hp": 0,
				"type": 0,
				"typeValue1": 0,
				"typeValue2": 0
			},
			"3": {
				"id": 204001,
				"level": 3,
				"lvLimit": 20,
				"costNum": 3,
				"atk": 105,
				"def": 0,
				"hp": 0,
				"type": 5,
				"typeValue1": 10201,
				"typeValue2": 100
			},
			"4": {
				"id": 204001,
				"level": 4,
				"lvLimit": 30,
				"costNum": 3,
				"atk": 140,
				"def": 0,
				"hp": 0,
				"type": 5,
				"typeValue1": 10201,
				"typeValue2": 100
			},
			"5": {
				"id": 204001,
				"level": 5,
				"lvLimit": 40,
				"costNum": 3,
				"atk": 175,
				"def": 0,
				"hp": 0,
				"type": 5,
				"typeValue1": 10201,
				"typeValue2": 100
			},
			"6": {
				"id": 204001,
				"level": 6,
				"lvLimit": 50,
				"costNum": 3,
				"atk": 210,
				"def": 0,
				"hp": 0,
				"type": 5,
				"typeValue1": 10201,
				"typeValue2": 200
			},
			"7": {
				"id": 204001,
				"level": 7,
				"lvLimit": 60,
				"costNum": 3,
				"atk": 245,
				"def": 0,
				"hp": 0,
				"type": 5,
				"typeValue1": 10201,
				"typeValue2": 200
			},
			"8": {
				"id": 204001,
				"level": 8,
				"lvLimit": 70,
				"costNum": 3,
				"atk": 280,
				"def": 0,
				"hp": 0,
				"type": 5,
				"typeValue1": 10201,
				"typeValue2": 200
			},
			"9": {
				"id": 204001,
				"level": 9,
				"lvLimit": 80,
				"costNum": 3,
				"atk": 315,
				"def": 0,
				"hp": 0,
				"type": 5,
				"typeValue1": 10201,
				"typeValue2": 300
			},
			"10": {
				"id": 204001,
				"level": 10,
				"lvLimit": 90,
				"costNum": 3,
				"atk": 350,
				"def": 0,
				"hp": 0,
				"type": 5,
				"typeValue1": 10201,
				"typeValue2": 300
			},
			"11": {
				"id": 204001,
				"level": 11,
				"lvLimit": 100,
				"costNum": 3,
				"atk": 385,
				"def": 0,
				"hp": 0,
				"type": 5,
				"typeValue1": 10201,
				"typeValue2": 300
			},
			"12": {
				"id": 204001,
				"level": 12,
				"lvLimit": 110,
				"costNum": 3,
				"atk": 420,
				"def": 0,
				"hp": 0,
				"type": 5,
				"typeValue1": 10201,
				"typeValue2": 400
			},
			"13": {
				"id": 204001,
				"level": 13,
				"lvLimit": 120,
				"costNum": 3,
				"atk": 455,
				"def": 0,
				"hp": 0,
				"type": 5,
				"typeValue1": 10201,
				"typeValue2": 400
			},
			"14": {
				"id": 204001,
				"level": 14,
				"lvLimit": 130,
				"costNum": 3,
				"atk": 490,
				"def": 0,
				"hp": 0,
				"type": 5,
				"typeValue1": 10201,
				"typeValue2": 400
			},
			"15": {
				"id": 204001,
				"level": 15,
				"lvLimit": 140,
				"costNum": 3,
				"atk": 525,
				"def": 0,
				"hp": 0,
				"type": 5,
				"typeValue1": 10201,
				"typeValue2": 500
			},
			"16": {
				"id": 204001,
				"level": 16,
				"lvLimit": 150,
				"costNum": 3,
				"atk": 560,
				"def": 0,
				"hp": 0,
				"type": 5,
				"typeValue1": 10201,
				"typeValue2": 500
			},
			"17": {
				"id": 204001,
				"level": 17,
				"lvLimit": 160,
				"costNum": 3,
				"atk": 595,
				"def": 0,
				"hp": 0,
				"type": 5,
				"typeValue1": 10201,
				"typeValue2": 500
			},
			"18": {
				"id": 204001,
				"level": 18,
				"lvLimit": 170,
				"costNum": 3,
				"atk": 630,
				"def": 0,
				"hp": 0,
				"type": 5,
				"typeValue1": 10201,
				"typeValue2": 600
			},
			"19": {
				"id": 204001,
				"level": 19,
				"lvLimit": 180,
				"costNum": 3,
				"atk": 665,
				"def": 0,
				"hp": 0,
				"type": 5,
				"typeValue1": 10201,
				"typeValue2": 600
			},
			"20": {
				"id": 204001,
				"level": 20,
				"lvLimit": 190,
				"costNum": 3,
				"atk": 700,
				"def": 0,
				"hp": 0,
				"type": 5,
				"typeValue1": 10201,
				"typeValue2": 600
			},
			"21": {
				"id": 204001,
				"level": 21,
				"lvLimit": 200,
				"costNum": 3,
				"atk": 735,
				"def": 0,
				"hp": 0,
				"type": 5,
				"typeValue1": 10201,
				"typeValue2": 700
			},
			"22": {
				"id": 204001,
				"level": 22,
				"lvLimit": 210,
				"costNum": 3,
				"atk": 770,
				"def": 0,
				"hp": 0,
				"type": 5,
				"typeValue1": 10201,
				"typeValue2": 700
			},
			"23": {
				"id": 204001,
				"level": 23,
				"lvLimit": 220,
				"costNum": 3,
				"atk": 805,
				"def": 0,
				"hp": 0,
				"type": 5,
				"typeValue1": 10201,
				"typeValue2": 700
			},
			"24": {
				"id": 204001,
				"level": 24,
				"lvLimit": 230,
				"costNum": 3,
				"atk": 840,
				"def": 0,
				"hp": 0,
				"type": 5,
				"typeValue1": 10201,
				"typeValue2": 800
			},
			"25": {
				"id": 204001,
				"level": 25,
				"lvLimit": 240,
				"costNum": 3,
				"atk": 875,
				"def": 0,
				"hp": 0,
				"type": 5,
				"typeValue1": 10201,
				"typeValue2": 800
			},
			"26": {
				"id": 204001,
				"level": 26,
				"lvLimit": 250,
				"costNum": 3,
				"atk": 910,
				"def": 0,
				"hp": 0,
				"type": 5,
				"typeValue1": 10201,
				"typeValue2": 800
			},
			"27": {
				"id": 204001,
				"level": 27,
				"lvLimit": 260,
				"costNum": 3,
				"atk": 945,
				"def": 0,
				"hp": 0,
				"type": 5,
				"typeValue1": 10201,
				"typeValue2": 900
			},
			"28": {
				"id": 204001,
				"level": 28,
				"lvLimit": 270,
				"costNum": 3,
				"atk": 980,
				"def": 0,
				"hp": 0,
				"type": 5,
				"typeValue1": 10201,
				"typeValue2": 900
			},
			"29": {
				"id": 204001,
				"level": 29,
				"lvLimit": 280,
				"costNum": 3,
				"atk": 1015,
				"def": 0,
				"hp": 0,
				"type": 5,
				"typeValue1": 10201,
				"typeValue2": 900
			},
			"30": {
				"id": 204001,
				"level": 30,
				"lvLimit": 290,
				"costNum": 3,
				"atk": 1050,
				"def": 0,
				"hp": 0,
				"type": 5,
				"typeValue1": 10201,
				"typeValue2": 1000
			}
		}
	},
	"204002": {
		// 九堂黄纸
		"id": 204002,
		"quality": 10,
		"icon": 204,
		"name": {"l10n":"1rsi2k"},//判官
		"lv": {
			"0": {
				"id": 204002,
				"level": 0,
				"lvLimit": 0,
				"costNum": 1,
				"atk": 0,
				"def": 0,
				"hp": 0,
				"type": 0,
				"typeValue1": 0,
				"typeValue2": 0
			},
			"1": {
				"id": 204002,
				"level": 1,
				"lvLimit": 0,
				"costNum": 1,
				"atk": 0,
				"def": 35,
				"hp": 0,
				"type": 0,
				"typeValue1": 0,
				"typeValue2": 0
			},
			"2": {
				"id": 204002,
				"level": 2,
				"lvLimit": 10,
				"costNum": 2,
				"atk": 0,
				"def": 70,
				"hp": 0,
				"type": 0,
				"typeValue1": 0,
				"typeValue2": 0
			},
			"3": {
				"id": 204002,
				"level": 3,
				"lvLimit": 20,
				"costNum": 3,
				"atk": 0,
				"def": 105,
				"hp": 0,
				"type": 5,
				"typeValue1": 10202,
				"typeValue2": 100
			},
			"4": {
				"id": 204002,
				"level": 4,
				"lvLimit": 30,
				"costNum": 3,
				"atk": 0,
				"def": 140,
				"hp": 0,
				"type": 5,
				"typeValue1": 10202,
				"typeValue2": 100
			},
			"5": {
				"id": 204002,
				"level": 5,
				"lvLimit": 40,
				"costNum": 3,
				"atk": 0,
				"def": 175,
				"hp": 0,
				"type": 5,
				"typeValue1": 10202,
				"typeValue2": 100
			},
			"6": {
				"id": 204002,
				"level": 6,
				"lvLimit": 50,
				"costNum": 3,
				"atk": 0,
				"def": 210,
				"hp": 0,
				"type": 5,
				"typeValue1": 10202,
				"typeValue2": 200
			},
			"7": {
				"id": 204002,
				"level": 7,
				"lvLimit": 60,
				"costNum": 3,
				"atk": 0,
				"def": 245,
				"hp": 0,
				"type": 5,
				"typeValue1": 10202,
				"typeValue2": 200
			},
			"8": {
				"id": 204002,
				"level": 8,
				"lvLimit": 70,
				"costNum": 3,
				"atk": 0,
				"def": 280,
				"hp": 0,
				"type": 5,
				"typeValue1": 10202,
				"typeValue2": 200
			},
			"9": {
				"id": 204002,
				"level": 9,
				"lvLimit": 80,
				"costNum": 3,
				"atk": 0,
				"def": 315,
				"hp": 0,
				"type": 5,
				"typeValue1": 10202,
				"typeValue2": 300
			},
			"10": {
				"id": 204002,
				"level": 10,
				"lvLimit": 90,
				"costNum": 3,
				"atk": 0,
				"def": 350,
				"hp": 0,
				"type": 5,
				"typeValue1": 10202,
				"typeValue2": 300
			},
			"11": {
				"id": 204002,
				"level": 11,
				"lvLimit": 100,
				"costNum": 3,
				"atk": 0,
				"def": 385,
				"hp": 0,
				"type": 5,
				"typeValue1": 10202,
				"typeValue2": 300
			},
			"12": {
				"id": 204002,
				"level": 12,
				"lvLimit": 110,
				"costNum": 3,
				"atk": 0,
				"def": 420,
				"hp": 0,
				"type": 5,
				"typeValue1": 10202,
				"typeValue2": 400
			},
			"13": {
				"id": 204002,
				"level": 13,
				"lvLimit": 120,
				"costNum": 3,
				"atk": 0,
				"def": 455,
				"hp": 0,
				"type": 5,
				"typeValue1": 10202,
				"typeValue2": 400
			},
			"14": {
				"id": 204002,
				"level": 14,
				"lvLimit": 130,
				"costNum": 3,
				"atk": 0,
				"def": 490,
				"hp": 0,
				"type": 5,
				"typeValue1": 10202,
				"typeValue2": 400
			},
			"15": {
				"id": 204002,
				"level": 15,
				"lvLimit": 140,
				"costNum": 3,
				"atk": 0,
				"def": 525,
				"hp": 0,
				"type": 5,
				"typeValue1": 10202,
				"typeValue2": 500
			},
			"16": {
				"id": 204002,
				"level": 16,
				"lvLimit": 150,
				"costNum": 3,
				"atk": 0,
				"def": 560,
				"hp": 0,
				"type": 5,
				"typeValue1": 10202,
				"typeValue2": 500
			},
			"17": {
				"id": 204002,
				"level": 17,
				"lvLimit": 160,
				"costNum": 3,
				"atk": 0,
				"def": 595,
				"hp": 0,
				"type": 5,
				"typeValue1": 10202,
				"typeValue2": 500
			},
			"18": {
				"id": 204002,
				"level": 18,
				"lvLimit": 170,
				"costNum": 3,
				"atk": 0,
				"def": 630,
				"hp": 0,
				"type": 5,
				"typeValue1": 10202,
				"typeValue2": 600
			},
			"19": {
				"id": 204002,
				"level": 19,
				"lvLimit": 180,
				"costNum": 3,
				"atk": 0,
				"def": 665,
				"hp": 0,
				"type": 5,
				"typeValue1": 10202,
				"typeValue2": 600
			},
			"20": {
				"id": 204002,
				"level": 20,
				"lvLimit": 190,
				"costNum": 3,
				"atk": 0,
				"def": 700,
				"hp": 0,
				"type": 5,
				"typeValue1": 10202,
				"typeValue2": 600
			},
			"21": {
				"id": 204002,
				"level": 21,
				"lvLimit": 200,
				"costNum": 3,
				"atk": 0,
				"def": 735,
				"hp": 0,
				"type": 5,
				"typeValue1": 10202,
				"typeValue2": 700
			},
			"22": {
				"id": 204002,
				"level": 22,
				"lvLimit": 210,
				"costNum": 3,
				"atk": 0,
				"def": 770,
				"hp": 0,
				"type": 5,
				"typeValue1": 10202,
				"typeValue2": 700
			},
			"23": {
				"id": 204002,
				"level": 23,
				"lvLimit": 220,
				"costNum": 3,
				"atk": 0,
				"def": 805,
				"hp": 0,
				"type": 5,
				"typeValue1": 10202,
				"typeValue2": 700
			},
			"24": {
				"id": 204002,
				"level": 24,
				"lvLimit": 230,
				"costNum": 3,
				"atk": 0,
				"def": 840,
				"hp": 0,
				"type": 5,
				"typeValue1": 10202,
				"typeValue2": 800
			},
			"25": {
				"id": 204002,
				"level": 25,
				"lvLimit": 240,
				"costNum": 3,
				"atk": 0,
				"def": 875,
				"hp": 0,
				"type": 5,
				"typeValue1": 10202,
				"typeValue2": 800
			},
			"26": {
				"id": 204002,
				"level": 26,
				"lvLimit": 250,
				"costNum": 3,
				"atk": 0,
				"def": 910,
				"hp": 0,
				"type": 5,
				"typeValue1": 10202,
				"typeValue2": 800
			},
			"27": {
				"id": 204002,
				"level": 27,
				"lvLimit": 260,
				"costNum": 3,
				"atk": 0,
				"def": 945,
				"hp": 0,
				"type": 5,
				"typeValue1": 10202,
				"typeValue2": 900
			},
			"28": {
				"id": 204002,
				"level": 28,
				"lvLimit": 270,
				"costNum": 3,
				"atk": 0,
				"def": 980,
				"hp": 0,
				"type": 5,
				"typeValue1": 10202,
				"typeValue2": 900
			},
			"29": {
				"id": 204002,
				"level": 29,
				"lvLimit": 280,
				"costNum": 3,
				"atk": 0,
				"def": 1015,
				"hp": 0,
				"type": 5,
				"typeValue1": 10202,
				"typeValue2": 900
			},
			"30": {
				"id": 204002,
				"level": 30,
				"lvLimit": 290,
				"costNum": 3,
				"atk": 0,
				"def": 1050,
				"hp": 0,
				"type": 5,
				"typeValue1": 10202,
				"typeValue2": 1000
			}
		}
	},
	"204003": {
		// 九堂花灯
		"id": 204003,
		"quality": 10,
		"icon": 304,
		"name": {"l10n":"w8x4y0"},//蛟王爷
		"lv": {
			"0": {
				"id": 204003,
				"level": 0,
				"lvLimit": 0,
				"costNum": 1,
				"atk": 0,
				"def": 0,
				"hp": 0,
				"type": 0,
				"typeValue1": 0,
				"typeValue2": 0
			},
			"1": {
				"id": 204003,
				"level": 1,
				"lvLimit": 0,
				"costNum": 1,
				"atk": 0,
				"def": 0,
				"hp": 7000,
				"type": 0,
				"typeValue1": 0,
				"typeValue2": 0
			},
			"2": {
				"id": 204003,
				"level": 2,
				"lvLimit": 10,
				"costNum": 2,
				"atk": 0,
				"def": 0,
				"hp": 14000,
				"type": 0,
				"typeValue1": 0,
				"typeValue2": 0
			},
			"3": {
				"id": 204003,
				"level": 3,
				"lvLimit": 20,
				"costNum": 3,
				"atk": 0,
				"def": 0,
				"hp": 21000,
				"type": 5,
				"typeValue1": 1002,
				"typeValue2": 100
			},
			"4": {
				"id": 204003,
				"level": 4,
				"lvLimit": 30,
				"costNum": 3,
				"atk": 0,
				"def": 0,
				"hp": 28000,
				"type": 5,
				"typeValue1": 1002,
				"typeValue2": 100
			},
			"5": {
				"id": 204003,
				"level": 5,
				"lvLimit": 40,
				"costNum": 3,
				"atk": 0,
				"def": 0,
				"hp": 35000,
				"type": 5,
				"typeValue1": 1002,
				"typeValue2": 100
			},
			"6": {
				"id": 204003,
				"level": 6,
				"lvLimit": 50,
				"costNum": 3,
				"atk": 0,
				"def": 0,
				"hp": 42000,
				"type": 5,
				"typeValue1": 1002,
				"typeValue2": 200
			},
			"7": {
				"id": 204003,
				"level": 7,
				"lvLimit": 60,
				"costNum": 3,
				"atk": 0,
				"def": 0,
				"hp": 49000,
				"type": 5,
				"typeValue1": 1002,
				"typeValue2": 200
			},
			"8": {
				"id": 204003,
				"level": 8,
				"lvLimit": 70,
				"costNum": 3,
				"atk": 0,
				"def": 0,
				"hp": 56000,
				"type": 5,
				"typeValue1": 1002,
				"typeValue2": 200
			},
			"9": {
				"id": 204003,
				"level": 9,
				"lvLimit": 80,
				"costNum": 3,
				"atk": 0,
				"def": 0,
				"hp": 63000,
				"type": 5,
				"typeValue1": 1002,
				"typeValue2": 300
			},
			"10": {
				"id": 204003,
				"level": 10,
				"lvLimit": 90,
				"costNum": 3,
				"atk": 0,
				"def": 0,
				"hp": 70000,
				"type": 5,
				"typeValue1": 1002,
				"typeValue2": 300
			},
			"11": {
				"id": 204003,
				"level": 11,
				"lvLimit": 100,
				"costNum": 3,
				"atk": 0,
				"def": 0,
				"hp": 77000,
				"type": 5,
				"typeValue1": 1002,
				"typeValue2": 300
			},
			"12": {
				"id": 204003,
				"level": 12,
				"lvLimit": 110,
				"costNum": 3,
				"atk": 0,
				"def": 0,
				"hp": 84000,
				"type": 5,
				"typeValue1": 1002,
				"typeValue2": 400
			},
			"13": {
				"id": 204003,
				"level": 13,
				"lvLimit": 120,
				"costNum": 3,
				"atk": 0,
				"def": 0,
				"hp": 91000,
				"type": 5,
				"typeValue1": 1002,
				"typeValue2": 400
			},
			"14": {
				"id": 204003,
				"level": 14,
				"lvLimit": 130,
				"costNum": 3,
				"atk": 0,
				"def": 0,
				"hp": 98000,
				"type": 5,
				"typeValue1": 1002,
				"typeValue2": 400
			},
			"15": {
				"id": 204003,
				"level": 15,
				"lvLimit": 140,
				"costNum": 3,
				"atk": 0,
				"def": 0,
				"hp": 105000,
				"type": 5,
				"typeValue1": 1002,
				"typeValue2": 500
			},
			"16": {
				"id": 204003,
				"level": 16,
				"lvLimit": 150,
				"costNum": 3,
				"atk": 0,
				"def": 0,
				"hp": 112000,
				"type": 5,
				"typeValue1": 1002,
				"typeValue2": 500
			},
			"17": {
				"id": 204003,
				"level": 17,
				"lvLimit": 160,
				"costNum": 3,
				"atk": 0,
				"def": 0,
				"hp": 119000,
				"type": 5,
				"typeValue1": 1002,
				"typeValue2": 500
			},
			"18": {
				"id": 204003,
				"level": 18,
				"lvLimit": 170,
				"costNum": 3,
				"atk": 0,
				"def": 0,
				"hp": 126000,
				"type": 5,
				"typeValue1": 1002,
				"typeValue2": 600
			},
			"19": {
				"id": 204003,
				"level": 19,
				"lvLimit": 180,
				"costNum": 3,
				"atk": 0,
				"def": 0,
				"hp": 133000,
				"type": 5,
				"typeValue1": 1002,
				"typeValue2": 600
			},
			"20": {
				"id": 204003,
				"level": 20,
				"lvLimit": 190,
				"costNum": 3,
				"atk": 0,
				"def": 0,
				"hp": 140000,
				"type": 5,
				"typeValue1": 1002,
				"typeValue2": 600
			},
			"21": {
				"id": 204003,
				"level": 21,
				"lvLimit": 200,
				"costNum": 3,
				"atk": 0,
				"def": 0,
				"hp": 147000,
				"type": 5,
				"typeValue1": 1002,
				"typeValue2": 700
			},
			"22": {
				"id": 204003,
				"level": 22,
				"lvLimit": 210,
				"costNum": 3,
				"atk": 0,
				"def": 0,
				"hp": 154000,
				"type": 5,
				"typeValue1": 1002,
				"typeValue2": 700
			},
			"23": {
				"id": 204003,
				"level": 23,
				"lvLimit": 220,
				"costNum": 3,
				"atk": 0,
				"def": 0,
				"hp": 161000,
				"type": 5,
				"typeValue1": 1002,
				"typeValue2": 700
			},
			"24": {
				"id": 204003,
				"level": 24,
				"lvLimit": 230,
				"costNum": 3,
				"atk": 0,
				"def": 0,
				"hp": 168000,
				"type": 5,
				"typeValue1": 1002,
				"typeValue2": 800
			},
			"25": {
				"id": 204003,
				"level": 25,
				"lvLimit": 240,
				"costNum": 3,
				"atk": 0,
				"def": 0,
				"hp": 175000,
				"type": 5,
				"typeValue1": 1002,
				"typeValue2": 800
			},
			"26": {
				"id": 204003,
				"level": 26,
				"lvLimit": 250,
				"costNum": 3,
				"atk": 0,
				"def": 0,
				"hp": 182000,
				"type": 5,
				"typeValue1": 1002,
				"typeValue2": 800
			},
			"27": {
				"id": 204003,
				"level": 27,
				"lvLimit": 260,
				"costNum": 3,
				"atk": 0,
				"def": 0,
				"hp": 189000,
				"type": 5,
				"typeValue1": 1002,
				"typeValue2": 900
			},
			"28": {
				"id": 204003,
				"level": 28,
				"lvLimit": 270,
				"costNum": 3,
				"atk": 0,
				"def": 0,
				"hp": 196000,
				"type": 5,
				"typeValue1": 1002,
				"typeValue2": 900
			},
			"29": {
				"id": 204003,
				"level": 29,
				"lvLimit": 280,
				"costNum": 3,
				"atk": 0,
				"def": 0,
				"hp": 203000,
				"type": 5,
				"typeValue1": 1002,
				"typeValue2": 900
			},
			"30": {
				"id": 204003,
				"level": 30,
				"lvLimit": 290,
				"costNum": 3,
				"atk": 0,
				"def": 0,
				"hp": 210000,
				"type": 5,
				"typeValue1": 1002,
				"typeValue2": 1000
			}
		}
	}
}