{
	//供品.id 组合ID
	//供品.name 名称
	//供品.costName 消耗名词
	//供品.more 组合需要的奇珍
	//more.id 组合ID
	//more.bootyId 神像id
	//"salt": "fc617a10445149143894dd9b5e07b6a0"
	"1": {
		"id": 1,
		"name": {"l10n":"2a02cp"},//五家仙
		"costName": {"l10n":"-1sjjyk"},//果品
		"more": [
			{
				// 三堂供果
				"id": 1,
				"bootyId": 201001
			},
			{
				// 五堂供果
				"id": 1,
				"bootyId": 202001
			},
			{
				// 七堂供果
				"id": 1,
				"bootyId": 203001
			},
			{
				// 九堂供果
				"id": 1,
				"bootyId": 204001
			}
		]
	},
	"2": {
		"id": 2,
		"name": {"l10n":"-naycsf"},//森罗殿
		"costName": {"l10n":"-7z39no"},//黄纸
		"more": [
			{
				// 三堂黄纸
				"id": 2,
				"bootyId": 201002
			},
			{
				// 五堂黄纸
				"id": 2,
				"bootyId": 202002
			},
			{
				// 七堂黄纸
				"id": 2,
				"bootyId": 203002
			},
			{
				// 九堂黄纸
				"id": 2,
				"bootyId": 204002
			}
		]
	},
	"3": {
		"id": 3,
		"name": {"l10n":"-9l3usx"},//水晶宫
		"costName": {"l10n":"-9gfdo1"},//花灯
		"more": [
			{
				// 三堂花灯
				"id": 3,
				"bootyId": 201003
			},
			{
				// 五堂花灯
				"id": 3,
				"bootyId": 202003
			},
			{
				// 七堂花灯
				"id": 3,
				"bootyId": 203003
			},
			{
				// 九堂花灯
				"id": 3,
				"bootyId": 204003
			}
		]
	}
}