{
	//goto.id 引导id
	//goto.steps 步骤数组
	//step.stepId 步骤id
	//step.id gotoId
	//step.key 操作类型：click(点击)、tab(页签)、toggle（选择框）、delay(延迟毫秒)、plot(播放剧情)、on(监听事件)、custom（自定义逻辑）
	//step.value 操作值
	//step.gotoType 跳转类型(具有特殊含义)：1地图、2打怪、3修炼波次boss、4自动战斗
	//"salt": "26b09a46def837bd0b696c631a02c270"
	"100000": {
		// 地图选择界面-地图选择按钮
		"id": 100000,
		"steps": [
			{
				// value需要拼接地图id
				"stepId": 1,
				"id": 100000,
				"key": "click",
				"value": "btn_mapScene",
				"gotoType": 1
			}
		]
	},
	"200000": {
		// 表示下个goto是在多人战斗场景里面
		"id": 200000,
		"steps": [

		]
	},
	"101": {
		// 主界面-元神tab
		"id": 101,
		"steps": [
			{
				"stepId": 1,
				"id": 101,
				"key": "tab",
				"value": "tab_gong",
				"gotoType": 0
			}
		]
	},
	"102": {
		// 主界面-装备tab
		"id": 102,
		"steps": [
			{
				"stepId": 1,
				"id": 102,
				"key": "tab",
				"value": "tab_equip",
				"gotoType": 0
			}
		]
	},
	"103": {
		// 主界面-法宝tab
		"id": 103,
		"steps": [
			{
				"stepId": 1,
				"id": 103,
				"key": "tab",
				"value": "tab_weapon",
				"gotoType": 0
			}
		]
	},
	"104": {
		// 主界面-修炼tab
		"id": 104,
		"steps": [
			{
				"stepId": 1,
				"id": 104,
				"key": "tab",
				"value": "tab_practice",
				"gotoType": 0
			}
		]
	},
	"105": {
		// 主界面-历练tab
		"id": 105,
		"steps": [
			{
				"stepId": 1,
				"id": 105,
				"key": "tab",
				"value": "tab_mission",
				"gotoType": 0
			}
		]
	},
	"106": {
		// 主界面-山头tab
		"id": 106,
		"steps": [
			{
				"stepId": 1,
				"id": 106,
				"key": "tab",
				"value": "tab_guild",
				"gotoType": 0
			}
		]
	},
	"107": {
		// 主界面-主线任务按钮
		"id": 107,
		"steps": [
			{
				"stepId": 1,
				"id": 107,
				"key": "click",
				"value": "btn_mainTask",
				"gotoType": 0
			}
		]
	},
	"108": {
		// 主界面-单人修炼战斗小人
		"id": 108,
		"steps": [
			{
				"stepId": 1,
				"id": 108,
				"key": "click",
				"value": "btn_practiceFightRole",
				"gotoType": 0
			}
		]
	},
	"109": {
		// 主界面-单人修炼Npc
		"id": 109,
		"steps": [
			{
				"stepId": 1,
				"id": 109,
				"key": "click",
				"value": "btn_bossFight",
				"gotoType": 0
			}
		]
	},
	"110": {
		// 主界面-聊天框
		"id": 110,
		"steps": [
			{
				"stepId": 1,
				"id": 110,
				"key": "click",
				"value": "btn_chatBar",
				"gotoType": 0
			}
		]
	},
	"112": {
		// 单人修炼切换按钮
		"id": 112,
		"steps": [
			{
				"stepId": 1,
				"id": 112,
				"key": "click",
				"value": "btn_switchPvp",
				"gotoType": 0
			}
		]
	},
	"113": {
		// 主界面-快捷功能栏
		"id": 113,
		"steps": [
			{
				"stepId": 1,
				"id": 113,
				"key": "click",
				"value": "btn_funcEnterBar",
				"gotoType": 0
			}
		]
	},
	"114": {
		// 快捷功能栏-背包
		"id": 114,
		"steps": [
			{
				"stepId": 1,
				"id": 114,
				"key": "click",
				"value": "btn_bag",
				"gotoType": 0
			}
		]
	},
	"115": {
		// 快捷功能栏-论道台
		"id": 115,
		"steps": [
			{
				"stepId": 1,
				"id": 115,
				"key": "click",
				"value": "btn_arena",
				"gotoType": 0
			}
		]
	},
	"116": {
		// 主界面-充值豪礼入口
		"id": 116,
		"steps": [
			{
				"stepId": 1,
				"id": 116,
				"key": "click",
				"value": "btn_recharge",
				"gotoType": 0
			}
		]
	},
	"117": {
		// 快捷功能栏-排行榜
		"id": 117,
		"steps": [
			{
				"stepId": 1,
				"id": 117,
				"key": "click",
				"value": "btn_rank",
				"gotoType": 0
			}
		]
	},
	"118": {
		// 快捷功能栏-成就
		"id": 118,
		"steps": [
			{
				"stepId": 1,
				"id": 118,
				"key": "click",
				"value": "btn_achieve",
				"gotoType": 0
			}
		]
	},
	"119": {
		// 快捷功能栏-商店
		"id": 119,
		"steps": [
			{
				"stepId": 1,
				"id": 119,
				"key": "click",
				"value": "btn_shop",
				"gotoType": 0
			}
		]
	},
	"120": {
		// 快捷功能栏-任务
		"id": 120,
		"steps": [
			{
				"stepId": 1,
				"id": 120,
				"key": "click",
				"value": "btn_dailyTask",
				"gotoType": 0
			}
		]
	},
	"121": {
		// 快捷功能栏-炼器
		"id": 121,
		"steps": [
			{
				"stepId": 1,
				"id": 121,
				"key": "click",
				"value": "btn_equipDraw",
				"gotoType": 0
			}
		]
	},
	"122": {
		// 主界面-单人修炼头像
		"id": 122,
		"steps": [
			{
				"stepId": 1,
				"id": 122,
				"key": "click",
				"value": "bth_practiceHead",
				"gotoType": 0
			}
		]
	},
	"123": {
		// 主界面-地图切换按钮
		"id": 123,
		"steps": [
			{
				"stepId": 1,
				"id": 123,
				"key": "click",
				"value": "btn_map",
				"gotoType": 0
			}
		]
	},
	"124": {
		// 精力资源条
		"id": 124,
		"steps": [
			{
				"stepId": 1,
				"id": 124,
				"key": "click",
				"value": "btn_propLabel1003",
				"gotoType": 0
			}
		]
	},
	"125": {
		// 仙玉资源条
		"id": 125,
		"steps": [
			{
				"stepId": 1,
				"id": 125,
				"key": "click",
				"value": "btn_propLabel1001",
				"gotoType": 0
			}
		]
	},
	"126": {
		// 挂机主界面-领奖按钮
		"id": 126,
		"steps": [
			{
				"stepId": 1,
				"id": 126,
				"key": "click",
				"value": "btn_awards",
				"gotoType": 0
			}
		]
	},
	"127": {
		// 挂机主界面-快速挂机按钮
		"id": 127,
		"steps": [
			{
				"stepId": 1,
				"id": 127,
				"key": "click",
				"value": "btn_quickAward",
				"gotoType": 0
			}
		]
	},
	"128": {
		// 历练主界面-夔牛历练入口
		"id": 128,
		"steps": [
			{
				"stepId": 1,
				"id": 128,
				"key": "click",
				"value": "btn_enterMission5",
				"gotoType": 0
			}
		]
	},
	"129": {
		// 山头主界面-护山妖兽入口
		"id": 129,
		"steps": [
			{
				"stepId": 1,
				"id": 129,
				"key": "click",
				"value": "btn_practice",
				"gotoType": 0
			}
		]
	},
	"130": {
		// 山头主界面-山头捐纳入口
		"id": 130,
		"steps": [
			{
				"stepId": 1,
				"id": 130,
				"key": "click",
				"value": "btn_donate",
				"gotoType": 0
			}
		]
	},
	"131": {
		// 精力购买界面-观看广告按钮
		"id": 131,
		"steps": [
			{
				"stepId": 1,
				"id": 131,
				"key": "click",
				"value": "btn_buyPowerByad",
				"gotoType": 0
			}
		]
	},
	"133": {
		// 小月卡主界面-小月卡购买按钮
		"id": 133,
		"steps": [
			{
				"stepId": 1,
				"id": 133,
				"key": "click",
				"value": "btn_buysmallMonth",
				"gotoType": 0
			}
		]
	},
	"134": {
		// 大月卡主界面-大月卡购买按钮
		"id": 134,
		"steps": [
			{
				"stepId": 1,
				"id": 134,
				"key": "click",
				"value": "btn_buymonth",
				"gotoType": 0
			}
		]
	},
	"135": {
		// 小月卡主界面-小月卡领取按钮
		"id": 135,
		"steps": [
			{
				"stepId": 1,
				"id": 135,
				"key": "click",
				"value": "btn_getsmallMonth",
				"gotoType": 0
			}
		]
	},
	"136": {
		// 大月卡主界面-大月卡领取按钮
		"id": 136,
		"steps": [
			{
				"stepId": 1,
				"id": 136,
				"key": "click",
				"value": "btn_getmonth",
				"gotoType": 0
			}
		]
	},
	"137": {
		// 精力购买界面-仙玉购买精力按钮
		"id": 137,
		"steps": [
			{
				"stepId": 1,
				"id": 137,
				"key": "click",
				"value": "btn_buyPowerBygc",
				"gotoType": 0
			}
		]
	},
	"138": {
		// 主界面-任意一个掉落的宝箱(优先选品质高的)
		"id": 138,
		"steps": [
			{
				"stepId": 1,
				"id": 138,
				"key": "click",
				"value": "btn_fightBox",
				"gotoType": 0
			}
		]
	},
	"139": {
		// 装备主界面-第一个装备格子
		"id": 139,
		"steps": [
			{
				"stepId": 1,
				"id": 139,
				"key": "click",
				"value": "btn_equipItem0",
				"gotoType": 0
			}
		]
	},
	"140": {
		// 个人信息界面-力量属性点添加按钮
		"id": 140,
		"steps": [
			{
				"stepId": 1,
				"id": 140,
				"key": "click",
				"value": "btn_addstrength",
				"gotoType": 0
			}
		]
	},
	"141": {
		// 主界面-挂机领奖按钮
		"id": 141,
		"steps": [
			{
				"stepId": 1,
				"id": 141,
				"key": "click",
				"value": "btn_offlineNpc",
				"gotoType": 0
			}
		]
	},
	"142": {
		// 协助npc主界面-升级tab
		"id": 142,
		"steps": [
			{
				"stepId": 1,
				"id": 142,
				"key": "tab",
				"value": "tab_lvUp",
				"gotoType": 0
			}
		]
	},
	"143": {
		// 协助npc主界面-升级tab-升级按钮
		"id": 143,
		"steps": [
			{
				"stepId": 1,
				"id": 143,
				"key": "click",
				"value": "btn_sterioursManLvUp",
				"gotoType": 0
			}
		]
	},
	"150": {
		// 元神主界面-元神tab
		"id": 150,
		"steps": [
			{
				"stepId": 1,
				"id": 150,
				"key": "tab",
				"value": "tab_gongTab",
				"gotoType": 0
			}
		]
	},
	"151": {
		// 元神主界面-元神tab-升级元神按钮
		"id": 151,
		"steps": [
			{
				"stepId": 1,
				"id": 151,
				"key": "click",
				"value": "btn_gongUpgrade",
				"gotoType": 0
			}
		]
	},
	"152": {
		// 法宝主界面-法宝tab
		"id": 152,
		"steps": [
			{
				"stepId": 1,
				"id": 152,
				"key": "tab",
				"value": "tab_weaponTab",
				"gotoType": 0
			}
		]
	},
	"153": {
		// 法宝主界面-法宝tab-升级法宝按钮
		"id": 153,
		"steps": [
			{
				"stepId": 1,
				"id": 153,
				"key": "click",
				"value": "btn_weaponStrength",
				"gotoType": 0
			}
		]
	},
	"154": {
		// 协助npc主界面-斩心魔tab
		"id": 154,
		"steps": [
			{
				"stepId": 1,
				"id": 154,
				"key": "tab",
				"value": "tab_bossFight",
				"gotoType": 0
			}
		]
	},
	"155": {
		// 协助npc主界面-斩心魔界面-挑战按钮
		"id": 155,
		"steps": [
			{
				"stepId": 1,
				"id": 155,
				"key": "click",
				"value": "btn_demonFight",
				"gotoType": 0
			}
		]
	},
	"156": {
		// 法宝主界面-法宝tab-第一个器灵按钮
		"id": 156,
		"steps": [
			{
				"stepId": 1,
				"id": 156,
				"key": "click",
				"value": "btn_soulItem0",
				"gotoType": 0
			}
		]
	},
	"157": {
		// 器灵炼化界面-器灵炼化按钮
		"id": 157,
		"steps": [
			{
				"stepId": 1,
				"id": 157,
				"key": "click",
				"value": "btn_refininfg",
				"gotoType": 0
			}
		]
	},
	"158": {
		// 历练主界面-装备历练入口
		"id": 158,
		"steps": [
			{
				"stepId": 1,
				"id": 158,
				"key": "click",
				"value": "btn_enterMission1",
				"gotoType": 0
			}
		]
	},
	"159": {
		// 装备主界面-装备tab
		"id": 159,
		"steps": [
			{
				"stepId": 1,
				"id": 159,
				"key": "tab",
				"value": "tab_equipTab",
				"gotoType": 0
			}
		]
	},
	"160": {
		// 装备主界面-装备tab-装备栏的头盔按钮
		"id": 160,
		"steps": [
			{
				"stepId": 1,
				"id": 160,
				"key": "click",
				"value": "btn_equipSlot1",
				"gotoType": 0
			}
		]
	},
	"161": {
		// 装备详情界面-镌刻按钮
		"id": 161,
		"steps": [
			{
				"stepId": 1,
				"id": 161,
				"key": "click",
				"value": "btn_decorate",
				"gotoType": 0
			}
		]
	},
	"162": {
		// 宝石镌刻界面-镌刻按钮
		"id": 162,
		"steps": [
			{
				"stepId": 1,
				"id": 162,
				"key": "click",
				"value": "btn_decorate",
				"gotoType": 0
			}
		]
	},
	"163": {
		// 历练主界面-法宝历练入口
		"id": 163,
		"steps": [
			{
				"stepId": 1,
				"id": 163,
				"key": "click",
				"value": "btn_enterMission3",
				"gotoType": 0
			}
		]
	},
	"164": {
		// 历练主界面-元神历练入口
		"id": 164,
		"steps": [
			{
				"stepId": 1,
				"id": 164,
				"key": "click",
				"value": "btn_enterMission2",
				"gotoType": 0
			}
		]
	},
	"165": {
		// 元神主界面-供奉tab
		"id": 165,
		"steps": [
			{
				"stepId": 1,
				"id": 165,
				"key": "tab",
				"value": "tab_bootyTab",
				"gotoType": 0
			}
		]
	},
	"166": {
		// 快捷功能栏-福利
		"id": 166,
		"steps": [
			{
				"stepId": 1,
				"id": 166,
				"key": "click",
				"value": "btn_fuli",
				"gotoType": 0
			}
		]
	},
	"167": {
		// 多人修炼地图-左数第一只怪
		"id": 167,
		"steps": [
			{
				"stepId": 1,
				"id": 167,
				"key": "on",
				"value": "showWidget|Fight",
				"gotoType": 0
			},
			{
				"stepId": 2,
				"id": 167,
				"key": "custom",
				"value": "on|setFirstLiveMonster",
				"gotoType": 0
			},
			{
				"stepId": 3,
				"id": 167,
				"key": "custom",
				"value": "findGuideName",
				"gotoType": 0
			},
			{
				"stepId": 4,
				"id": 167,
				"key": "custom",
				"value": "on|setFirstLiveMonster",
				"gotoType": 0
			},
			{
				"stepId": 5,
				"id": 167,
				"key": "custom",
				"value": "findGuideName",
				"gotoType": 0
			},
			{
				// value需要拼接小怪id
				"stepId": 6,
				"id": 167,
				"key": "click",
				"value": "btn_firstMonster",
				"gotoType": 2
			}
		]
	},
	"168": {
		// 多人修炼战斗场景-返回按钮
		"id": 168,
		"steps": [
			{
				"stepId": 1,
				"id": 168,
				"key": "click",
				"value": "btn_fightBack",
				"gotoType": 0
			}
		]
	},
	"169": {
		// 多人修炼切换按钮
		"id": 169,
		"steps": [
			{
				"stepId": 1,
				"id": 169,
				"key": "click",
				"value": "btn_switchPve",
				"gotoType": 0
			}
		]
	},
	"170": {
		// 地图界面-切换单人地图按钮
		"id": 170,
		"steps": [
			{
				"stepId": 1,
				"id": 170,
				"key": "click",
				"value": "btn_switchPveMap",
				"gotoType": 0
			}
		]
	},
	"171": {
		// 地图界面-切换多人地图按钮
		"id": 171,
		"steps": [
			{
				"stepId": 1,
				"id": 171,
				"key": "click",
				"value": "btn_switchPvpMap",
				"gotoType": 0
			}
		]
	},
	"172": {
		// 单人修炼-波次BOSS挑战按钮
		"id": 172,
		"steps": [
			{
				// 需要判断当前无法引导点击波次boss挑战按钮时，改成引导点击屏幕174
				"stepId": 1,
				"id": 172,
				"key": "click",
				"value": "btn_bossProgressHead",
				"gotoType": 3
			}
		]
	},
	"173": {
		// 底部聊天栏-返回战场/修炼按钮
		"id": 173,
		"steps": [
			{
				"stepId": 1,
				"id": 173,
				"key": "click",
				"value": "btn_chatBack",
				"gotoType": 0
			}
		]
	},
	"174": {
		// 单人修炼主界面-点击屏幕
		"id": 174,
		"steps": [
			{
				"stepId": 1,
				"id": 174,
				"key": "click",
				"value": "btn_practiceClickAreaFight",
				"gotoType": 0
			}
		]
	},
	"176": {
		// 个人信息界面-境界tab
		"id": 176,
		"steps": [
			{
				"stepId": 1,
				"id": 176,
				"key": "tab",
				"value": "tab_playerRealm",
				"gotoType": 0
			}
		]
	},
	"177": {
		// 个人信息界面-境界界面-境界突破按钮
		"id": 177,
		"steps": [
			{
				"stepId": 1,
				"id": 177,
				"key": "click",
				"value": "btn_realmBreak",
				"gotoType": 0
			}
		]
	},
	"178": {
		// 战斗场景-地图入口
		"id": 178,
		"steps": [
			{
				"stepId": 1,
				"id": 178,
				"key": "click",
				"value": "btn_mapFight",
				"gotoType": 0
			}
		]
	},
	"179": {
		// 排行榜主界面-个人榜banner
		"id": 179,
		"steps": [
			{
				"stepId": 1,
				"id": 179,
				"key": "click",
				"value": "btn_rankPrefaceItem1",
				"gotoType": 0
			}
		]
	},
	"180": {
		// 排行榜主界面-装备榜banner
		"id": 180,
		"steps": [
			{
				"stepId": 1,
				"id": 180,
				"key": "click",
				"value": "btn_rankPrefaceItem2",
				"gotoType": 0
			}
		]
	},
	"181": {
		// 排行榜主界面-山头榜banner
		"id": 181,
		"steps": [
			{
				"stepId": 1,
				"id": 181,
				"key": "click",
				"value": "btn_rankPrefaceItem3",
				"gotoType": 0
			}
		]
	},
	"182": {
		// 排行榜主界面-副本榜banner
		"id": 182,
		"steps": [
			{
				"stepId": 1,
				"id": 182,
				"key": "click",
				"value": "btn_rankPrefaceItem4",
				"gotoType": 0
			}
		]
	},
	"183": {
		// 充值豪礼主界面-月卡前往按钮
		"id": 183,
		"steps": [
			{
				"stepId": 1,
				"id": 183,
				"key": "click",
				"value": "btn_rechargeListItem50",
				"gotoType": 0
			}
		]
	},
	"184": {
		// 充值豪礼主界面-高级月卡前往按钮
		"id": 184,
		"steps": [
			{
				"stepId": 1,
				"id": 184,
				"key": "click",
				"value": "btn_rechargeListItem51",
				"gotoType": 0
			}
		]
	},
	"185": {
		// 单人修炼主界面-首充礼包入口
		"id": 185,
		"steps": [
			{
				"stepId": 1,
				"id": 185,
				"key": "click",
				"value": "btn_firstrecharge",
				"gotoType": 0
			}
		]
	},
	"186": {
		// 单人修炼主界面-运营活动入口
		"id": 186,
		"steps": [
			{
				"stepId": 1,
				"id": 186,
				"key": "click",
				"value": "btn_enterOps",
				"gotoType": 0
			}
		]
	},
	"187": {
		// 个人信息界面-信息tab
		"id": 187,
		"steps": [
			{
				"stepId": 1,
				"id": 187,
				"key": "tab",
				"value": "tab_playerInfo",
				"gotoType": 0
			}
		]
	},
	"188": {
		// 个人信息界面-装扮tab
		"id": 188,
		"steps": [
			{
				"stepId": 1,
				"id": 188,
				"key": "tab",
				"value": "tab_playerDressup",
				"gotoType": 0
			}
		]
	},
	"189": {
		// 素萝界面素萝页签-培养子页签
		"id": 189,
		"steps": [
			{
				"stepId": 1,
				"id": 189,
				"key": "tab",
				"value": "tab_steriousTrainTab",
				"gotoType": 0
			}
		]
	},
	"190": {
		// 素萝界面素萝页签-助攻子页签
		"id": 190,
		"steps": [
			{
				"stepId": 1,
				"id": 190,
				"key": "tab",
				"value": "tab_steriousAssistTab",
				"gotoType": 0
			}
		]
	},
	"191": {
		// 素萝界面素萝页签-皮肤子页签
		"id": 191,
		"steps": [
			{
				"stepId": 1,
				"id": 191,
				"key": "tab",
				"value": "tab_steriousSkinTab",
				"gotoType": 0
			}
		]
	},
	"192": {
		// 单人修炼界面-传送门
		"id": 192,
		"steps": [
			{
				"stepId": 1,
				"id": 192,
				"key": "click",
				"value": "btn_practiceDoor",
				"gotoType": 0
			}
		]
	},
	"193": {
		// 战斗界面-自动攻击按钮
		"id": 193,
		"steps": [
			{
				"stepId": 1,
				"id": 193,
				"key": "click",
				"value": "btn_autoFight",
				"gotoType": 4
			}
		]
	},
	"194": {
		// 战斗界面-邀请按钮
		"id": 194,
		"steps": [
			{
				"stepId": 1,
				"id": 194,
				"key": "click",
				"value": "btn_inviteFight",
				"gotoType": 0
			}
		]
	},
	"195": {
		// 战斗界面-丹药按钮
		"id": 195,
		"steps": [
			{
				"stepId": 1,
				"id": 195,
				"key": "click",
				"value": "btn_drugSwitchFight",
				"gotoType": 0
			}
		]
	},
	"196": {
		// 论道台主界面-挑战Tab
		"id": 196,
		"steps": [
			{
				"stepId": 1,
				"id": 196,
				"key": "tab",
				"value": "tab_arenaChallenge",
				"gotoType": 0
			}
		]
	},
	"197": {
		// 论道台挑战界面-左边第一个挑战按钮
		"id": 197,
		"steps": [
			{
				"stepId": 1,
				"id": 197,
				"key": "click",
				"value": "btn_challange1",
				"gotoType": 0
			}
		]
	},
	"198": {
		// 装备熔炼界面-熔炼按钮
		"id": 198,
		"steps": [
			{
				"stepId": 1,
				"id": 198,
				"key": "click",
				"value": "btn_smelt",
				"gotoType": 0
			}
		]
	},
	"199": {
		// 功法界面-第1个妖术item
		"id": 199,
		"steps": [
			{
				"stepId": 1,
				"id": 199,
				"key": "click",
				"value": "btn_sorceryItem0",
				"gotoType": 0
			}
		]
	},
	"200": {
		// 功法界面-第2个妖术item
		"id": 200,
		"steps": [
			{
				"stepId": 1,
				"id": 200,
				"key": "click",
				"value": "btn_sorceryItem1",
				"gotoType": 0
			}
		]
	},
	"201": {
		// 功法界面-第3个妖术item
		"id": 201,
		"steps": [
			{
				"stepId": 1,
				"id": 201,
				"key": "click",
				"value": "btn_sorceryItem2",
				"gotoType": 0
			}
		]
	},
	"202": {
		// 妖术升级界面-升级按钮
		"id": 202,
		"steps": [
			{
				"stepId": 1,
				"id": 202,
				"key": "click",
				"value": "btn_upgradeSorcery",
				"gotoType": 0
			}
		]
	},
	"203": {
		// 单人修炼界面-战天兵入口按钮
		"id": 203,
		"steps": [
			{
				"stepId": 1,
				"id": 203,
				"key": "click",
				"value": "btn_godsSoldierEnter",
				"gotoType": 0
			}
		]
	},
	"204": {
		// 天兵界面-应战按钮
		"id": 204,
		"steps": [
			{
				"stepId": 1,
				"id": 204,
				"key": "click",
				"value": "btn_godsSoldierFight",
				"gotoType": 0
			}
		]
	}
}