{
	//功能引导.id 引导id
	//功能引导.sort 排序值
	//功能引导.guideName 引导名
	//功能引导.pauseFight 暂停个人修炼战斗（1:暂停）
	//功能引导.steps 步骤数组
	//功能引导.disable 禁用:空是默认启用，1是禁用
	//steps.stepId 步骤id
	//steps.id 引导Id
	//steps.key 操作类型：trigger(触发)、click(点击)、delay(延迟毫秒)、save(保存）、 plot(播放剧情)、on(监听事件)、custom（自定义逻辑）、background(全屏引导图,0：透明图)
	//steps.value 操作值
	//steps.tipStyle 提示样式(1:带NPC固定气泡宽高提示2：带NPC气泡自适应提示 3：不带NPC气泡固定宽高提示)
	//steps.tipPos 提示文本位置(0:居中 1：左上 2：中上 3：右上 4：左下 5：中下 6：右下)
	//steps.tipRole 提示形象(填写npc表里面的id)
	//steps.tip 提示文本
	//steps.soundType 音效类型
	//steps.sound 音效Id
	//steps.repeatCount 重复本操作次数：默认(不重复）
	//steps.hideFinger 隐藏手指:(默认不隐藏、1:隐藏)
	//steps.hideMask 隐藏遮罩(默认不隐藏、1:隐藏)
	//steps.select 选择框GuideName
	//steps.weakGuide 弱引导：默认(强制引导)
	//steps.trackId 埋点id:有配置就会埋点，用于数数统计
	//"salt": "d48e536df1169547f23c1e75d6d98610"
	"10100": {
		// 开场引导
		"id": 10100,
		"sort": 10100,
		"guideName": "guide_openStory",
		"steps": [
			{
				"stepId": 1,
				"id": 10100,
				"key": "trigger",
				"value": "userLv_1&widget_Practice"
			},
			{
				"stepId": 2,
				"id": 10100,
				"key": "custom",
				"value": "on|practiceCreateMonster"
			},
			{
				"stepId": 3,
				"id": 10100,
				"key": "custom",
				"value": "pauseFight|1"
			},
			{
				"stepId": 4,
				"id": 10100,
				"key": "background",
				"value": "0",
				"tipStyle": 1,
				"tipPos": 0,
				"tip": {"l10n":"-oxczbf"}//此处是万灵宝录内的幻界，乃是九州大陆的镜像
			},
			{
				"stepId": 5,
				"id": 10100,
				"key": "background",
				"value": "0",
				"tipStyle": 1,
				"tipPos": 0,
				"tip": {"l10n":"-6h9rmz"},//万灵宝录曾在天地大战中遭受邪气侵蚀，所以九州众生的镜像也因此化为邪灵
				"select": "select_practiceFightRole"
			},
			{
				"stepId": 6,
				"id": 10100,
				"key": "background",
				"value": "0",
				"tipStyle": 1,
				"tipPos": 0,
				"tip": {"l10n":"-7c0wlx"},//你可以击败这些邪灵来提升修为
				"select": "select_fightRole"
			},
			{
				"stepId": 7,
				"id": 10100,
				"key": "background",
				"value": "0",
				"tipStyle": 1,
				"tipPos": 0,
				"tip": {"l10n":"sd5noi"},//本器灵会在此陪你并肩作战，有我辅助，你的修炼可以事半功倍
				"select": "select_fightBoss"
			},
			{
				"stepId": 8,
				"id": 10100,
				"key": "save",
				"value": "10100"
			},
			{
				"stepId": 10,
				"id": 10100,
				"key": "background",
				"value": "0",
				"tipStyle": 1,
				"tipPos": 0,
				"tip": {"l10n":"5oxrbp"}//你可以先攻击它们，试试修炼效果
			},
			{
				"stepId": 11,
				"id": 10100,
				"key": "custom",
				"value": "pauseFight|0"
			},
			{
				"stepId": 12,
				"id": 10100,
				"key": "click",
				"value": "btn_practiceBg"
			}
		]
	},
	"10200": {
		// 领取主线奖励
		"id": 10200,
		"sort": 10200,
		"guideName": "guide_mainTask",
		"pauseFight": 1,
		"steps": [
			{
				"stepId": 1,
				"id": 10200,
				"key": "trigger",
				"value": "mainTask_24_99&widget_Practice"
			},
			{
				"stepId": 2,
				"id": 10200,
				"key": "save",
				"value": "10200"
			},
			{
				"stepId": 3,
				"id": 10200,
				"key": "background",
				"value": "0",
				"tipStyle": 1,
				"tipPos": 0,
				"tip": {"l10n":"-3jw04y"}//你的修为等级提升后，可获得妖丹
			},
			{
				"stepId": 4,
				"id": 10200,
				"key": "click",
				"value": "bth_practiceHead",
				"tipStyle": 1,
				"tipPos": 4,
				"tip": {"l10n":"-dzzr7v"}//你修炼中的信息可在此一览无余
			},
			{
				"stepId": 5,
				"id": 10200,
				"key": "custom",
				"value": "emit|upload_practice",
				"hideMask": 1
			},
			{
				"stepId": 6,
				"id": 10200,
				"key": "custom",
				"value": "on|upload_practice_suc",
				"hideMask": 1
			},
			{
				"stepId": 7,
				"id": 10200,
				"key": "on",
				"value": "showWidget|Player"
			},
			{
				"stepId": 8,
				"id": 10200,
				"key": "background",
				"value": "0",
				"tipStyle": 1,
				"tipPos": 1,
				"tip": {"l10n":"-7nash4"},//妖丹为妖族妖气所凝聚之精华，可提升自身天赋，十分珍惜，切勿浪费
				"select": "select_playerAttrPoint"
			},
			{
				"stepId": 9,
				"id": 10200,
				"key": "background",
				"value": "0",
				"tipStyle": 1,
				"tipPos": 1,
				"tip": {"l10n":"118k8d"},//妖丹提升力量可以增加攻击力
				"select": "select_playerStrength"
			},
			{
				"stepId": 10,
				"id": 10200,
				"key": "background",
				"value": "0",
				"tipStyle": 1,
				"tipPos": 1,
				"tip": {"l10n":"3xy590"},//妖丹提升耐力可以增加防御
				"select": "select_playerEndurance"
			},
			{
				"stepId": 11,
				"id": 10200,
				"key": "background",
				"value": "0",
				"tipStyle": 1,
				"tipPos": 1,
				"tip": {"l10n":"ch8l4l"},//妖丹提升体力可以增加血量
				"select": "select_playerConstitution"
			},
			{
				"stepId": 12,
				"id": 10200,
				"key": "click",
				"value": "btn_recommandAdd",
				"tipStyle": 1,
				"tipPos": 1,
				"tip": {"l10n":"-sisnua"}//你可以先用几颗妖丹试试提升效果
			},
			{
				"stepId": 13,
				"id": 10200,
				"key": "click",
				"value": "btn_sure",
				"tipStyle": 1,
				"tipPos": 1
			},
			{
				"stepId": 14,
				"id": 10200,
				"key": "click",
				"value": "btn_close",
				"tipStyle": 1,
				"tipPos": 0,
				"tip": {"l10n":"-s092ao"}//不错，有妖丹之力加持，你的修为又精进不少，继续修炼吧
			}
		],
		"disable": 1
	},
	"10300": {
		// 装备引导
		"id": 10300,
		"sort": 10300,
		"guideName": "guide_equip",
		"pauseFight": 1,
		"steps": [
			{
				"stepId": 1,
				"id": 10300,
				"key": "trigger",
				"value": "practiceAwdInfo_1&widget_Practice"
			},
			{
				"stepId": 2,
				"id": 10300,
				"key": "click",
				"value": "btn_fightBox",
				"tipStyle": 2,
				"tipPos": 1,
				"tip": {"l10n":"bt8rig"}//哦？这妖怪竟然还带着一只宝箱？快打开看看里面是什么？
			},
			{
				"stepId": 3,
				"id": 10300,
				"key": "save",
				"value": "10300"
			},
			{
				"stepId": 4,
				"id": 10300,
				"key": "delay",
				"value": "800",
				"hideMask": 1
			},
			{
				"stepId": 5,
				"id": 10300,
				"key": "on",
				"value": "removeWidget|GetProp",
				"hideMask": 1
			},
			{
				"stepId": 6,
				"id": 10300,
				"key": "tab",
				"value": "tab_equip",
				"tipStyle": 2,
				"tipPos": 1,
				"tip": {"l10n":"627j4v"}//从这里能阅览你身上的装备，是强是弱，一目了然
			},
			{
				"stepId": 7,
				"id": 10300,
				"key": "tab",
				"value": "tab_equipTab"
			},
			{
				"stepId": 9,
				"id": 10300,
				"key": "click",
				"value": "btn_equipItem0",
				"tipStyle": 2,
				"tipPos": 1,
				"tip": {"l10n":"ubymj9"}//让我们仔细看看这件装备吧
			},
			{
				"stepId": 10,
				"id": 10300,
				"key": "click",
				"value": "btn_wearEquip",
				"tipStyle": 2,
				"tipPos": 6,
				"tip": {"l10n":"xlbfnh"}//来，穿上这件装备给我看看，我倒是对强弱无所谓，就想看看你穿上好不好看
			},
			{
				"stepId": 11,
				"id": 10300,
				"key": "tab",
				"value": "tab_practice",
				"tipStyle": 2,
				"tipPos": 1,
				"tip": {"l10n":"-umrdtv"}//不错不错，比之前妖兽的样子要威风一些了，想必寻常妖兽也不敢与你为敌了呢
			}
		]
	},
	"10401": {
		// 功法引导-战斗场景
		"id": 10401,
		"sort": 10401,
		"guideName": "guide_gong_fight",
		"steps": [
			{
				"stepId": 1,
				"id": 10401,
				"key": "trigger",
				"value": "system_3&widget_Fight"
			},
			{
				"stepId": 2,
				"id": 10401,
				"key": "save",
				"value": "10401"
			},
			{
				"stepId": 3,
				"id": 10401,
				"key": "custom",
				"value": "systemUnlock|3",
				"hideMask": 1
			},
			{
				"stepId": 4,
				"id": 10401,
				"key": "background",
				"value": "0",
				"tipStyle": 1,
				"tipPos": 0,
				"tip": {"l10n":"-5dsdxb"}//这几日，我在万灵宝录内搜寻了一番，这本天赋秘法很适合你的种族，试试你能不能获得它的传承！
			}
		]
	},
	"10402": {
		// 功法引导-修炼场景
		"id": 10402,
		"sort": 10402,
		"guideName": "guide_gong",
		"steps": [
			{
				"stepId": 1,
				"id": 10402,
				"key": "trigger",
				"value": "system_3|widget_Practice"
			},
			{
				"stepId": 2,
				"id": 10402,
				"key": "save",
				"value": "10401"
			},
			{
				"stepId": 3,
				"id": 10402,
				"key": "tab",
				"value": "tab_gong"
			},
			{
				"stepId": 4,
				"id": 10402,
				"key": "tab",
				"value": "tab_gongTab"
			},
			{
				"stepId": 5,
				"id": 10402,
				"key": "background",
				"value": "0",
				"tipStyle": 1,
				"tipPos": 4,
				"tip": {"l10n":"-w0ipze"},//你屏息凝神，便可内视自身的元神天赋修炼情况
				"select": "select_gongName"
			},
			{
				"stepId": 6,
				"id": 10402,
				"key": "background",
				"value": "0",
				"tipStyle": 1,
				"tipPos": 4,
				"tip": {"l10n":"j50tvt"},//此处是你元神，乃是彰显你的血脉传承与自身渊源之所在
				"select": "select_gongIcon"
			},
			{
				"stepId": 7,
				"id": 10402,
				"key": "click",
				"value": "btn_gongUpgrade",
				"tipStyle": 2,
				"tipPos": 4,
				"tip": {"l10n":"uwh8g4"}//试试修炼元神天赋的效果吧
			},
			{
				"stepId": 8,
				"id": 10402,
				"key": "save",
				"value": "10402"
			}
		]
	},
	"10600": {
		// 斩心魔引导
		"id": 10600,
		"sort": 10600,
		"guideName": "guide_fight_boss",
		"steps": [
			{
				"stepId": 1,
				"id": 10600,
				"key": "trigger",
				"value": "system_16&widget_Practice"
			},
			{
				"stepId": 2,
				"id": 10600,
				"key": "click",
				"value": "btn_bossFight",
				"tipStyle": 1,
				"tipPos": 1,
				"tip": {"l10n":"f2iest"}//呜……要斩杀这些心魔，你需要进入万灵宝录的深处
			},
			{
				"stepId": 3,
				"id": 10600,
				"key": "on",
				"value": "showWidget|SteriousMan"
			},
			{
				"stepId": 4,
				"id": 10600,
				"key": "tab",
				"value": "tab_bossFight",
				"tipStyle": 1,
				"tipPos": 1,
				"tip": {"l10n":"-mycwsc"}//它们都藏匿于此，你进入时需要小心应对
			},
			{
				"stepId": 5,
				"id": 10600,
				"key": "click",
				"value": "btn_demonFight",
				"tipStyle": 1,
				"tipPos": 1,
				"tip": {"l10n":"-dn5op8"}//别太勉强自己……若是被这些心魔击败，你我便万劫不复！
			},
			{
				"stepId": 6,
				"id": 10600,
				"key": "save",
				"value": "10600"
			}
		],
		"disable": 1
	},
	"10700": {
		// 伙伴升级
		"id": 10700,
		"sort": 10700,
		"guideName": "guide_sterious_man",
		"pauseFight": 1,
		"steps": [
			{
				"stepId": 1,
				"id": 10700,
				"key": "trigger",
				"value": "mainTask_8&widget_Practice"
			},
			{
				"stepId": 2,
				"id": 10700,
				"key": "save",
				"value": "10700"
			},
			{
				"stepId": 3,
				"id": 10700,
				"key": "click",
				"value": "btn_bossFight",
				"tipStyle": 1,
				"tipPos": 1,
				"tip": {"l10n":"ifnj3i"}//清除邪灵到一定程度，便能修复万灵宝录了
			},
			{
				"stepId": 4,
				"id": 10700,
				"key": "on",
				"value": "showWidget|SteriousMan"
			},
			{
				"stepId": 5,
				"id": 10700,
				"key": "click",
				"value": "btn_sterioursManLvUp",
				"tipStyle": 1,
				"tipPos": 1,
				"tip": {"l10n":"hx1rz3"}//修复万灵宝录，本器灵便能提升自己的修为……你放心，我肯定少不了你的好处
			}
		],
		"disable": 1
	},
	"10800": {
		// 切换地图
		"id": 10800,
		"sort": 10800,
		"guideName": "guide_switch_map",
		"steps": [
			{
				"stepId": 1,
				"id": 10800,
				"key": "trigger",
				"value": "mainTask_11&widget_Practice",
				"tipStyle": 1
			},
			{
				"stepId": 2,
				"id": 10800,
				"key": "save",
				"value": "10800"
			},
			{
				"stepId": 3,
				"id": 10800,
				"key": "click",
				"value": "btn_map",
				"tipStyle": 1,
				"tipPos": 4,
				"tip": {"l10n":"t43dfi"}//此处灵气已经无法支撑你的修炼了，我们去下一个地方吧。
			},
			{
				"stepId": 4,
				"id": 10800,
				"key": "on",
				"value": "showWidget|MapScene"
			},
			{
				"stepId": 5,
				"id": 10800,
				"key": "click",
				"value": "btn_mapScene1002",
				"tipStyle": 1,
				"tipPos": 4,
				"tip": {"l10n":"-34v63z"}//打开地图，便可查看各处地域，太危险的地方你就别去了，我可不想你白白送命
			}
		],
		"disable": 1
	},
	"10900": {
		// 离线奖励
		"id": 10900,
		"sort": 10900,
		"guideName": "guide_offline_reward",
		"pauseFight": 1,
		"steps": [
			{
				"stepId": 1,
				"id": 10900,
				"key": "trigger",
				"value": "widget_Practice&system_37"
			},
			{
				"stepId": 2,
				"id": 10900,
				"key": "save",
				"value": "10900"
			},
			{
				"stepId": 3,
				"id": 10900,
				"key": "click",
				"value": "btn_offlineNpc",
				"tipStyle": 1,
				"tipPos": 0,
				"tip": {"l10n":"vpas4p"}//你在万灵宝录的修炼中积累了大量战利品，点击这里就能查看它们
			},
			{
				"stepId": 4,
				"id": 10900,
				"key": "on",
				"value": "showWidget|OfflineAward"
			},
			{
				"stepId": 5,
				"id": 10900,
				"key": "background",
				"value": "0",
				"tipStyle": 1,
				"tipPos": 0,
				"tip": {"l10n":"5qun2n"},//这是当前你在万灵宝录内的收获效果，增强修为，收获效率自然也会提高
				"select": "select_offlineSpeed"
			},
			{
				"stepId": 6,
				"id": 10900,
				"key": "background",
				"value": "0",
				"tipStyle": 1,
				"tipPos": 6,
				"tip": {"l10n":"svnty5"},//这收获着实不少，以你的修为来说很不错了，不愧是本铭文选中的伙伴
				"select": "select_offlineAwards"
			},
			{
				"stepId": 7,
				"id": 10900,
				"key": "click",
				"value": "btn_awards",
				"tipStyle": 1,
				"tipPos": 3,
				"tip": {"l10n":"-wu9e9z"}//这些收获来之不易，你要好好使用
			}
		]
	},
	"11000": {
		// 渡劫
		"id": 11000,
		"sort": 11000,
		"guideName": "guide_realm_break",
		"steps": [
			{
				"stepId": 1,
				"id": 11000,
				"key": "trigger",
				"value": "realm_1&realmBreak&Widget_Practice"
			},
			{
				"stepId": 2,
				"id": 11000,
				"key": "save",
				"value": "11000"
			},
			{
				"stepId": 3,
				"id": 11000,
				"key": "click",
				"value": "bth_practiceHead",
				"tipStyle": 1,
				"tipPos": 6,
				"tip": {"l10n":"2rdqw9"}//屏息凝神，便能感应到自身修为状况
			},
			{
				"stepId": 4,
				"id": 11000,
				"key": "on",
				"value": "showWidget|Player"
			},
			{
				"stepId": 5,
				"id": 11000,
				"key": "tab",
				"value": "tab_playerRealm",
				"tipStyle": 1,
				"tipPos": 0,
				"tip": {"l10n":"-uj4ild"}//如此，便能查看自己修为所至之境界
			},
			{
				"stepId": 7,
				"id": 11000,
				"key": "click",
				"value": "btn_realmBreak",
				"tipStyle": 1,
				"tipPos": 0,
				"tip": {"l10n":"-17eaaq"}//你的修为已经可以突破当前境界了，要小心渡劫时的雷劫，切勿大意！
			}
		]
	},
	"11100": {
		// 法宝
		"id": 11100,
		"sort": 11100,
		"guideName": "guide_weapon",
		"steps": [
			{
				"stepId": 1,
				"id": 11100,
				"key": "trigger",
				"value": "mainTask_49"
			},
			{
				"stepId": 2,
				"id": 11100,
				"key": "save",
				"value": "11100"
			},
			{
				"stepId": 3,
				"id": 11100,
				"key": "custom",
				"value": "systemUnlock|4",
				"hideMask": 1
			},
			{
				"stepId": 4,
				"id": 11100,
				"key": "tab",
				"value": "tab_weapon",
				"tipStyle": 1,
				"tipPos": 0,
				"tip": {"l10n":"-na7xy7"}//唔……看来这法宝也是在天地大战中受损，才成了今日的模样。不过它器胎完好，你好生培养，将来它定能重回巅峰！
			},
			{
				"stepId": 5,
				"id": 11100,
				"key": "delay",
				"value": "300"
			},
			{
				"stepId": 6,
				"id": 11100,
				"key": "background",
				"value": "0",
				"tipStyle": 1,
				"tipPos": 6,
				"tip": {"l10n":"-jeij26"},//你用妖力仔细探查，便能看到这法宝当前的状态
				"select": "select_weaponAttr"
			},
			{
				"stepId": 7,
				"id": 11100,
				"key": "background",
				"value": "0",
				"tipStyle": 1,
				"tipPos": 6,
				"tip": {"l10n":"-zxtsc"},//我会帮你给这法宝做一些说明，你对于这法宝之奥妙便能了然于心
				"select": "select_weaponIcon"
			},
			{
				"stepId": 8,
				"id": 11100,
				"key": "click",
				"value": "btn_weaponStrength",
				"tipStyle": 1,
				"tipPos": 6,
				"tip": {"l10n":"jd11nb"}//现在使用材料，便可以对法宝进行升级
			}
		]
	},
	"11200": {
		// 多人地图引导   
		"id": 11200,
		"sort": 11200,
		"guideName": "guide_fight_map",
		"steps": [
			{
				"stepId": 1,
				"id": 11200,
				"key": "trigger",
				"value": "mainTask_17&widget_Practice",
				"tipStyle": 1,
				"tipPos": 0,
				"tip": {"l10n":"x2ga5f"}//现在我们可以进入万灵宝录内部了
			},
			{
				"stepId": 2,
				"id": 11200,
				"key": "save",
				"value": "11200"
			},
			{
				"stepId": 3,
				"id": 11200,
				"key": "click",
				"value": "btn_switchPvp"
			},
			{
				"stepId": 4,
				"id": 11200,
				"key": "on",
				"value": "showWidget|Fight"
			},
			{
				"stepId": 5,
				"id": 11200,
				"key": "background",
				"value": "0",
				"tipStyle": 1,
				"tipPos": 4,
				"tip": {"l10n":"umwheg"},//在万灵宝录中击败怪物会消耗体力，并获取到不同的成长资源。
				"select": "select_fightBoss"
			}
		]
	},
	"10501": {
		// 历练引导-装备解锁
		"id": 10501,
		"sort": 10501,
		"guideName": "guide_mission_equip",
		"steps": [
			{
				"stepId": 1,
				"id": 10501,
				"key": "trigger",
				"value": "system_40"
			},
			{
				"stepId": 2,
				"id": 10501,
				"key": "save",
				"value": "10501"
			},
			{
				"stepId": 3,
				"id": 10501,
				"key": "tab",
				"value": "tab_mission",
				"tipStyle": 1,
				"tipPos": 0,
				"tip": {"l10n":"ory0ue"}//妖族将讨伐人族修士称为历练吗……当真有趣
			},
			{
				"stepId": 5,
				"id": 10501,
				"key": "click",
				"value": "btn_enterMission1",
				"tipStyle": 1,
				"tipPos": 0,
				"tip": {"l10n":"woe796"}//这些被东林院修士控制的妖兽实力非同小可，我们可以与其他道友携手对敌。
			},
			{
				"stepId": 6,
				"id": 10501,
				"key": "delay",
				"value": "200"
			},
			{
				"stepId": 7,
				"id": 10501,
				"key": "click",
				"value": "btn_fightMission1",
				"tipStyle": 2,
				"tipPos": 1,
				"tip": {"l10n":"4ttr3l"}//开启妖族的传送法阵，我们开始讨伐这些邪修吧！
			}
		]
	},
	"11300": {
		// 传送门引导
		"id": 11300,
		"sort": 11300,
		"guideName": "guide_fight_door",
		"steps": [
			{
				"stepId": 1,
				"id": 11300,
				"key": "trigger",
				"value": "mainTask_10&widget_Practice"
			},
			{
				"stepId": 2,
				"id": 11300,
				"key": "click",
				"value": "btn_practiceDoor",
				"tipStyle": 1,
				"tipPos": 0,
				"tip": {"l10n":"-g76n81"}//前往下一处的传送门已经打开了，现在让我们前往这里吧
			},
			{
				"stepId": 2,
				"id": 11300,
				"key": "save",
				"value": "11300"
			},
			{
				"stepId": 4,
				"id": 11300,
				"key": "delay",
				"value": "500"
			},
			{
				"stepId": 5,
				"id": 11300,
				"key": "click",
				"value": "btn_practiceBg"
			}
		]
	},
	"11400": {
		// 解锁妖术
		"id": 11400,
		"sort": 11400,
		"guideName": "guide_sorcery",
		"steps": [
			{
				"stepId": 1,
				"id": 11400,
				"key": "trigger",
				"value": "mainTask_25"
			},
			{
				"stepId": 2,
				"id": 11400,
				"key": "tab",
				"value": "tab_gong",
				"tipStyle": 1,
				"tipPos": 0,
				"tip": {"l10n":"-kl3k10"}//听闻元神强化后可获得传承妖术
			},
			{
				"stepId": 3,
				"id": 11400,
				"key": "tab",
				"value": "tab_gongTab"
			},
			{
				"stepId": 5,
				"id": 11400,
				"key": "click",
				"value": "btn_sorceryItem0",
				"tipStyle": 1,
				"tipPos": 0,
				"tip": {"l10n":"-lw6f98"}//这些元神精魄可帮助你感悟妖术
			},
			{
				"stepId": 6,
				"id": 11400,
				"key": "delay",
				"value": "300"
			},
			{
				"stepId": 7,
				"id": 11400,
				"key": "click",
				"value": "btn_upgradeSorcery",
				"tip": {"l10n":"-lb4w55"}//现在让我们感悟技能吧
			},
			{
				"stepId": 8,
				"id": 11400,
				"key": "save",
				"value": "11400"
			}
		]
	},
	"11500": {
		// 宝石镶嵌
		"id": 11500,
		"sort": 11500,
		"guideName": "guide_equip_gem",
		"steps": [
			{
				"stepId": 1,
				"id": 11500,
				"key": "trigger",
				"value": "mainTask_101"
			},
			{
				"stepId": 2,
				"id": 11500,
				"key": "custom",
				"value": "wearEquip_1_4|11500"
			},
			{
				"stepId": 3,
				"id": 11500,
				"key": "tab",
				"value": "tab_equip",
				"tip": {"l10n":"-hij310"}//刚刚在历练中我们获得了一块魂石！这是由妖族内核炼制而成，能够增加装备属性
			},
			{
				"stepId": 4,
				"id": 11500,
				"key": "tab",
				"value": "tab_equipTab"
			},
			{
				"stepId": 5,
				"id": 11500,
				"key": "click",
				"value": "btn_equipSlotGem"
			},
			{
				"stepId": 6,
				"id": 11500,
				"key": "delay",
				"value": "300"
			},
			{
				"stepId": 7,
				"id": 11500,
				"key": "click",
				"value": "btn_decorateTip"
			},
			{
				"stepId": 8,
				"id": 11500,
				"key": "delay",
				"value": "200"
			},
			{
				"stepId": 9,
				"id": 11500,
				"key": "click",
				"value": "btn_decorate"
			},
			{
				"stepId": 10,
				"id": 11500,
				"key": "save",
				"value": "11500"
			},
			{
				"stepId": 11,
				"id": 11500,
				"key": "click",
				"value": "btn_close"
			}
		]
	},
	"11600": {
		// 妖盟引导
		"id": 11600,
		"sort": 11600,
		"guideName": "guide_guild",
		"steps": [
			{
				"stepId": 1,
				"id": 11600,
				"key": "trigger",
				"value": "mainTask_78"
			},
			{
				"stepId": 2,
				"id": 11600,
				"key": "tab",
				"value": "tab_guild"
			},
			{
				"stepId": 3,
				"id": 11600,
				"key": "delay",
				"value": "500"
			},
			{
				"stepId": 4,
				"id": 11600,
				"key": "save",
				"value": "11600"
			}
		]
	},
	"11700": {
		// 器灵引导
		"id": 11700,
		"sort": 11700,
		"guideName": "guide_soul",
		"steps": [
			{
				"stepId": 1,
				"id": 11700,
				"key": "trigger",
				"value": "mainTask_126"
			},
			{
				"stepId": 2,
				"id": 11700,
				"key": "tab",
				"value": "tab_weapon",
				"tipStyle": 1,
				"tipPos": 0,
				"tip": {"l10n":"-w0nyep"}//法宝能够镌刻铭文，获取神秘力量
			},
			{
				"stepId": 3,
				"id": 11700,
				"key": "delay",
				"value": "300"
			},
			{
				"stepId": 5,
				"id": 11700,
				"key": "click",
				"value": "btn_soulItem0",
				"tipStyle": 1,
				"tipPos": 1,
				"tip": {"l10n":"-4tt6y1"}//这里即是铭文所在之处，消耗道具即可获取神秘力量
			},
			{
				"stepId": 6,
				"id": 11700,
				"key": "on",
				"value": "showWidget|WeaponRefining"
			},
			{
				"stepId": 7,
				"id": 11700,
				"key": "background",
				"value": "0",
				"tipStyle": 1,
				"tipPos": 0,
				"select": "select_weaponRefining"
			},
			{
				"stepId": 8,
				"id": 11700,
				"key": "click",
				"value": "btn_refininfg"
			},
			{
				"stepId": 9,
				"id": 11700,
				"key": "save",
				"value": "11700"
			}
		]
	},
	"11800": {
		// 供奉引导
		"id": 11800,
		"sort": 11800,
		"guideName": "guide_booty",
		"steps": [
			{
				"stepId": 1,
				"id": 11800,
				"key": "trigger",
				"value": "mainTask_151"
			},
			{
				"stepId": 2,
				"id": 11800,
				"key": "tab",
				"value": "tab_gong",
				"tipStyle": 1,
				"tipPos": 0,
				"tip": {"l10n":"-v490oa"}//我们获得了一个贡品！贡品可以进行供奉，各路妖仙会给予你祝福
			},
			{
				"stepId": 3,
				"id": 11800,
				"key": "tab",
				"value": "tab_bootyTab"
			},
			{
				"stepId": 5,
				"id": 11800,
				"key": "click",
				"value": "btn_bootyGroupItem2"
			},
			{
				"stepId": 6,
				"id": 11800,
				"key": "click",
				"value": "btn_bootyOneKey",
				"tipStyle": 1,
				"tipPos": 0
			},
			{
				"stepId": 7,
				"id": 11800,
				"key": "save",
				"value": "11800"
			}
		]
	},
	"11900": {
		// 夔牛引导
		"id": 11900,
		"sort": 11900,
		"guideName": "guide_mission5",
		"steps": [
			{
				"stepId": 1,
				"id": 11900,
				"key": "trigger",
				"value": "mainTask_194"
			},
			{
				"stepId": 2,
				"id": 11900,
				"key": "tab",
				"value": "tab_mission",
				"tipStyle": 2,
				"tipPos": 4,
				"tip": {"l10n":"crgkjq"}//听闻上古妖兽夔牛在历练处等待着考验天下妖族，前往进行挑战可以获取丰富奖励
			},
			{
				"stepId": 3,
				"id": 11900,
				"key": "delay",
				"value": "300"
			},
			{
				"stepId": 4,
				"id": 11900,
				"key": "click",
				"value": "btn_enterMission5",
				"tipStyle": 2,
				"tipPos": 0,
				"tip": {"l10n":"g6ttlv"}//每日七点，妖王夔牛将在此出现考验天下妖族
			},
			{
				"stepId": 5,
				"id": 11900,
				"key": "save",
				"value": "11900"
			}
		]
	},
	"12000": {
		// 素萝引导
		"id": 12000,
		"sort": 12000,
		"guideName": "guide_sterious",
		"steps": [
			{
				"stepId": 1,
				"id": 12000,
				"key": "trigger",
				"value": "mainTask_34&widget_Practice"
			},
			{
				"stepId": 2,
				"id": 12000,
				"key": "save",
				"value": "12000"
			},
			{
				"stepId": 3,
				"id": 12000,
				"key": "background",
				"value": "0",
				"tipStyle": 2,
				"tipPos": 0,
				"tip": {"l10n":"e171ur"}//素萝介绍
			}
		],
		"disable": 1
	},
	"12100": {
		// 论道台引导
		"id": 12100,
		"sort": 12100,
		"guideName": "guide_arena",
		"steps": [
			{
				"stepId": 1,
				"id": 12100,
				"key": "trigger",
				"value": "mainTask_165&widget_Practice"
			},
			{
				"stepId": 2,
				"id": 12100,
				"key": "click",
				"value": "btn_funcEnterBar",
				"tipStyle": 2,
				"tipPos": 0,
				"tip": {"l10n":"-wmhj1u"}//万妖盟在斗法台设下擂台，来自各处的妖族将在此进行挑战，杰出者将获得来自万妖盟的奖励
			},
			{
				"stepId": 3,
				"id": 12100,
				"key": "click",
				"value": "btn_arena"
			},
			{
				"stepId": 4,
				"id": 12100,
				"key": "click",
				"value": "btn_funcEnterBar"
			},
			{
				"stepId": 5,
				"id": 12100,
				"key": "save",
				"value": "12100"
			}
		]
	},
	"12101": {
		// 创角后首次进入自宅引导
		"id": 12101,
		"sort": 12101,
		"guideName": "guide_first_enter_home",
		"steps": [
			{
				"stepId": 1,
				"id": 12101,
				"key": "trigger",
				"value": "FirstEnterHome"
			},
			{
				"stepId": 2,
				"id": 12101,
				"key": "click",
				"value": "btn_map"
			},
			{
				"stepId": 3,
				"id": 12101,
				"key": "on",
				"value": "showWidget|MapScene"
			},
			{
				"stepId": 4,
				"id": 12101,
				"key": "click",
				"value": "btn_mapScene1001"
			}
		]
	}
}