{
	//法阵表.id 契印id
	//法阵表.name 契印名称
	//法阵表.icon 契印特效
	//法阵表.lv 升级
	//lv.id 契印id
	//lv.level 等级
	//lv.need 升到下一级需要山头等级
	//lv.costId 升下一级消耗
	//lv.costNum 升下一级数量
	//lv.attrType 属性类型
	//lv.num2 2人的属性值
	//lv.num3 3人的属性值
	//lv.num4 4人的属性值
	//lv.num5 5人的属性值
	//lv.num6 6人的属性值
	//lv.num7 7人的属性值
	//lv.num8 8人的属性值
	//lv.num9 9人的属性值
	//lv.num10 10人的属性值
	//"salt": "fd8483315bc36b53bb0157b0a87a13b1"
	"1": {
		"id": 1,
		"name": {"l10n":"85krlm"},//血杀印
		"lv": {
			"1": {
				"id": 1,
				"level": 1,
				"need": 2,
				"costId": 1006,
				"costNum": 150,
				"attrType": 12,
				"num2": 40,
				"num3": 60,
				"num4": 80,
				"num5": 100,
				"num6": 120,
				"num7": 140,
				"num8": 160,
				"num9": 180,
				"num10": 200
			},
			"2": {
				"id": 1,
				"level": 2,
				"need": 3,
				"costId": 1006,
				"costNum": 330,
				"attrType": 12,
				"num2": 80,
				"num3": 120,
				"num4": 160,
				"num5": 200,
				"num6": 240,
				"num7": 280,
				"num8": 320,
				"num9": 360,
				"num10": 400
			},
			"3": {
				"id": 1,
				"level": 3,
				"need": 4,
				"costId": 1006,
				"costNum": 540,
				"attrType": 12,
				"num2": 120,
				"num3": 180,
				"num4": 240,
				"num5": 300,
				"num6": 360,
				"num7": 420,
				"num8": 480,
				"num9": 540,
				"num10": 600
			},
			"4": {
				"id": 1,
				"level": 4,
				"need": 5,
				"costId": 1006,
				"costNum": 780,
				"attrType": 12,
				"num2": 160,
				"num3": 240,
				"num4": 320,
				"num5": 400,
				"num6": 480,
				"num7": 560,
				"num8": 640,
				"num9": 720,
				"num10": 800
			},
			"5": {
				"id": 1,
				"level": 5,
				"need": 6,
				"costId": 1006,
				"costNum": 1050,
				"attrType": 12,
				"num2": 200,
				"num3": 300,
				"num4": 400,
				"num5": 500,
				"num6": 600,
				"num7": 700,
				"num8": 800,
				"num9": 900,
				"num10": 1000
			},
			"6": {
				"id": 1,
				"level": 6,
				"need": 7,
				"costId": 1006,
				"costNum": 1350,
				"attrType": 12,
				"num2": 240,
				"num3": 360,
				"num4": 480,
				"num5": 600,
				"num6": 720,
				"num7": 840,
				"num8": 960,
				"num9": 1080,
				"num10": 1200
			},
			"7": {
				"id": 1,
				"level": 7,
				"need": 8,
				"costId": 1006,
				"costNum": 1680,
				"attrType": 12,
				"num2": 280,
				"num3": 420,
				"num4": 560,
				"num5": 700,
				"num6": 840,
				"num7": 980,
				"num8": 1120,
				"num9": 1260,
				"num10": 1400
			},
			"8": {
				"id": 1,
				"level": 8,
				"need": 9,
				"costId": 1006,
				"costNum": 2040,
				"attrType": 12,
				"num2": 320,
				"num3": 480,
				"num4": 640,
				"num5": 800,
				"num6": 960,
				"num7": 1120,
				"num8": 1280,
				"num9": 1440,
				"num10": 1600
			},
			"9": {
				"id": 1,
				"level": 9,
				"need": 10,
				"costId": 1006,
				"costNum": 2430,
				"attrType": 12,
				"num2": 360,
				"num3": 540,
				"num4": 720,
				"num5": 900,
				"num6": 1080,
				"num7": 1260,
				"num8": 1440,
				"num9": 1620,
				"num10": 1800
			},
			"10": {
				"id": 1,
				"level": 10,
				"need": 10,
				"costId": 0,
				"costNum": 0,
				"attrType": 12,
				"num2": 400,
				"num3": 600,
				"num4": 800,
				"num5": 1000,
				"num6": 1200,
				"num7": 1400,
				"num8": 1600,
				"num9": 1800,
				"num10": 2000
			}
		}
	},
	"2": {
		"id": 2,
		"name": {"l10n":"ekiz0a"},//血御印
		"lv": {
			"1": {
				"id": 2,
				"level": 1,
				"need": 2,
				"costId": 1006,
				"costNum": 150,
				"attrType": 13,
				"num2": 40,
				"num3": 60,
				"num4": 80,
				"num5": 100,
				"num6": 120,
				"num7": 140,
				"num8": 160,
				"num9": 180,
				"num10": 200
			},
			"2": {
				"id": 2,
				"level": 2,
				"need": 3,
				"costId": 1006,
				"costNum": 330,
				"attrType": 13,
				"num2": 80,
				"num3": 120,
				"num4": 160,
				"num5": 200,
				"num6": 240,
				"num7": 280,
				"num8": 320,
				"num9": 360,
				"num10": 400
			},
			"3": {
				"id": 2,
				"level": 3,
				"need": 4,
				"costId": 1006,
				"costNum": 540,
				"attrType": 13,
				"num2": 120,
				"num3": 180,
				"num4": 240,
				"num5": 300,
				"num6": 360,
				"num7": 420,
				"num8": 480,
				"num9": 540,
				"num10": 600
			},
			"4": {
				"id": 2,
				"level": 4,
				"need": 5,
				"costId": 1006,
				"costNum": 780,
				"attrType": 13,
				"num2": 160,
				"num3": 240,
				"num4": 320,
				"num5": 400,
				"num6": 480,
				"num7": 560,
				"num8": 640,
				"num9": 720,
				"num10": 800
			},
			"5": {
				"id": 2,
				"level": 5,
				"need": 6,
				"costId": 1006,
				"costNum": 1050,
				"attrType": 13,
				"num2": 200,
				"num3": 300,
				"num4": 400,
				"num5": 500,
				"num6": 600,
				"num7": 700,
				"num8": 800,
				"num9": 900,
				"num10": 1000
			},
			"6": {
				"id": 2,
				"level": 6,
				"need": 7,
				"costId": 1006,
				"costNum": 1350,
				"attrType": 13,
				"num2": 240,
				"num3": 360,
				"num4": 480,
				"num5": 600,
				"num6": 720,
				"num7": 840,
				"num8": 960,
				"num9": 1080,
				"num10": 1200
			},
			"7": {
				"id": 2,
				"level": 7,
				"need": 8,
				"costId": 1006,
				"costNum": 1680,
				"attrType": 13,
				"num2": 280,
				"num3": 420,
				"num4": 560,
				"num5": 700,
				"num6": 840,
				"num7": 980,
				"num8": 1120,
				"num9": 1260,
				"num10": 1400
			},
			"8": {
				"id": 2,
				"level": 8,
				"need": 9,
				"costId": 1006,
				"costNum": 2040,
				"attrType": 13,
				"num2": 320,
				"num3": 480,
				"num4": 640,
				"num5": 800,
				"num6": 960,
				"num7": 1120,
				"num8": 1280,
				"num9": 1440,
				"num10": 1600
			},
			"9": {
				"id": 2,
				"level": 9,
				"need": 10,
				"costId": 1006,
				"costNum": 2430,
				"attrType": 13,
				"num2": 360,
				"num3": 540,
				"num4": 720,
				"num5": 900,
				"num6": 1080,
				"num7": 1260,
				"num8": 1440,
				"num9": 1620,
				"num10": 1800
			},
			"10": {
				"id": 2,
				"level": 10,
				"need": 10,
				"costId": 0,
				"costNum": 0,
				"attrType": 13,
				"num2": 400,
				"num3": 600,
				"num4": 800,
				"num5": 1000,
				"num6": 1200,
				"num7": 1400,
				"num8": 1600,
				"num9": 1800,
				"num10": 2000
			}
		}
	},
	"3": {
		"id": 3,
		"name": {"l10n":"4iwjp6"},//血灵印
		"lv": {
			"1": {
				"id": 3,
				"level": 1,
				"need": 2,
				"costId": 1006,
				"costNum": 150,
				"attrType": 15,
				"num2": 20,
				"num3": 30,
				"num4": 40,
				"num5": 50,
				"num6": 60,
				"num7": 70,
				"num8": 80,
				"num9": 90,
				"num10": 100
			},
			"2": {
				"id": 3,
				"level": 2,
				"need": 3,
				"costId": 1006,
				"costNum": 330,
				"attrType": 15,
				"num2": 40,
				"num3": 60,
				"num4": 80,
				"num5": 100,
				"num6": 120,
				"num7": 140,
				"num8": 160,
				"num9": 180,
				"num10": 200
			},
			"3": {
				"id": 3,
				"level": 3,
				"need": 4,
				"costId": 1006,
				"costNum": 540,
				"attrType": 15,
				"num2": 60,
				"num3": 90,
				"num4": 120,
				"num5": 150,
				"num6": 180,
				"num7": 210,
				"num8": 240,
				"num9": 270,
				"num10": 300
			},
			"4": {
				"id": 3,
				"level": 4,
				"need": 5,
				"costId": 1006,
				"costNum": 780,
				"attrType": 15,
				"num2": 80,
				"num3": 120,
				"num4": 160,
				"num5": 200,
				"num6": 240,
				"num7": 280,
				"num8": 320,
				"num9": 360,
				"num10": 400
			},
			"5": {
				"id": 3,
				"level": 5,
				"need": 6,
				"costId": 1006,
				"costNum": 1050,
				"attrType": 15,
				"num2": 100,
				"num3": 150,
				"num4": 200,
				"num5": 250,
				"num6": 300,
				"num7": 350,
				"num8": 400,
				"num9": 450,
				"num10": 500
			},
			"6": {
				"id": 3,
				"level": 6,
				"need": 7,
				"costId": 1006,
				"costNum": 1350,
				"attrType": 15,
				"num2": 120,
				"num3": 180,
				"num4": 240,
				"num5": 300,
				"num6": 360,
				"num7": 420,
				"num8": 480,
				"num9": 540,
				"num10": 600
			},
			"7": {
				"id": 3,
				"level": 7,
				"need": 8,
				"costId": 1006,
				"costNum": 1680,
				"attrType": 15,
				"num2": 140,
				"num3": 210,
				"num4": 280,
				"num5": 350,
				"num6": 420,
				"num7": 490,
				"num8": 560,
				"num9": 630,
				"num10": 700
			},
			"8": {
				"id": 3,
				"level": 8,
				"need": 9,
				"costId": 1006,
				"costNum": 2040,
				"attrType": 15,
				"num2": 160,
				"num3": 240,
				"num4": 320,
				"num5": 400,
				"num6": 480,
				"num7": 560,
				"num8": 640,
				"num9": 720,
				"num10": 800
			},
			"9": {
				"id": 3,
				"level": 9,
				"need": 10,
				"costId": 1006,
				"costNum": 2430,
				"attrType": 15,
				"num2": 180,
				"num3": 270,
				"num4": 360,
				"num5": 450,
				"num6": 540,
				"num7": 630,
				"num8": 720,
				"num9": 810,
				"num10": 900
			},
			"10": {
				"id": 3,
				"level": 10,
				"need": 10,
				"costId": 0,
				"costNum": 0,
				"attrType": 15,
				"num2": 200,
				"num3": 300,
				"num4": 400,
				"num5": 500,
				"num6": 600,
				"num7": 700,
				"num8": 800,
				"num9": 900,
				"num10": 1000
			}
		}
	}
}