{
	//捐献表.id id
	//捐献表.name 名称
	//捐献表.costId 消耗道具
	//捐献表.costNum 获得奖励
	//捐献表.donate 获得的捐献值
	//捐献表.award 奖励
	//award.id id
	//award.propId 奖励道具
	//award.num 奖励数量
	//"salt": "fadbd023c04a353c9bff3b4b584bc9dd"
	"1": {
		"id": 1,
		"name": {"l10n":"-zphvb"},//山头捐纳
		"costId": 1009,
		"costNum": 1,
		"donate": 300,
		"award": [
			{
				// 山头威望
				"id": 1,
				"propId": 1005,
				"num": 300
			},
			{
				// 山头功绩
				"id": 1,
				"propId": 1007,
				"num": 300
			}
		]
	}
}