{
	//护山妖兽.id 山头等级限制
	//护山妖兽.monsterId 怪物id
	//护山妖兽.lv 历练等级
	//护山妖兽.bgRes 背景图
	//护山妖兽.cd 场景重进cd
	//护山妖兽.awards1 固定掉落
	//护山妖兽.awards2 帮会掉落
	//护山妖兽.showAwards 展示掉落
	//awards1.id 山头等级限制
	//awards1.propId 道具id
	//awards1.num 数量
	//awards2.id 山头等级限制
	//awards2.propId 道具id
	//awards2.num 数量
	//showAwards.id 山头等级限制
	//showAwards.propId 道具id
	//showAwards.num 数量
	//"salt": "756a556d1ba062c0a281f9ff708aaeac"
	"1": {
		"id": 1,
		"monsterId": 431001,
		"lv": 30,
		"bgRes": 1,
		"cd": 30,
		"awards1": [
			{
				// 妖盟贡献
				"id": 1,
				"propId": 1007,
				"num": 1320
			},
			{
				// 妖丹
				"id": 1,
				"propId": 1006,
				"num": 1
			}
		],
		"awards2": [
			{
				// 妖盟经验
				"id": 1,
				"propId": 1005,
				"num": 39600
			}
		],
		"showAwards": [
			{
				// 妖盟贡献
				"id": 1,
				"propId": 1007,
				"num": 1320
			},
			{
				// 妖盟经验
				"id": 1,
				"propId": 1005,
				"num": 39600
			},
			{
				// 妖丹
				"id": 1,
				"propId": 1006,
				"num": 1
			}
		]
	},
	"2": {
		"id": 2,
		"monsterId": 431002,
		"lv": 60,
		"bgRes": 1,
		"cd": 30,
		"awards1": [
			{
				// 妖盟贡献
				"id": 2,
				"propId": 1007,
				"num": 1440
			},
			{
				// 妖丹
				"id": 2,
				"propId": 1006,
				"num": 2
			}
		],
		"awards2": [
			{
				// 妖盟经验
				"id": 2,
				"propId": 1005,
				"num": 43200
			}
		],
		"showAwards": [
			{
				// 妖盟贡献
				"id": 2,
				"propId": 1007,
				"num": 1440
			},
			{
				// 妖盟经验
				"id": 2,
				"propId": 1005,
				"num": 43200
			},
			{
				// 妖丹
				"id": 2,
				"propId": 1006,
				"num": 2
			}
		]
	},
	"3": {
		"id": 3,
		"monsterId": 431003,
		"lv": 90,
		"bgRes": 1,
		"cd": 30,
		"awards1": [
			{
				// 妖盟贡献
				"id": 3,
				"propId": 1007,
				"num": 1560
			},
			{
				// 妖丹
				"id": 3,
				"propId": 1006,
				"num": 3
			}
		],
		"awards2": [
			{
				// 妖盟经验
				"id": 3,
				"propId": 1005,
				"num": 46800
			}
		],
		"showAwards": [
			{
				// 妖盟贡献
				"id": 3,
				"propId": 1007,
				"num": 1560
			},
			{
				// 妖盟经验
				"id": 3,
				"propId": 1005,
				"num": 46800
			},
			{
				// 妖丹
				"id": 3,
				"propId": 1006,
				"num": 3
			}
		]
	},
	"4": {
		"id": 4,
		"monsterId": 431004,
		"lv": 120,
		"bgRes": 1,
		"cd": 30,
		"awards1": [
			{
				// 妖盟贡献
				"id": 4,
				"propId": 1007,
				"num": 1680
			},
			{
				// 妖丹
				"id": 4,
				"propId": 1006,
				"num": 4
			}
		],
		"awards2": [
			{
				// 妖盟经验
				"id": 4,
				"propId": 1005,
				"num": 50400
			}
		],
		"showAwards": [
			{
				// 妖盟贡献
				"id": 4,
				"propId": 1007,
				"num": 1680
			},
			{
				// 妖盟经验
				"id": 4,
				"propId": 1005,
				"num": 50400
			},
			{
				// 妖丹
				"id": 4,
				"propId": 1006,
				"num": 4
			}
		]
	},
	"5": {
		"id": 5,
		"monsterId": 431005,
		"lv": 150,
		"bgRes": 1,
		"cd": 30,
		"awards1": [
			{
				// 妖盟贡献
				"id": 5,
				"propId": 1007,
				"num": 1800
			},
			{
				// 妖丹
				"id": 5,
				"propId": 1006,
				"num": 5
			}
		],
		"awards2": [
			{
				// 妖盟经验
				"id": 5,
				"propId": 1005,
				"num": 54000
			}
		],
		"showAwards": [
			{
				// 妖盟贡献
				"id": 5,
				"propId": 1007,
				"num": 1800
			},
			{
				// 妖盟经验
				"id": 5,
				"propId": 1005,
				"num": 54000
			},
			{
				// 妖丹
				"id": 5,
				"propId": 1006,
				"num": 5
			}
		]
	},
	"6": {
		"id": 6,
		"monsterId": 431006,
		"lv": 180,
		"bgRes": 1,
		"cd": 30,
		"awards1": [
			{
				// 妖盟贡献
				"id": 6,
				"propId": 1007,
				"num": 1920
			},
			{
				// 妖丹
				"id": 6,
				"propId": 1006,
				"num": 6
			}
		],
		"awards2": [
			{
				// 妖盟经验
				"id": 6,
				"propId": 1005,
				"num": 57600
			}
		],
		"showAwards": [
			{
				// 妖盟贡献
				"id": 6,
				"propId": 1007,
				"num": 1920
			},
			{
				// 妖盟经验
				"id": 6,
				"propId": 1005,
				"num": 57600
			},
			{
				// 妖丹
				"id": 6,
				"propId": 1006,
				"num": 6
			}
		]
	},
	"7": {
		"id": 7,
		"monsterId": 431007,
		"lv": 210,
		"bgRes": 1,
		"cd": 30,
		"awards1": [
			{
				// 妖盟贡献
				"id": 7,
				"propId": 1007,
				"num": 2040
			},
			{
				// 妖丹
				"id": 7,
				"propId": 1006,
				"num": 7
			}
		],
		"awards2": [
			{
				// 妖盟经验
				"id": 7,
				"propId": 1005,
				"num": 61200
			}
		],
		"showAwards": [
			{
				// 妖盟贡献
				"id": 7,
				"propId": 1007,
				"num": 2040
			},
			{
				// 妖盟经验
				"id": 7,
				"propId": 1005,
				"num": 61200
			},
			{
				// 妖丹
				"id": 7,
				"propId": 1006,
				"num": 7
			}
		]
	},
	"8": {
		"id": 8,
		"monsterId": 431008,
		"lv": 240,
		"bgRes": 1,
		"cd": 30,
		"awards1": [
			{
				// 妖盟贡献
				"id": 8,
				"propId": 1007,
				"num": 2160
			},
			{
				// 妖丹
				"id": 8,
				"propId": 1006,
				"num": 8
			}
		],
		"awards2": [
			{
				// 妖盟经验
				"id": 8,
				"propId": 1005,
				"num": 64800
			}
		],
		"showAwards": [
			{
				// 妖盟贡献
				"id": 8,
				"propId": 1007,
				"num": 2160
			},
			{
				// 妖盟经验
				"id": 8,
				"propId": 1005,
				"num": 64800
			},
			{
				// 妖丹
				"id": 8,
				"propId": 1006,
				"num": 8
			}
		]
	},
	"9": {
		"id": 9,
		"monsterId": 431009,
		"lv": 270,
		"bgRes": 1,
		"cd": 30,
		"awards1": [
			{
				// 妖盟贡献
				"id": 9,
				"propId": 1007,
				"num": 2280
			},
			{
				// 妖丹
				"id": 9,
				"propId": 1006,
				"num": 9
			}
		],
		"awards2": [
			{
				// 妖盟经验
				"id": 9,
				"propId": 1005,
				"num": 68400
			}
		],
		"showAwards": [
			{
				// 妖盟贡献
				"id": 9,
				"propId": 1007,
				"num": 2280
			},
			{
				// 妖盟经验
				"id": 9,
				"propId": 1005,
				"num": 68400
			},
			{
				// 妖丹
				"id": 9,
				"propId": 1006,
				"num": 9
			}
		]
	},
	"10": {
		"id": 10,
		"monsterId": 431010,
		"lv": 300,
		"bgRes": 1,
		"cd": 30,
		"awards1": [
			{
				// 妖盟贡献
				"id": 10,
				"propId": 1007,
				"num": 2400
			},
			{
				// 妖丹
				"id": 10,
				"propId": 1006,
				"num": 10
			}
		],
		"awards2": [
			{
				// 妖盟经验
				"id": 10,
				"propId": 1005,
				"num": 72000
			}
		],
		"showAwards": [
			{
				// 妖盟贡献
				"id": 10,
				"propId": 1007,
				"num": 2400
			},
			{
				// 妖盟经验
				"id": 10,
				"propId": 1005,
				"num": 72000
			},
			{
				// 妖丹
				"id": 10,
				"propId": 1006,
				"num": 10
			}
		]
	}
}