{
	//旗帜表.id 旗帜id，和旗帜的物品id一致
	//旗帜表.flag 旗帜名称
	//旗帜表.quality 品质1白色2绿色3蓝色4紫色6金色8橙色10红色
	//旗帜表.start 是否初始赠送1代表初始赠送，0代表不是
	//旗帜表.desc 旗帜来源
	//"salt": "8578272a6fdcdda202faaa038b9d361a"
	"11001": {
		"id": 11001,
		"flag": {"l10n":"-v25lcy"},//旗帜1
		"quality": 4,
		"start": 1,
		"desc": {"l10n":"-dr2n0k"}//创建山头获得
	},
	"11002": {
		"id": 11002,
		"flag": {"l10n":"e2juih"},//旗帜2
		"quality": 4,
		"start": 1,
		"desc": {"l10n":"-dr2n0k"}//创建山头获得
	},
	"11003": {
		"id": 11003,
		"flag": {"l10n":"-bturl8"},//旗帜3
		"quality": 4,
		"start": 1,
		"desc": {"l10n":"-dr2n0k"}//创建山头获得
	},
	"11004": {
		"id": 11004,
		"flag": {"l10n":"xauoa7"},//旗帜4
		"quality": 4,
		"start": 1,
		"desc": {"l10n":"-dr2n0k"}//创建山头获得
	}
}