{
	//申请表.id 唯一id
	//申请表.type 类型，1代表无条件，2代表审核加入，3代表需要等级大于等级X
	//申请表.value 条件参数
	//申请表.desc 描述
	//"salt": "ec01451b6d901e2c2921045a9523f957"
	"1": {
		"id": 1,
		"type": 1,
		"value": 0,
		"desc": {"l10n":"9jn1k0"}//无要求
	},
	"2": {
		"id": 2,
		"type": 2,
		"value": 0,
		"desc": {"l10n":"-6u1zcn"}//审核加入
	},
	"3": {
		"id": 3,
		"type": 3,
		"value": 10,
		"desc": {"l10n":"v4sny8"}//大于等于10级
	},
	"4": {
		"id": 4,
		"type": 3,
		"value": 20,
		"desc": {"l10n":"v4sny7"}//大于等于20级
	},
	"5": {
		"id": 5,
		"type": 3,
		"value": 30,
		"desc": {"l10n":"v4sny6"}//大于等于30级
	},
	"6": {
		"id": 6,
		"type": 3,
		"value": 60,
		"desc": {"l10n":"v4sny3"}//大于等于60级
	},
	"7": {
		"id": 7,
		"type": 3,
		"value": 90,
		"desc": {"l10n":"v4sny0"}//大于等于90级
	},
	"8": {
		"id": 8,
		"type": 3,
		"value": 120,
		"desc": {"l10n":"-n4usap"}//大于等于120级
	},
	"9": {
		"id": 9,
		"type": 3,
		"value": 150,
		"desc": {"l10n":"-n4z001"}//大于等于150级
	},
	"10": {
		"id": 10,
		"type": 3,
		"value": 180,
		"desc": {"l10n":"-n4gqm9"}//大于等于180级
	},
	"11": {
		"id": 11,
		"type": 3,
		"value": 210,
		"desc": {"l10n":"-n4tdqa"}//大于等于210级
	},
	"12": {
		"id": 12,
		"type": 3,
		"value": 240,
		"desc": {"l10n":"-n4xlfm"}//大于等于240级
	},
	"13": {
		"id": 13,
		"type": 3,
		"value": 270,
		"desc": {"l10n":"-n51t4y"}//大于等于270级
	},
	"14": {
		"id": 14,
		"type": 3,
		"value": 300,
		"desc": {"l10n":"-n4rz5v"}//大于等于300级
	}
}