{
	//斩心魔.id 章节ID
	//斩心魔.name 地图名称
	//斩心魔.level 需要玩家等级
	//斩心魔.mapRes 地图资源
	//斩心魔.more 章节详细
	//more.sort 序号
	//more.id 章节ID
	//more.bgRes 战场背景图
	//more.monsterId 怪物id
	//more.costPropId 消耗道具
	//more.costNum 消耗数量
	//more.awards 击杀掉落
	//awards.sort 序号
	//awards.propId 奖励道具
	//awards.num 奖励数量
	//"salt": "47177358cf4c8a6fb9d762dd04e057e3"
	"1": {
		"id": 1,
		"name": {"l10n":"-wt778y"},//第1章
		"level": 10,
		"mapRes": 11001,
		"more": {
			"1001": {
				// 杀敌数
				"sort": 1001,
				"id": 1,
				"bgRes": 4,
				"monsterId": [
					201001,
					201001
				],
				"costPropId": 1004,
				"costNum": 10,
				"awards": [
					{
						// 修为
						"sort": 1001,
						"propId": 1002,
						"num": 50
					},
					{
						// 灵气
						"sort": 1001,
						"propId": 10201,
						"num": 15
					},
					{
						// 引魂珠
						"sort": 1001,
						"propId": 10204,
						"num": 2
					},
					{
						// 元神精魄
						"sort": 1001,
						"propId": 10102,
						"num": 25
					}
				]
			},
			"1002": {
				// 杀敌数
				"sort": 1002,
				"id": 1,
				"bgRes": 4,
				"monsterId": [
					201002,
					201002
				],
				"costPropId": 1004,
				"costNum": 20,
				"awards": [
					{
						// 修为
						"sort": 1002,
						"propId": 1002,
						"num": 100
					},
					{
						// 灵气
						"sort": 1002,
						"propId": 10201,
						"num": 35
					},
					{
						// 引魂珠
						"sort": 1002,
						"propId": 10204,
						"num": 2
					},
					{
						// 元神精魄
						"sort": 1002,
						"propId": 10102,
						"num": 25
					}
				]
			},
			"1003": {
				// 杀敌数
				"sort": 1003,
				"id": 1,
				"bgRes": 4,
				"monsterId": [
					201003
				],
				"costPropId": 1004,
				"costNum": 30,
				"awards": [
					{
						// 修为
						"sort": 1003,
						"propId": 1002,
						"num": 150
					},
					{
						// 灵气
						"sort": 1003,
						"propId": 10201,
						"num": 55
					},
					{
						// 妖丹
						"sort": 1003,
						"propId": 10101,
						"num": 1
					},
					{
						// 元神精魄
						"sort": 1003,
						"propId": 10102,
						"num": 50
					}
				]
			}
		}
	},
	"2": {
		"id": 2,
		"name": {"l10n":"-wt8lte"},//第2章
		"level": 20,
		"mapRes": 11001,
		"more": {
			"2001": {
				// 杀敌数
				"sort": 2001,
				"id": 2,
				"bgRes": 4,
				"monsterId": [
					201101,
					201102
				],
				"costPropId": 1004,
				"costNum": 40,
				"awards": [
					{
						// 修为
						"sort": 2001,
						"propId": 1002,
						"num": 150
					},
					{
						// 妖气
						"sort": 2001,
						"propId": 10202,
						"num": 55
					},
					{
						// 引魂珠
						"sort": 2001,
						"propId": 10204,
						"num": 2
					},
					{
						// 元神精魄
						"sort": 2001,
						"propId": 10102,
						"num": 50
					}
				]
			},
			"2002": {
				// 杀敌数
				"sort": 2002,
				"id": 2,
				"bgRes": 4,
				"monsterId": [
					201102,
					201102
				],
				"costPropId": 1004,
				"costNum": 50,
				"awards": [
					{
						// 修为
						"sort": 2002,
						"propId": 1002,
						"num": 300
					},
					{
						// 妖气
						"sort": 2002,
						"propId": 10202,
						"num": 90
					},
					{
						// 引魂珠
						"sort": 2002,
						"propId": 10204,
						"num": 2
					},
					{
						// 元神精魄
						"sort": 2002,
						"propId": 10102,
						"num": 50
					}
				]
			},
			"2003": {
				// 杀敌数
				"sort": 2003,
				"id": 2,
				"bgRes": 4,
				"monsterId": [
					201103
				],
				"costPropId": 1004,
				"costNum": 100,
				"awards": [
					{
						// 修为
						"sort": 2003,
						"propId": 1002,
						"num": 350
					},
					{
						// 妖气
						"sort": 2003,
						"propId": 10202,
						"num": 110
					},
					{
						// 妖丹
						"sort": 2003,
						"propId": 10101,
						"num": 1
					},
					{
						// 元神精魄
						"sort": 2003,
						"propId": 10102,
						"num": 50
					}
				]
			}
		}
	},
	"3": {
		"id": 3,
		"name": {"l10n":"-wta0du"},//第3章
		"level": 30,
		"mapRes": 11001,
		"more": {
			"3001": {
				// 杀敌数
				"sort": 3001,
				"id": 3,
				"bgRes": 4,
				"monsterId": [
					201201,
					201202
				],
				"costPropId": 1004,
				"costNum": 200,
				"awards": [
					{
						// 修为
						"sort": 3001,
						"propId": 1002,
						"num": 600
					},
					{
						// 灵气
						"sort": 3001,
						"propId": 10201,
						"num": 185
					},
					{
						// 引魂珠
						"sort": 3001,
						"propId": 10204,
						"num": 2
					},
					{
						// 元神精魄
						"sort": 3001,
						"propId": 10102,
						"num": 50
					}
				]
			},
			"3002": {
				// 杀敌数
				"sort": 3002,
				"id": 3,
				"bgRes": 4,
				"monsterId": [
					201202,
					201202
				],
				"costPropId": 1004,
				"costNum": 300,
				"awards": [
					{
						// 修为
						"sort": 3002,
						"propId": 1002,
						"num": 1800
					},
					{
						// 灵气
						"sort": 3002,
						"propId": 10201,
						"num": 560
					},
					{
						// 引魂珠
						"sort": 3002,
						"propId": 10204,
						"num": 2
					},
					{
						// 元神精魄
						"sort": 3002,
						"propId": 10102,
						"num": 50
					}
				]
			},
			"3003": {
				// 杀敌数
				"sort": 3003,
				"id": 3,
				"bgRes": 4,
				"monsterId": [
					201203
				],
				"costPropId": 1004,
				"costNum": 400,
				"awards": [
					{
						// 修为
						"sort": 3003,
						"propId": 1002,
						"num": 3100
					},
					{
						// 灵气
						"sort": 3003,
						"propId": 10201,
						"num": 935
					},
					{
						// 妖丹
						"sort": 3003,
						"propId": 10101,
						"num": 1
					},
					{
						// 元神精魄
						"sort": 3003,
						"propId": 10102,
						"num": 50
					}
				]
			}
		}
	},
	"4": {
		"id": 4,
		"name": {"l10n":"-wtbeya"},//第4章
		"level": 40,
		"mapRes": 11001,
		"more": {
			"4001": {
				// 杀敌数
				"sort": 4001,
				"id": 4,
				"bgRes": 4,
				"monsterId": [
					201301,
					201301,
					201302
				],
				"costPropId": 1004,
				"costNum": 500,
				"awards": [
					{
						// 修为
						"sort": 4001,
						"propId": 1002,
						"num": 4300
					},
					{
						// 妖气
						"sort": 4001,
						"propId": 10202,
						"num": 1310
					},
					{
						// 引魂珠
						"sort": 4001,
						"propId": 10204,
						"num": 2
					},
					{
						// 元神精魄
						"sort": 4001,
						"propId": 10102,
						"num": 50
					}
				]
			},
			"4002": {
				// 杀敌数
				"sort": 4002,
				"id": 4,
				"bgRes": 4,
				"monsterId": [
					201302,
					201302
				],
				"costPropId": 1004,
				"costNum": 1000,
				"awards": [
					{
						// 修为
						"sort": 4002,
						"propId": 1002,
						"num": 4300
					},
					{
						// 妖气
						"sort": 4002,
						"propId": 10202,
						"num": 1310
					},
					{
						// 引魂珠
						"sort": 4002,
						"propId": 10204,
						"num": 2
					},
					{
						// 元神精魄
						"sort": 4002,
						"propId": 10102,
						"num": 50
					}
				]
			},
			"4003": {
				// 杀敌数
				"sort": 4003,
				"id": 4,
				"bgRes": 4,
				"monsterId": [
					201303
				],
				"costPropId": 1004,
				"costNum": 2000,
				"awards": [
					{
						// 修为
						"sort": 4003,
						"propId": 1002,
						"num": 5500
					},
					{
						// 妖气
						"sort": 4003,
						"propId": 10202,
						"num": 1680
					},
					{
						// 妖丹
						"sort": 4003,
						"propId": 10101,
						"num": 1
					},
					{
						// 元神精魄
						"sort": 4003,
						"propId": 10102,
						"num": 50
					}
				]
			}
		}
	},
	"5": {
		"id": 5,
		"name": {"l10n":"-wtctiq"},//第5章
		"level": 50,
		"mapRes": 11001,
		"more": {
			"5001": {
				// 杀敌数
				"sort": 5001,
				"id": 5,
				"bgRes": 4,
				"monsterId": [
					201401,
					201401
				],
				"costPropId": 1004,
				"costNum": 3000,
				"awards": [
					{
						// 修为
						"sort": 5001,
						"propId": 1002,
						"num": 6800
					},
					{
						// 灵气
						"sort": 5001,
						"propId": 10201,
						"num": 2060
					},
					{
						// 引魂珠
						"sort": 5001,
						"propId": 10204,
						"num": 2
					},
					{
						// 元神精魄
						"sort": 5001,
						"propId": 10102,
						"num": 50
					}
				]
			},
			"5002": {
				// 杀敌数
				"sort": 5002,
				"id": 5,
				"bgRes": 4,
				"monsterId": [
					201402,
					201402
				],
				"costPropId": 1004,
				"costNum": 4000,
				"awards": [
					{
						// 修为
						"sort": 5002,
						"propId": 1002,
						"num": 6800
					},
					{
						// 灵气
						"sort": 5002,
						"propId": 10201,
						"num": 2060
					},
					{
						// 引魂珠
						"sort": 5002,
						"propId": 10204,
						"num": 2
					},
					{
						// 元神精魄
						"sort": 5002,
						"propId": 10102,
						"num": 50
					}
				]
			},
			"5003": {
				// 杀敌数
				"sort": 5003,
				"id": 5,
				"bgRes": 4,
				"monsterId": [
					201403
				],
				"costPropId": 1004,
				"costNum": 5000,
				"awards": [
					{
						// 修为
						"sort": 5003,
						"propId": 1002,
						"num": 6800
					},
					{
						// 灵气
						"sort": 5003,
						"propId": 10201,
						"num": 2060
					},
					{
						// 妖丹
						"sort": 5003,
						"propId": 10101,
						"num": 1
					},
					{
						// 元神精魄
						"sort": 5003,
						"propId": 10102,
						"num": 50
					}
				]
			}
		}
	},
	"6": {
		"id": 6,
		"name": {"l10n":"-wte836"},//第6章
		"level": 60,
		"mapRes": 11001,
		"more": {
			"6001": {
				// 杀敌数
				"sort": 6001,
				"id": 6,
				"bgRes": 4,
				"monsterId": [
					201501,
					201501
				],
				"costPropId": 1004,
				"costNum": 6000,
				"awards": [
					{
						// 修为
						"sort": 6001,
						"propId": 1002,
						"num": 6800
					},
					{
						// 妖气
						"sort": 6001,
						"propId": 10202,
						"num": 2060
					},
					{
						// 引魂珠
						"sort": 6001,
						"propId": 10204,
						"num": 2
					},
					{
						// 元神精魄
						"sort": 6001,
						"propId": 10102,
						"num": 50
					}
				]
			},
			"6002": {
				// 杀敌数
				"sort": 6002,
				"id": 6,
				"bgRes": 4,
				"monsterId": [
					201502,
					201502
				],
				"costPropId": 1004,
				"costNum": 7000,
				"awards": [
					{
						// 修为
						"sort": 6002,
						"propId": 1002,
						"num": 6800
					},
					{
						// 妖气
						"sort": 6002,
						"propId": 10202,
						"num": 2060
					},
					{
						// 引魂珠
						"sort": 6002,
						"propId": 10204,
						"num": 2
					},
					{
						// 元神精魄
						"sort": 6002,
						"propId": 10102,
						"num": 50
					}
				]
			},
			"6003": {
				// 杀敌数
				"sort": 6003,
				"id": 6,
				"bgRes": 4,
				"monsterId": [
					201503
				],
				"costPropId": 1004,
				"costNum": 8000,
				"awards": [
					{
						// 修为
						"sort": 6003,
						"propId": 1002,
						"num": 6800
					},
					{
						// 妖气
						"sort": 6003,
						"propId": 10202,
						"num": 2060
					},
					{
						// 妖丹
						"sort": 6003,
						"propId": 10101,
						"num": 1
					},
					{
						// 元神精魄
						"sort": 6003,
						"propId": 10102,
						"num": 50
					}
				]
			}
		}
	},
	"7": {
		"id": 7,
		"name": {"l10n":"-wtfmnm"},//第7章
		"level": 70,
		"mapRes": 11001,
		"more": {
			"7001": {
				// 杀敌数
				"sort": 7001,
				"id": 7,
				"bgRes": 4,
				"monsterId": [
					201601,
					201601
				],
				"costPropId": 1004,
				"costNum": 9000,
				"awards": [
					{
						// 修为
						"sort": 7001,
						"propId": 1002,
						"num": 6800
					},
					{
						// 灵气
						"sort": 7001,
						"propId": 10201,
						"num": 2450
					},
					{
						// 引魂珠
						"sort": 7001,
						"propId": 10204,
						"num": 3
					},
					{
						// 元神精魄
						"sort": 7001,
						"propId": 10102,
						"num": 50
					}
				]
			},
			"7002": {
				// 杀敌数
				"sort": 7002,
				"id": 7,
				"bgRes": 4,
				"monsterId": [
					201602,
					201602
				],
				"costPropId": 1004,
				"costNum": 10000,
				"awards": [
					{
						// 修为
						"sort": 7002,
						"propId": 1002,
						"num": 6800
					},
					{
						// 灵气
						"sort": 7002,
						"propId": 10201,
						"num": 2450
					},
					{
						// 引魂珠
						"sort": 7002,
						"propId": 10204,
						"num": 3
					},
					{
						// 元神精魄
						"sort": 7002,
						"propId": 10102,
						"num": 50
					}
				]
			},
			"7003": {
				// 杀敌数
				"sort": 7003,
				"id": 7,
				"bgRes": 4,
				"monsterId": [
					201603
				],
				"costPropId": 1004,
				"costNum": 11000,
				"awards": [
					{
						// 修为
						"sort": 7003,
						"propId": 1002,
						"num": 6800
					},
					{
						// 灵气
						"sort": 7003,
						"propId": 10201,
						"num": 2450
					},
					{
						// 妖丹
						"sort": 7003,
						"propId": 10101,
						"num": 1
					},
					{
						// 元神精魄
						"sort": 7003,
						"propId": 10102,
						"num": 50
					}
				]
			}
		}
	},
	"8": {
		"id": 8,
		"name": {"l10n":"-wsuk4y"},//第8章
		"level": 80,
		"mapRes": 11001,
		"more": {
			"8001": {
				// 杀敌数
				"sort": 8001,
				"id": 8,
				"bgRes": 4,
				"monsterId": [
					201701,
					201701
				],
				"costPropId": 1004,
				"costNum": 12000,
				"awards": [
					{
						// 修为
						"sort": 8001,
						"propId": 1002,
						"num": 6800
					},
					{
						// 妖气
						"sort": 8001,
						"propId": 10202,
						"num": 2450
					},
					{
						// 引魂珠
						"sort": 8001,
						"propId": 10204,
						"num": 3
					},
					{
						// 元神精魄
						"sort": 8001,
						"propId": 10102,
						"num": 50
					}
				]
			},
			"8002": {
				// 杀敌数
				"sort": 8002,
				"id": 8,
				"bgRes": 4,
				"monsterId": [
					201702,
					201702
				],
				"costPropId": 1004,
				"costNum": 19000,
				"awards": [
					{
						// 修为
						"sort": 8002,
						"propId": 1002,
						"num": 6800
					},
					{
						// 妖气
						"sort": 8002,
						"propId": 10202,
						"num": 2450
					},
					{
						// 引魂珠
						"sort": 8002,
						"propId": 10204,
						"num": 3
					},
					{
						// 元神精魄
						"sort": 8002,
						"propId": 10102,
						"num": 50
					}
				]
			},
			"8003": {
				// 杀敌数
				"sort": 8003,
				"id": 8,
				"bgRes": 4,
				"monsterId": [
					201703
				],
				"costPropId": 1004,
				"costNum": 19000,
				"awards": [
					{
						// 修为
						"sort": 8003,
						"propId": 1002,
						"num": 6800
					},
					{
						// 妖气
						"sort": 8003,
						"propId": 10202,
						"num": 2450
					},
					{
						// 妖丹
						"sort": 8003,
						"propId": 10101,
						"num": 1
					},
					{
						// 元神精魄
						"sort": 8003,
						"propId": 10102,
						"num": 50
					}
				]
			}
		}
	},
	"9": {
		"id": 9,
		"name": {"l10n":"-wsvype"},//第9章
		"level": 90,
		"mapRes": 11001,
		"more": {
			"9001": {
				// 杀敌数
				"sort": 9001,
				"id": 9,
				"bgRes": 4,
				"monsterId": [
					201801,
					201801
				],
				"costPropId": 1004,
				"costNum": 19000,
				"awards": [
					{
						// 修为
						"sort": 9001,
						"propId": 1002,
						"num": 6800
					},
					{
						// 灵气
						"sort": 9001,
						"propId": 10201,
						"num": 2450
					},
					{
						// 引魂珠
						"sort": 9001,
						"propId": 10204,
						"num": 3
					},
					{
						// 元神精魄
						"sort": 9001,
						"propId": 10102,
						"num": 50
					}
				]
			},
			"9002": {
				// 杀敌数
				"sort": 9002,
				"id": 9,
				"bgRes": 4,
				"monsterId": [
					201802,
					201802
				],
				"costPropId": 1004,
				"costNum": 19000,
				"awards": [
					{
						// 修为
						"sort": 9002,
						"propId": 1002,
						"num": 6800
					},
					{
						// 灵气
						"sort": 9002,
						"propId": 10201,
						"num": 2450
					},
					{
						// 引魂珠
						"sort": 9002,
						"propId": 10204,
						"num": 3
					},
					{
						// 元神精魄
						"sort": 9002,
						"propId": 10102,
						"num": 50
					}
				]
			},
			"9003": {
				// 杀敌数
				"sort": 9003,
				"id": 9,
				"bgRes": 4,
				"monsterId": [
					201803
				],
				"costPropId": 1004,
				"costNum": 20500,
				"awards": [
					{
						// 修为
						"sort": 9003,
						"propId": 1002,
						"num": 7400
					},
					{
						// 灵气
						"sort": 9003,
						"propId": 10201,
						"num": 2670
					},
					{
						// 妖丹
						"sort": 9003,
						"propId": 10101,
						"num": 1
					},
					{
						// 元神精魄
						"sort": 9003,
						"propId": 10102,
						"num": 50
					}
				]
			}
		}
	},
	"10": {
		"id": 10,
		"name": {"l10n":"-l9ago2"},//第10章
		"level": 100,
		"mapRes": 11001,
		"more": {
			"10001": {
				// 杀敌数
				"sort": 10001,
				"id": 10,
				"bgRes": 4,
				"monsterId": [
					201901,
					201901
				],
				"costPropId": 1004,
				"costNum": 34500,
				"awards": [
					{
						// 修为
						"sort": 10001,
						"propId": 1002,
						"num": 12000
					},
					{
						// 妖气
						"sort": 10001,
						"propId": 10202,
						"num": 4690
					},
					{
						// 引魂珠
						"sort": 10001,
						"propId": 10204,
						"num": 4
					},
					{
						// 元神精魄
						"sort": 10001,
						"propId": 10102,
						"num": 20
					}
				]
			},
			"10002": {
				// 杀敌数
				"sort": 10002,
				"id": 10,
				"bgRes": 4,
				"monsterId": [
					201902,
					201902
				],
				"costPropId": 1004,
				"costNum": 34500,
				"awards": [
					{
						// 修为
						"sort": 10002,
						"propId": 1002,
						"num": 12000
					},
					{
						// 妖气
						"sort": 10002,
						"propId": 10202,
						"num": 4690
					},
					{
						// 引魂珠
						"sort": 10002,
						"propId": 10204,
						"num": 4
					},
					{
						// 元神精魄
						"sort": 10002,
						"propId": 10102,
						"num": 20
					}
				]
			},
			"10003": {
				// 杀敌数
				"sort": 10003,
				"id": 10,
				"bgRes": 4,
				"monsterId": [
					201903,
					201903,
					201903
				],
				"costPropId": 1004,
				"costNum": 34500,
				"awards": [
					{
						// 修为
						"sort": 10003,
						"propId": 1002,
						"num": 12000
					},
					{
						// 妖气
						"sort": 10003,
						"propId": 10202,
						"num": 4690
					},
					{
						// 引魂珠
						"sort": 10003,
						"propId": 10204,
						"num": 4
					},
					{
						// 元神精魄
						"sort": 10003,
						"propId": 10102,
						"num": 20
					}
				]
			},
			"10004": {
				// 杀敌数
				"sort": 10004,
				"id": 10,
				"bgRes": 4,
				"monsterId": [
					201904,
					201904,
					201904
				],
				"costPropId": 1004,
				"costNum": 34500,
				"awards": [
					{
						// 修为
						"sort": 10004,
						"propId": 1002,
						"num": 12000
					},
					{
						// 妖气
						"sort": 10004,
						"propId": 10202,
						"num": 4690
					},
					{
						// 引魂珠
						"sort": 10004,
						"propId": 10204,
						"num": 4
					},
					{
						// 元神精魄
						"sort": 10004,
						"propId": 10102,
						"num": 20
					}
				]
			},
			"10005": {
				// 杀敌数
				"sort": 10005,
				"id": 10,
				"bgRes": 4,
				"monsterId": [
					201905
				],
				"costPropId": 1004,
				"costNum": 34500,
				"awards": [
					{
						// 修为
						"sort": 10005,
						"propId": 1002,
						"num": 12000
					},
					{
						// 妖气
						"sort": 10005,
						"propId": 10202,
						"num": 4690
					},
					{
						// 妖丹
						"sort": 10005,
						"propId": 10101,
						"num": 1
					},
					{
						// 元神精魄
						"sort": 10005,
						"propId": 10102,
						"num": 20
					}
				]
			}
		}
	},
	"11": {
		"id": 11,
		"name": {"l10n":"nvez7d"},//第11章
		"level": 110,
		"mapRes": 11001,
		"more": {
			"11001": {
				// 杀敌数
				"sort": 11001,
				"id": 11,
				"bgRes": 4,
				"monsterId": [
					202001,
					202001
				],
				"costPropId": 1004,
				"costNum": 69500,
				"awards": [
					{
						// 修为
						"sort": 11001,
						"propId": 1002,
						"num": 24500
					},
					{
						// 灵气
						"sort": 11001,
						"propId": 10201,
						"num": 9610
					},
					{
						// 引魂珠
						"sort": 11001,
						"propId": 10204,
						"num": 5
					},
					{
						// 元神精魄
						"sort": 11001,
						"propId": 10102,
						"num": 20
					}
				]
			},
			"11002": {
				// 杀敌数
				"sort": 11002,
				"id": 11,
				"bgRes": 4,
				"monsterId": [
					202002,
					202002
				],
				"costPropId": 1004,
				"costNum": 69500,
				"awards": [
					{
						// 修为
						"sort": 11002,
						"propId": 1002,
						"num": 24500
					},
					{
						// 灵气
						"sort": 11002,
						"propId": 10201,
						"num": 9610
					},
					{
						// 引魂珠
						"sort": 11002,
						"propId": 10204,
						"num": 5
					},
					{
						// 元神精魄
						"sort": 11002,
						"propId": 10102,
						"num": 20
					}
				]
			},
			"11003": {
				// 杀敌数
				"sort": 11003,
				"id": 11,
				"bgRes": 4,
				"monsterId": [
					202003,
					202003,
					202003
				],
				"costPropId": 1004,
				"costNum": 69500,
				"awards": [
					{
						// 修为
						"sort": 11003,
						"propId": 1002,
						"num": 24500
					},
					{
						// 灵气
						"sort": 11003,
						"propId": 10201,
						"num": 9610
					},
					{
						// 引魂珠
						"sort": 11003,
						"propId": 10204,
						"num": 5
					},
					{
						// 元神精魄
						"sort": 11003,
						"propId": 10102,
						"num": 20
					}
				]
			},
			"11004": {
				// 杀敌数
				"sort": 11004,
				"id": 11,
				"bgRes": 4,
				"monsterId": [
					202004,
					202004,
					202004
				],
				"costPropId": 1004,
				"costNum": 69500,
				"awards": [
					{
						// 修为
						"sort": 11004,
						"propId": 1002,
						"num": 24500
					},
					{
						// 灵气
						"sort": 11004,
						"propId": 10201,
						"num": 9610
					},
					{
						// 引魂珠
						"sort": 11004,
						"propId": 10204,
						"num": 5
					},
					{
						// 元神精魄
						"sort": 11004,
						"propId": 10102,
						"num": 20
					}
				]
			},
			"11005": {
				// 杀敌数
				"sort": 11005,
				"id": 11,
				"bgRes": 4,
				"monsterId": [
					202005
				],
				"costPropId": 1004,
				"costNum": 69500,
				"awards": [
					{
						// 修为
						"sort": 11005,
						"propId": 1002,
						"num": 24500
					},
					{
						// 灵气
						"sort": 11005,
						"propId": 10201,
						"num": 9610
					},
					{
						// 妖丹
						"sort": 11005,
						"propId": 10101,
						"num": 1
					},
					{
						// 元神精魄
						"sort": 11005,
						"propId": 10102,
						"num": 20
					}
				]
			}
		}
	},
	"12": {
		"id": 12,
		"name": {"l10n":"-20zmwc"},//第12章
		"level": 120,
		"mapRes": 11001,
		"more": {
			"12001": {
				// 杀敌数
				"sort": 12001,
				"id": 12,
				"bgRes": 4,
				"monsterId": [
					202101,
					202101
				],
				"costPropId": 1004,
				"costNum": 69500,
				"awards": [
					{
						// 修为
						"sort": 12001,
						"propId": 1002,
						"num": 24500
					},
					{
						// 妖气
						"sort": 12001,
						"propId": 10202,
						"num": 10300
					},
					{
						// 引魂珠
						"sort": 12001,
						"propId": 10204,
						"num": 6
					},
					{
						// 元神精魄
						"sort": 12001,
						"propId": 10102,
						"num": 20
					}
				]
			},
			"12002": {
				// 杀敌数
				"sort": 12002,
				"id": 12,
				"bgRes": 4,
				"monsterId": [
					202102,
					202102,
					202102
				],
				"costPropId": 1004,
				"costNum": 69500,
				"awards": [
					{
						// 修为
						"sort": 12002,
						"propId": 1002,
						"num": 24500
					},
					{
						// 妖气
						"sort": 12002,
						"propId": 10202,
						"num": 10300
					},
					{
						// 引魂珠
						"sort": 12002,
						"propId": 10204,
						"num": 6
					},
					{
						// 元神精魄
						"sort": 12002,
						"propId": 10102,
						"num": 20
					}
				]
			},
			"12003": {
				// 杀敌数
				"sort": 12003,
				"id": 12,
				"bgRes": 4,
				"monsterId": [
					202103,
					202103
				],
				"costPropId": 1004,
				"costNum": 69500,
				"awards": [
					{
						// 修为
						"sort": 12003,
						"propId": 1002,
						"num": 24500
					},
					{
						// 妖气
						"sort": 12003,
						"propId": 10202,
						"num": 10300
					},
					{
						// 引魂珠
						"sort": 12003,
						"propId": 10204,
						"num": 6
					},
					{
						// 元神精魄
						"sort": 12003,
						"propId": 10102,
						"num": 20
					}
				]
			},
			"12004": {
				// 杀敌数
				"sort": 12004,
				"id": 12,
				"bgRes": 4,
				"monsterId": [
					202104,
					202104
				],
				"costPropId": 1004,
				"costNum": 69500,
				"awards": [
					{
						// 修为
						"sort": 12004,
						"propId": 1002,
						"num": 24500
					},
					{
						// 妖气
						"sort": 12004,
						"propId": 10202,
						"num": 10300
					},
					{
						// 引魂珠
						"sort": 12004,
						"propId": 10204,
						"num": 6
					},
					{
						// 元神精魄
						"sort": 12004,
						"propId": 10102,
						"num": 20
					}
				]
			},
			"12005": {
				// 杀敌数
				"sort": 12005,
				"id": 12,
				"bgRes": 4,
				"monsterId": [
					202105
				],
				"costPropId": 1004,
				"costNum": 69500,
				"awards": [
					{
						// 修为
						"sort": 12005,
						"propId": 1002,
						"num": 24500
					},
					{
						// 妖气
						"sort": 12005,
						"propId": 10202,
						"num": 10300
					},
					{
						// 妖丹
						"sort": 12005,
						"propId": 10101,
						"num": 1
					},
					{
						// 元神精魄
						"sort": 12005,
						"propId": 10102,
						"num": 20
					}
				]
			}
		}
	},
	"13": {
		"id": 13,
		"name": {"l10n":"-rxe901"},//第13章
		"level": 130,
		"mapRes": 11001,
		"more": {
			"13001": {
				// 杀敌数
				"sort": 13001,
				"id": 13,
				"bgRes": 4,
				"monsterId": [
					202201,
					202201
				],
				"costPropId": 1004,
				"costNum": 104000,
				"awards": [
					{
						// 修为
						"sort": 13001,
						"propId": 1002,
						"num": 37000
					},
					{
						// 灵气
						"sort": 13001,
						"propId": 10201,
						"num": 17550
					},
					{
						// 引魂珠
						"sort": 13001,
						"propId": 10204,
						"num": 8
					},
					{
						// 元神精魄
						"sort": 13001,
						"propId": 10102,
						"num": 10
					}
				]
			},
			"13002": {
				// 杀敌数
				"sort": 13002,
				"id": 13,
				"bgRes": 4,
				"monsterId": [
					202202,
					202202,
					202202
				],
				"costPropId": 1004,
				"costNum": 104000,
				"awards": [
					{
						// 修为
						"sort": 13002,
						"propId": 1002,
						"num": 37000
					},
					{
						// 灵气
						"sort": 13002,
						"propId": 10201,
						"num": 17550
					},
					{
						// 引魂珠
						"sort": 13002,
						"propId": 10204,
						"num": 8
					},
					{
						// 元神精魄
						"sort": 13002,
						"propId": 10102,
						"num": 10
					}
				]
			},
			"13003": {
				// 杀敌数
				"sort": 13003,
				"id": 13,
				"bgRes": 4,
				"monsterId": [
					202203,
					202203
				],
				"costPropId": 1004,
				"costNum": 104000,
				"awards": [
					{
						// 修为
						"sort": 13003,
						"propId": 1002,
						"num": 37000
					},
					{
						// 灵气
						"sort": 13003,
						"propId": 10201,
						"num": 17550
					},
					{
						// 引魂珠
						"sort": 13003,
						"propId": 10204,
						"num": 8
					},
					{
						// 元神精魄
						"sort": 13003,
						"propId": 10102,
						"num": 10
					}
				]
			},
			"13004": {
				// 杀敌数
				"sort": 13004,
				"id": 13,
				"bgRes": 4,
				"monsterId": [
					202204,
					202204
				],
				"costPropId": 1004,
				"costNum": 104000,
				"awards": [
					{
						// 修为
						"sort": 13004,
						"propId": 1002,
						"num": 37000
					},
					{
						// 灵气
						"sort": 13004,
						"propId": 10201,
						"num": 17550
					},
					{
						// 引魂珠
						"sort": 13004,
						"propId": 10204,
						"num": 8
					},
					{
						// 元神精魄
						"sort": 13004,
						"propId": 10102,
						"num": 10
					}
				]
			},
			"13005": {
				// 杀敌数
				"sort": 13005,
				"id": 13,
				"bgRes": 4,
				"monsterId": [
					202205,
					202205,
					202205
				],
				"costPropId": 1004,
				"costNum": 104000,
				"awards": [
					{
						// 修为
						"sort": 13005,
						"propId": 1002,
						"num": 37000
					},
					{
						// 灵气
						"sort": 13005,
						"propId": 10201,
						"num": 17550
					},
					{
						// 引魂珠
						"sort": 13005,
						"propId": 10204,
						"num": 8
					},
					{
						// 元神精魄
						"sort": 13005,
						"propId": 10102,
						"num": 10
					}
				]
			},
			"13006": {
				// 杀敌数
				"sort": 13006,
				"id": 13,
				"bgRes": 4,
				"monsterId": [
					202206,
					202206
				],
				"costPropId": 1004,
				"costNum": 104000,
				"awards": [
					{
						// 修为
						"sort": 13006,
						"propId": 1002,
						"num": 37000
					},
					{
						// 灵气
						"sort": 13006,
						"propId": 10201,
						"num": 17550
					},
					{
						// 引魂珠
						"sort": 13006,
						"propId": 10204,
						"num": 8
					},
					{
						// 元神精魄
						"sort": 13006,
						"propId": 10102,
						"num": 10
					}
				]
			},
			"13007": {
				// 杀敌数
				"sort": 13007,
				"id": 13,
				"bgRes": 4,
				"monsterId": [
					202207,
					202207
				],
				"costPropId": 1004,
				"costNum": 104000,
				"awards": [
					{
						// 修为
						"sort": 13007,
						"propId": 1002,
						"num": 37000
					},
					{
						// 灵气
						"sort": 13007,
						"propId": 10201,
						"num": 17550
					},
					{
						// 引魂珠
						"sort": 13007,
						"propId": 10204,
						"num": 8
					},
					{
						// 元神精魄
						"sort": 13007,
						"propId": 10102,
						"num": 10
					}
				]
			},
			"13008": {
				// 杀敌数
				"sort": 13008,
				"id": 13,
				"bgRes": 4,
				"monsterId": [
					202208,
					202208
				],
				"costPropId": 1004,
				"costNum": 104000,
				"awards": [
					{
						// 修为
						"sort": 13008,
						"propId": 1002,
						"num": 37000
					},
					{
						// 灵气
						"sort": 13008,
						"propId": 10201,
						"num": 17550
					},
					{
						// 引魂珠
						"sort": 13008,
						"propId": 10204,
						"num": 8
					},
					{
						// 元神精魄
						"sort": 13008,
						"propId": 10102,
						"num": 10
					}
				]
			},
			"13009": {
				// 杀敌数
				"sort": 13009,
				"id": 13,
				"bgRes": 4,
				"monsterId": [
					202209,
					202209,
					202209
				],
				"costPropId": 1004,
				"costNum": 104000,
				"awards": [
					{
						// 修为
						"sort": 13009,
						"propId": 1002,
						"num": 37000
					},
					{
						// 灵气
						"sort": 13009,
						"propId": 10201,
						"num": 17550
					},
					{
						// 引魂珠
						"sort": 13009,
						"propId": 10204,
						"num": 8
					},
					{
						// 元神精魄
						"sort": 13009,
						"propId": 10102,
						"num": 10
					}
				]
			},
			"13010": {
				// 杀敌数
				"sort": 13010,
				"id": 13,
				"bgRes": 4,
				"monsterId": [
					202210
				],
				"costPropId": 1004,
				"costNum": 104000,
				"awards": [
					{
						// 修为
						"sort": 13010,
						"propId": 1002,
						"num": 37000
					},
					{
						// 灵气
						"sort": 13010,
						"propId": 10201,
						"num": 17550
					},
					{
						// 妖丹
						"sort": 13010,
						"propId": 10101,
						"num": 1
					},
					{
						// 元神精魄
						"sort": 13010,
						"propId": 10102,
						"num": 10
					}
				]
			}
		}
	},
	"14": {
		"id": 14,
		"name": {"l10n":"h7b6ve"},//第14章
		"level": 140,
		"mapRes": 11001,
		"more": {
			"14001": {
				// 杀敌数
				"sort": 14001,
				"id": 14,
				"bgRes": 4,
				"monsterId": [
					202301,
					202301
				],
				"costPropId": 1004,
				"costNum": 156000,
				"awards": [
					{
						// 修为
						"sort": 14001,
						"propId": 1002,
						"num": 55500
					},
					{
						// 妖气
						"sort": 14001,
						"propId": 10202,
						"num": 26350
					},
					{
						// 引魂珠
						"sort": 14001,
						"propId": 10204,
						"num": 8
					},
					{
						// 元神精魄
						"sort": 14001,
						"propId": 10102,
						"num": 10
					}
				]
			},
			"14002": {
				// 杀敌数
				"sort": 14002,
				"id": 14,
				"bgRes": 4,
				"monsterId": [
					202302,
					202302
				],
				"costPropId": 1004,
				"costNum": 156000,
				"awards": [
					{
						// 修为
						"sort": 14002,
						"propId": 1002,
						"num": 55500
					},
					{
						// 妖气
						"sort": 14002,
						"propId": 10202,
						"num": 26350
					},
					{
						// 引魂珠
						"sort": 14002,
						"propId": 10204,
						"num": 8
					},
					{
						// 元神精魄
						"sort": 14002,
						"propId": 10102,
						"num": 10
					}
				]
			},
			"14003": {
				// 杀敌数
				"sort": 14003,
				"id": 14,
				"bgRes": 4,
				"monsterId": [
					202303,
					202303,
					202303
				],
				"costPropId": 1004,
				"costNum": 156000,
				"awards": [
					{
						// 修为
						"sort": 14003,
						"propId": 1002,
						"num": 55500
					},
					{
						// 妖气
						"sort": 14003,
						"propId": 10202,
						"num": 26350
					},
					{
						// 引魂珠
						"sort": 14003,
						"propId": 10204,
						"num": 8
					},
					{
						// 元神精魄
						"sort": 14003,
						"propId": 10102,
						"num": 10
					}
				]
			},
			"14004": {
				// 杀敌数
				"sort": 14004,
				"id": 14,
				"bgRes": 4,
				"monsterId": [
					202304,
					202304
				],
				"costPropId": 1004,
				"costNum": 156000,
				"awards": [
					{
						// 修为
						"sort": 14004,
						"propId": 1002,
						"num": 55500
					},
					{
						// 妖气
						"sort": 14004,
						"propId": 10202,
						"num": 26350
					},
					{
						// 引魂珠
						"sort": 14004,
						"propId": 10204,
						"num": 8
					},
					{
						// 元神精魄
						"sort": 14004,
						"propId": 10102,
						"num": 10
					}
				]
			},
			"14005": {
				// 杀敌数
				"sort": 14005,
				"id": 14,
				"bgRes": 4,
				"monsterId": [
					202305,
					202305,
					202305
				],
				"costPropId": 1004,
				"costNum": 156000,
				"awards": [
					{
						// 修为
						"sort": 14005,
						"propId": 1002,
						"num": 55500
					},
					{
						// 妖气
						"sort": 14005,
						"propId": 10202,
						"num": 26350
					},
					{
						// 引魂珠
						"sort": 14005,
						"propId": 10204,
						"num": 8
					},
					{
						// 元神精魄
						"sort": 14005,
						"propId": 10102,
						"num": 10
					}
				]
			},
			"14006": {
				// 杀敌数
				"sort": 14006,
				"id": 14,
				"bgRes": 4,
				"monsterId": [
					202306,
					202306,
					202306
				],
				"costPropId": 1004,
				"costNum": 156000,
				"awards": [
					{
						// 修为
						"sort": 14006,
						"propId": 1002,
						"num": 55500
					},
					{
						// 妖气
						"sort": 14006,
						"propId": 10202,
						"num": 26350
					},
					{
						// 引魂珠
						"sort": 14006,
						"propId": 10204,
						"num": 8
					},
					{
						// 元神精魄
						"sort": 14006,
						"propId": 10102,
						"num": 10
					}
				]
			},
			"14007": {
				// 杀敌数
				"sort": 14007,
				"id": 14,
				"bgRes": 4,
				"monsterId": [
					202307,
					202307
				],
				"costPropId": 1004,
				"costNum": 156000,
				"awards": [
					{
						// 修为
						"sort": 14007,
						"propId": 1002,
						"num": 55500
					},
					{
						// 妖气
						"sort": 14007,
						"propId": 10202,
						"num": 26350
					},
					{
						// 引魂珠
						"sort": 14007,
						"propId": 10204,
						"num": 8
					},
					{
						// 元神精魄
						"sort": 14007,
						"propId": 10102,
						"num": 10
					}
				]
			},
			"14008": {
				// 杀敌数
				"sort": 14008,
				"id": 14,
				"bgRes": 4,
				"monsterId": [
					202308,
					202308
				],
				"costPropId": 1004,
				"costNum": 156000,
				"awards": [
					{
						// 修为
						"sort": 14008,
						"propId": 1002,
						"num": 55500
					},
					{
						// 妖气
						"sort": 14008,
						"propId": 10202,
						"num": 26350
					},
					{
						// 引魂珠
						"sort": 14008,
						"propId": 10204,
						"num": 8
					},
					{
						// 元神精魄
						"sort": 14008,
						"propId": 10102,
						"num": 10
					}
				]
			},
			"14009": {
				// 杀敌数
				"sort": 14009,
				"id": 14,
				"bgRes": 4,
				"monsterId": [
					202309,
					202309,
					202309
				],
				"costPropId": 1004,
				"costNum": 156000,
				"awards": [
					{
						// 修为
						"sort": 14009,
						"propId": 1002,
						"num": 55500
					},
					{
						// 妖气
						"sort": 14009,
						"propId": 10202,
						"num": 26350
					},
					{
						// 引魂珠
						"sort": 14009,
						"propId": 10204,
						"num": 8
					},
					{
						// 元神精魄
						"sort": 14009,
						"propId": 10102,
						"num": 10
					}
				]
			},
			"14010": {
				// 杀敌数
				"sort": 14010,
				"id": 14,
				"bgRes": 4,
				"monsterId": [
					202310
				],
				"costPropId": 1004,
				"costNum": 156000,
				"awards": [
					{
						// 修为
						"sort": 14010,
						"propId": 1002,
						"num": 55500
					},
					{
						// 妖气
						"sort": 14010,
						"propId": 10202,
						"num": 26350
					},
					{
						// 妖丹
						"sort": 14010,
						"propId": 10101,
						"num": 1
					},
					{
						// 元神精魄
						"sort": 14010,
						"propId": 10102,
						"num": 10
					}
				]
			}
		}
	},
	"15": {
		"id": 15,
		"name": {"l10n":"-8p3f8b"},//第15章
		"level": 150,
		"mapRes": 11001,
		"more": {
			"15001": {
				// 杀敌数
				"sort": 15001,
				"id": 15,
				"bgRes": 4,
				"monsterId": [
					202401,
					202401
				],
				"costPropId": 1004,
				"costNum": 260500,
				"awards": [
					{
						// 修为
						"sort": 15001,
						"propId": 1002,
						"num": 93000
					},
					{
						// 灵气
						"sort": 15001,
						"propId": 10201,
						"num": 43950
					},
					{
						// 引魂珠
						"sort": 15001,
						"propId": 10204,
						"num": 8
					},
					{
						// 元神精魄
						"sort": 15001,
						"propId": 10102,
						"num": 10
					}
				]
			},
			"15002": {
				// 杀敌数
				"sort": 15002,
				"id": 15,
				"bgRes": 4,
				"monsterId": [
					202402,
					202402,
					202402
				],
				"costPropId": 1004,
				"costNum": 260500,
				"awards": [
					{
						// 修为
						"sort": 15002,
						"propId": 1002,
						"num": 93000
					},
					{
						// 灵气
						"sort": 15002,
						"propId": 10201,
						"num": 43950
					},
					{
						// 引魂珠
						"sort": 15002,
						"propId": 10204,
						"num": 8
					},
					{
						// 元神精魄
						"sort": 15002,
						"propId": 10102,
						"num": 10
					}
				]
			},
			"15003": {
				// 杀敌数
				"sort": 15003,
				"id": 15,
				"bgRes": 4,
				"monsterId": [
					202403
				],
				"costPropId": 1004,
				"costNum": 260500,
				"awards": [
					{
						// 修为
						"sort": 15003,
						"propId": 1002,
						"num": 93000
					},
					{
						// 灵气
						"sort": 15003,
						"propId": 10201,
						"num": 43950
					},
					{
						// 引魂珠
						"sort": 15003,
						"propId": 10204,
						"num": 8
					},
					{
						// 元神精魄
						"sort": 15003,
						"propId": 10102,
						"num": 10
					}
				]
			},
			"15004": {
				// 杀敌数
				"sort": 15004,
				"id": 15,
				"bgRes": 4,
				"monsterId": [
					202404,
					202404
				],
				"costPropId": 1004,
				"costNum": 260500,
				"awards": [
					{
						// 修为
						"sort": 15004,
						"propId": 1002,
						"num": 93000
					},
					{
						// 灵气
						"sort": 15004,
						"propId": 10201,
						"num": 43950
					},
					{
						// 引魂珠
						"sort": 15004,
						"propId": 10204,
						"num": 8
					},
					{
						// 元神精魄
						"sort": 15004,
						"propId": 10102,
						"num": 10
					}
				]
			},
			"15005": {
				// 杀敌数
				"sort": 15005,
				"id": 15,
				"bgRes": 4,
				"monsterId": [
					202405,
					202405,
					202405
				],
				"costPropId": 1004,
				"costNum": 260500,
				"awards": [
					{
						// 修为
						"sort": 15005,
						"propId": 1002,
						"num": 93000
					},
					{
						// 灵气
						"sort": 15005,
						"propId": 10201,
						"num": 43950
					},
					{
						// 引魂珠
						"sort": 15005,
						"propId": 10204,
						"num": 8
					},
					{
						// 元神精魄
						"sort": 15005,
						"propId": 10102,
						"num": 10
					}
				]
			},
			"15006": {
				// 杀敌数
				"sort": 15006,
				"id": 15,
				"bgRes": 4,
				"monsterId": [
					202406,
					202406
				],
				"costPropId": 1004,
				"costNum": 260500,
				"awards": [
					{
						// 修为
						"sort": 15006,
						"propId": 1002,
						"num": 93000
					},
					{
						// 灵气
						"sort": 15006,
						"propId": 10201,
						"num": 43950
					},
					{
						// 引魂珠
						"sort": 15006,
						"propId": 10204,
						"num": 8
					},
					{
						// 元神精魄
						"sort": 15006,
						"propId": 10102,
						"num": 10
					}
				]
			},
			"15007": {
				// 杀敌数
				"sort": 15007,
				"id": 15,
				"bgRes": 4,
				"monsterId": [
					202407,
					202407
				],
				"costPropId": 1004,
				"costNum": 260500,
				"awards": [
					{
						// 修为
						"sort": 15007,
						"propId": 1002,
						"num": 93000
					},
					{
						// 灵气
						"sort": 15007,
						"propId": 10201,
						"num": 43950
					},
					{
						// 引魂珠
						"sort": 15007,
						"propId": 10204,
						"num": 8
					},
					{
						// 元神精魄
						"sort": 15007,
						"propId": 10102,
						"num": 10
					}
				]
			},
			"15008": {
				// 杀敌数
				"sort": 15008,
				"id": 15,
				"bgRes": 4,
				"monsterId": [
					202408
				],
				"costPropId": 1004,
				"costNum": 260500,
				"awards": [
					{
						// 修为
						"sort": 15008,
						"propId": 1002,
						"num": 93000
					},
					{
						// 灵气
						"sort": 15008,
						"propId": 10201,
						"num": 43950
					},
					{
						// 引魂珠
						"sort": 15008,
						"propId": 10204,
						"num": 8
					},
					{
						// 元神精魄
						"sort": 15008,
						"propId": 10102,
						"num": 10
					}
				]
			},
			"15009": {
				// 杀敌数
				"sort": 15009,
				"id": 15,
				"bgRes": 4,
				"monsterId": [
					202409,
					202409,
					202409
				],
				"costPropId": 1004,
				"costNum": 260500,
				"awards": [
					{
						// 修为
						"sort": 15009,
						"propId": 1002,
						"num": 93000
					},
					{
						// 灵气
						"sort": 15009,
						"propId": 10201,
						"num": 43950
					},
					{
						// 引魂珠
						"sort": 15009,
						"propId": 10204,
						"num": 8
					},
					{
						// 元神精魄
						"sort": 15009,
						"propId": 10102,
						"num": 10
					}
				]
			},
			"15010": {
				// 杀敌数
				"sort": 15010,
				"id": 15,
				"bgRes": 4,
				"monsterId": [
					202410
				],
				"costPropId": 1004,
				"costNum": 260500,
				"awards": [
					{
						// 修为
						"sort": 15010,
						"propId": 1002,
						"num": 93000
					},
					{
						// 灵气
						"sort": 15010,
						"propId": 10201,
						"num": 43950
					},
					{
						// 妖丹
						"sort": 15010,
						"propId": 10101,
						"num": 1
					},
					{
						// 元神精魄
						"sort": 15010,
						"propId": 10102,
						"num": 10
					}
				]
			}
		}
	},
	"16": {
		"id": 16,
		"name": {"l10n":"-yli1c0"},//第16章
		"level": 160,
		"mapRes": 11001,
		"more": {
			"16001": {
				// 杀敌数
				"sort": 16001,
				"id": 16,
				"bgRes": 4,
				"monsterId": [
					202501
				],
				"costPropId": 1004,
				"costNum": 260500,
				"awards": [
					{
						// 修为
						"sort": 16001,
						"propId": 1002,
						"num": 93000
					},
					{
						// 妖气
						"sort": 16001,
						"propId": 10202,
						"num": 43950
					},
					{
						// 引魂珠
						"sort": 16001,
						"propId": 10204,
						"num": 8
					},
					{
						// 元神精魄
						"sort": 16001,
						"propId": 10102,
						"num": 10
					}
				]
			},
			"16002": {
				// 杀敌数
				"sort": 16002,
				"id": 16,
				"bgRes": 4,
				"monsterId": [
					202502,
					202502
				],
				"costPropId": 1004,
				"costNum": 260500,
				"awards": [
					{
						// 修为
						"sort": 16002,
						"propId": 1002,
						"num": 93000
					},
					{
						// 妖气
						"sort": 16002,
						"propId": 10202,
						"num": 43950
					},
					{
						// 引魂珠
						"sort": 16002,
						"propId": 10204,
						"num": 8
					},
					{
						// 元神精魄
						"sort": 16002,
						"propId": 10102,
						"num": 10
					}
				]
			},
			"16003": {
				// 杀敌数
				"sort": 16003,
				"id": 16,
				"bgRes": 4,
				"monsterId": [
					202503,
					202503,
					202503
				],
				"costPropId": 1004,
				"costNum": 260500,
				"awards": [
					{
						// 修为
						"sort": 16003,
						"propId": 1002,
						"num": 93000
					},
					{
						// 妖气
						"sort": 16003,
						"propId": 10202,
						"num": 43950
					},
					{
						// 引魂珠
						"sort": 16003,
						"propId": 10204,
						"num": 8
					},
					{
						// 元神精魄
						"sort": 16003,
						"propId": 10102,
						"num": 10
					}
				]
			},
			"16004": {
				// 杀敌数
				"sort": 16004,
				"id": 16,
				"bgRes": 4,
				"monsterId": [
					202504,
					202504
				],
				"costPropId": 1004,
				"costNum": 260500,
				"awards": [
					{
						// 修为
						"sort": 16004,
						"propId": 1002,
						"num": 93000
					},
					{
						// 妖气
						"sort": 16004,
						"propId": 10202,
						"num": 43950
					},
					{
						// 引魂珠
						"sort": 16004,
						"propId": 10204,
						"num": 8
					},
					{
						// 元神精魄
						"sort": 16004,
						"propId": 10102,
						"num": 10
					}
				]
			},
			"16005": {
				// 杀敌数
				"sort": 16005,
				"id": 16,
				"bgRes": 4,
				"monsterId": [
					202505,
					202505
				],
				"costPropId": 1004,
				"costNum": 260500,
				"awards": [
					{
						// 修为
						"sort": 16005,
						"propId": 1002,
						"num": 93000
					},
					{
						// 妖气
						"sort": 16005,
						"propId": 10202,
						"num": 43950
					},
					{
						// 引魂珠
						"sort": 16005,
						"propId": 10204,
						"num": 8
					},
					{
						// 元神精魄
						"sort": 16005,
						"propId": 10102,
						"num": 10
					}
				]
			},
			"16006": {
				// 杀敌数
				"sort": 16006,
				"id": 16,
				"bgRes": 4,
				"monsterId": [
					202506,
					202506,
					202506
				],
				"costPropId": 1004,
				"costNum": 260500,
				"awards": [
					{
						// 修为
						"sort": 16006,
						"propId": 1002,
						"num": 93000
					},
					{
						// 妖气
						"sort": 16006,
						"propId": 10202,
						"num": 43950
					},
					{
						// 引魂珠
						"sort": 16006,
						"propId": 10204,
						"num": 8
					},
					{
						// 元神精魄
						"sort": 16006,
						"propId": 10102,
						"num": 10
					}
				]
			},
			"16007": {
				// 杀敌数
				"sort": 16007,
				"id": 16,
				"bgRes": 4,
				"monsterId": [
					202507,
					202507
				],
				"costPropId": 1004,
				"costNum": 260500,
				"awards": [
					{
						// 修为
						"sort": 16007,
						"propId": 1002,
						"num": 93000
					},
					{
						// 妖气
						"sort": 16007,
						"propId": 10202,
						"num": 43950
					},
					{
						// 引魂珠
						"sort": 16007,
						"propId": 10204,
						"num": 8
					},
					{
						// 元神精魄
						"sort": 16007,
						"propId": 10102,
						"num": 10
					}
				]
			},
			"16008": {
				// 杀敌数
				"sort": 16008,
				"id": 16,
				"bgRes": 4,
				"monsterId": [
					202508,
					202508,
					202508
				],
				"costPropId": 1004,
				"costNum": 260500,
				"awards": [
					{
						// 修为
						"sort": 16008,
						"propId": 1002,
						"num": 93000
					},
					{
						// 妖气
						"sort": 16008,
						"propId": 10202,
						"num": 43950
					},
					{
						// 引魂珠
						"sort": 16008,
						"propId": 10204,
						"num": 8
					},
					{
						// 元神精魄
						"sort": 16008,
						"propId": 10102,
						"num": 10
					}
				]
			},
			"16009": {
				// 杀敌数
				"sort": 16009,
				"id": 16,
				"bgRes": 4,
				"monsterId": [
					202509,
					202509
				],
				"costPropId": 1004,
				"costNum": 260500,
				"awards": [
					{
						// 修为
						"sort": 16009,
						"propId": 1002,
						"num": 93000
					},
					{
						// 妖气
						"sort": 16009,
						"propId": 10202,
						"num": 43950
					},
					{
						// 引魂珠
						"sort": 16009,
						"propId": 10204,
						"num": 8
					},
					{
						// 元神精魄
						"sort": 16009,
						"propId": 10102,
						"num": 10
					}
				]
			},
			"16010": {
				// 杀敌数
				"sort": 16010,
				"id": 16,
				"bgRes": 4,
				"monsterId": [
					202510
				],
				"costPropId": 1004,
				"costNum": 260500,
				"awards": [
					{
						// 修为
						"sort": 16010,
						"propId": 1002,
						"num": 93000
					},
					{
						// 妖气
						"sort": 16010,
						"propId": 10202,
						"num": 43950
					},
					{
						// 妖丹
						"sort": 16010,
						"propId": 10101,
						"num": 1
					},
					{
						// 元神精魄
						"sort": 16010,
						"propId": 10102,
						"num": 10
					}
				]
			}
		}
	},
	"17": {
		"id": 17,
		"name": {"l10n":"aj7ejf"},//第17章
		"level": 170,
		"mapRes": 11001,
		"more": {
			"17001": {
				// 杀敌数
				"sort": 17001,
				"id": 17,
				"bgRes": 4,
				"monsterId": [
					202601,
					202601
				],
				"costPropId": 1004,
				"costNum": 260500,
				"awards": [
					{
						// 修为
						"sort": 17001,
						"propId": 1002,
						"num": 93000
					},
					{
						// 灵气
						"sort": 17001,
						"propId": 10201,
						"num": 43950
					},
					{
						// 引魂珠
						"sort": 17001,
						"propId": 10204,
						"num": 8
					},
					{
						// 元神精魄
						"sort": 17001,
						"propId": 10102,
						"num": 10
					}
				]
			},
			"17002": {
				// 杀敌数
				"sort": 17002,
				"id": 17,
				"bgRes": 4,
				"monsterId": [
					202602
				],
				"costPropId": 1004,
				"costNum": 260500,
				"awards": [
					{
						// 修为
						"sort": 17002,
						"propId": 1002,
						"num": 93000
					},
					{
						// 灵气
						"sort": 17002,
						"propId": 10201,
						"num": 43950
					},
					{
						// 引魂珠
						"sort": 17002,
						"propId": 10204,
						"num": 8
					},
					{
						// 元神精魄
						"sort": 17002,
						"propId": 10102,
						"num": 10
					}
				]
			},
			"17003": {
				// 杀敌数
				"sort": 17003,
				"id": 17,
				"bgRes": 4,
				"monsterId": [
					202603,
					202603,
					202603
				],
				"costPropId": 1004,
				"costNum": 260500,
				"awards": [
					{
						// 修为
						"sort": 17003,
						"propId": 1002,
						"num": 93000
					},
					{
						// 灵气
						"sort": 17003,
						"propId": 10201,
						"num": 43950
					},
					{
						// 引魂珠
						"sort": 17003,
						"propId": 10204,
						"num": 8
					},
					{
						// 元神精魄
						"sort": 17003,
						"propId": 10102,
						"num": 10
					}
				]
			},
			"17004": {
				// 杀敌数
				"sort": 17004,
				"id": 17,
				"bgRes": 4,
				"monsterId": [
					202604,
					202604
				],
				"costPropId": 1004,
				"costNum": 260500,
				"awards": [
					{
						// 修为
						"sort": 17004,
						"propId": 1002,
						"num": 93000
					},
					{
						// 灵气
						"sort": 17004,
						"propId": 10201,
						"num": 43950
					},
					{
						// 引魂珠
						"sort": 17004,
						"propId": 10204,
						"num": 8
					},
					{
						// 元神精魄
						"sort": 17004,
						"propId": 10102,
						"num": 10
					}
				]
			},
			"17005": {
				// 杀敌数
				"sort": 17005,
				"id": 17,
				"bgRes": 4,
				"monsterId": [
					202605,
					202605
				],
				"costPropId": 1004,
				"costNum": 260500,
				"awards": [
					{
						// 修为
						"sort": 17005,
						"propId": 1002,
						"num": 93000
					},
					{
						// 灵气
						"sort": 17005,
						"propId": 10201,
						"num": 43950
					},
					{
						// 引魂珠
						"sort": 17005,
						"propId": 10204,
						"num": 8
					},
					{
						// 元神精魄
						"sort": 17005,
						"propId": 10102,
						"num": 10
					}
				]
			},
			"17006": {
				// 杀敌数
				"sort": 17006,
				"id": 17,
				"bgRes": 4,
				"monsterId": [
					202606,
					202606,
					202606
				],
				"costPropId": 1004,
				"costNum": 260500,
				"awards": [
					{
						// 修为
						"sort": 17006,
						"propId": 1002,
						"num": 93000
					},
					{
						// 灵气
						"sort": 17006,
						"propId": 10201,
						"num": 43950
					},
					{
						// 引魂珠
						"sort": 17006,
						"propId": 10204,
						"num": 8
					},
					{
						// 元神精魄
						"sort": 17006,
						"propId": 10102,
						"num": 10
					}
				]
			},
			"17007": {
				// 杀敌数
				"sort": 17007,
				"id": 17,
				"bgRes": 4,
				"monsterId": [
					202607,
					202607
				],
				"costPropId": 1004,
				"costNum": 260500,
				"awards": [
					{
						// 修为
						"sort": 17007,
						"propId": 1002,
						"num": 93000
					},
					{
						// 灵气
						"sort": 17007,
						"propId": 10201,
						"num": 43950
					},
					{
						// 引魂珠
						"sort": 17007,
						"propId": 10204,
						"num": 8
					},
					{
						// 元神精魄
						"sort": 17007,
						"propId": 10102,
						"num": 10
					}
				]
			},
			"17008": {
				// 杀敌数
				"sort": 17008,
				"id": 17,
				"bgRes": 4,
				"monsterId": [
					202608,
					202608
				],
				"costPropId": 1004,
				"costNum": 260500,
				"awards": [
					{
						// 修为
						"sort": 17008,
						"propId": 1002,
						"num": 93000
					},
					{
						// 灵气
						"sort": 17008,
						"propId": 10201,
						"num": 43950
					},
					{
						// 引魂珠
						"sort": 17008,
						"propId": 10204,
						"num": 8
					},
					{
						// 元神精魄
						"sort": 17008,
						"propId": 10102,
						"num": 10
					}
				]
			},
			"17009": {
				// 杀敌数
				"sort": 17009,
				"id": 17,
				"bgRes": 4,
				"monsterId": [
					202609,
					202609,
					202609
				],
				"costPropId": 1004,
				"costNum": 260500,
				"awards": [
					{
						// 修为
						"sort": 17009,
						"propId": 1002,
						"num": 93000
					},
					{
						// 灵气
						"sort": 17009,
						"propId": 10201,
						"num": 43950
					},
					{
						// 引魂珠
						"sort": 17009,
						"propId": 10204,
						"num": 8
					},
					{
						// 元神精魄
						"sort": 17009,
						"propId": 10102,
						"num": 10
					}
				]
			},
			"17010": {
				// 杀敌数
				"sort": 17010,
				"id": 17,
				"bgRes": 4,
				"monsterId": [
					202610
				],
				"costPropId": 1004,
				"costNum": 260500,
				"awards": [
					{
						// 修为
						"sort": 17010,
						"propId": 1002,
						"num": 93000
					},
					{
						// 灵气
						"sort": 17010,
						"propId": 10201,
						"num": 43950
					},
					{
						// 妖丹
						"sort": 17010,
						"propId": 10101,
						"num": 1
					},
					{
						// 元神精魄
						"sort": 17010,
						"propId": 10102,
						"num": 10
					}
				]
			}
		}
	},
	"18": {
		"id": 18,
		"name": {"l10n":"-r5dpru"},//第18章
		"level": 180,
		"mapRes": 11001,
		"more": {
			"18001": {
				// 杀敌数
				"sort": 18001,
				"id": 18,
				"bgRes": 4,
				"monsterId": [
					202701
				],
				"costPropId": 1004,
				"costNum": 260500,
				"awards": [
					{
						// 修为
						"sort": 18001,
						"propId": 1002,
						"num": 93000
					},
					{
						// 妖气
						"sort": 18001,
						"propId": 10202,
						"num": 43950
					},
					{
						// 引魂珠
						"sort": 18001,
						"propId": 10204,
						"num": 8
					},
					{
						// 元神精魄
						"sort": 18001,
						"propId": 10102,
						"num": 10
					}
				]
			},
			"18002": {
				// 杀敌数
				"sort": 18002,
				"id": 18,
				"bgRes": 4,
				"monsterId": [
					202702,
					202701
				],
				"costPropId": 1004,
				"costNum": 260500,
				"awards": [
					{
						// 修为
						"sort": 18002,
						"propId": 1002,
						"num": 93000
					},
					{
						// 妖气
						"sort": 18002,
						"propId": 10202,
						"num": 43950
					},
					{
						// 引魂珠
						"sort": 18002,
						"propId": 10204,
						"num": 8
					},
					{
						// 元神精魄
						"sort": 18002,
						"propId": 10102,
						"num": 10
					}
				]
			},
			"18003": {
				// 杀敌数
				"sort": 18003,
				"id": 18,
				"bgRes": 4,
				"monsterId": [
					202703,
					202701,
					202701
				],
				"costPropId": 1004,
				"costNum": 260500,
				"awards": [
					{
						// 修为
						"sort": 18003,
						"propId": 1002,
						"num": 93000
					},
					{
						// 妖气
						"sort": 18003,
						"propId": 10202,
						"num": 43950
					},
					{
						// 引魂珠
						"sort": 18003,
						"propId": 10204,
						"num": 8
					},
					{
						// 元神精魄
						"sort": 18003,
						"propId": 10102,
						"num": 10
					}
				]
			},
			"18004": {
				// 杀敌数
				"sort": 18004,
				"id": 18,
				"bgRes": 4,
				"monsterId": [
					202704,
					202704
				],
				"costPropId": 1004,
				"costNum": 260500,
				"awards": [
					{
						// 修为
						"sort": 18004,
						"propId": 1002,
						"num": 93000
					},
					{
						// 妖气
						"sort": 18004,
						"propId": 10202,
						"num": 43950
					},
					{
						// 引魂珠
						"sort": 18004,
						"propId": 10204,
						"num": 8
					},
					{
						// 元神精魄
						"sort": 18004,
						"propId": 10102,
						"num": 10
					}
				]
			},
			"18005": {
				// 杀敌数
				"sort": 18005,
				"id": 18,
				"bgRes": 4,
				"monsterId": [
					202705,
					202705,
					202705
				],
				"costPropId": 1004,
				"costNum": 260500,
				"awards": [
					{
						// 修为
						"sort": 18005,
						"propId": 1002,
						"num": 93000
					},
					{
						// 妖气
						"sort": 18005,
						"propId": 10202,
						"num": 43950
					},
					{
						// 引魂珠
						"sort": 18005,
						"propId": 10204,
						"num": 8
					},
					{
						// 元神精魄
						"sort": 18005,
						"propId": 10102,
						"num": 10
					}
				]
			},
			"18006": {
				// 杀敌数
				"sort": 18006,
				"id": 18,
				"bgRes": 4,
				"monsterId": [
					202706,
					202706
				],
				"costPropId": 1004,
				"costNum": 260500,
				"awards": [
					{
						// 修为
						"sort": 18006,
						"propId": 1002,
						"num": 93000
					},
					{
						// 妖气
						"sort": 18006,
						"propId": 10202,
						"num": 43950
					},
					{
						// 引魂珠
						"sort": 18006,
						"propId": 10204,
						"num": 8
					},
					{
						// 元神精魄
						"sort": 18006,
						"propId": 10102,
						"num": 10
					}
				]
			},
			"18007": {
				// 杀敌数
				"sort": 18007,
				"id": 18,
				"bgRes": 4,
				"monsterId": [
					202707
				],
				"costPropId": 1004,
				"costNum": 260500,
				"awards": [
					{
						// 修为
						"sort": 18007,
						"propId": 1002,
						"num": 93000
					},
					{
						// 妖气
						"sort": 18007,
						"propId": 10202,
						"num": 43950
					},
					{
						// 引魂珠
						"sort": 18007,
						"propId": 10204,
						"num": 8
					},
					{
						// 元神精魄
						"sort": 18007,
						"propId": 10102,
						"num": 10
					}
				]
			},
			"18008": {
				// 杀敌数
				"sort": 18008,
				"id": 18,
				"bgRes": 4,
				"monsterId": [
					202708,
					202708
				],
				"costPropId": 1004,
				"costNum": 260500,
				"awards": [
					{
						// 修为
						"sort": 18008,
						"propId": 1002,
						"num": 93000
					},
					{
						// 妖气
						"sort": 18008,
						"propId": 10202,
						"num": 43950
					},
					{
						// 引魂珠
						"sort": 18008,
						"propId": 10204,
						"num": 8
					},
					{
						// 元神精魄
						"sort": 18008,
						"propId": 10102,
						"num": 10
					}
				]
			},
			"18009": {
				// 杀敌数
				"sort": 18009,
				"id": 18,
				"bgRes": 4,
				"monsterId": [
					202709,
					202709,
					202709,
					202709
				],
				"costPropId": 1004,
				"costNum": 260500,
				"awards": [
					{
						// 修为
						"sort": 18009,
						"propId": 1002,
						"num": 93000
					},
					{
						// 妖气
						"sort": 18009,
						"propId": 10202,
						"num": 43950
					},
					{
						// 引魂珠
						"sort": 18009,
						"propId": 10204,
						"num": 8
					},
					{
						// 元神精魄
						"sort": 18009,
						"propId": 10102,
						"num": 10
					}
				]
			},
			"18010": {
				// 杀敌数
				"sort": 18010,
				"id": 18,
				"bgRes": 4,
				"monsterId": [
					202710
				],
				"costPropId": 1004,
				"costNum": 260500,
				"awards": [
					{
						// 修为
						"sort": 18010,
						"propId": 1002,
						"num": 93000
					},
					{
						// 妖气
						"sort": 18010,
						"propId": 10202,
						"num": 43950
					},
					{
						// 妖丹
						"sort": 18010,
						"propId": 10101,
						"num": 1
					},
					{
						// 元神精魄
						"sort": 18010,
						"propId": 10102,
						"num": 10
					}
				]
			}
		}
	}
}