{
	//Sheet1.id id
	//Sheet1.name 名称
	//Sheet1.desc 描述
	//"salt": "f2e9a3588bab731b22ebe98788ea403c"
	"1": {
		"id": 1,
		"name": "个人-称号",
		"desc": {"l10n":"ibi1s5"}//1.完成任务或成就可以获得日常称号，完成冲榜目标可以获得冲榜称号\n2.称号根据品质由高到低共分为[color=#fc5b5b]天[/color]、[color=#ff9a40]地[/color]、[color=#ebea01]玄[/color]、[color=#e187fe]黄[/color]四级，品质越高的称号外观越高级
	},
	"2": {
		"id": 2,
		"name": "个人-境界突破",
		"desc": {"l10n":"-oks3uh"}//1.境界突破需同时满足元神、装备、法宝境界要求\n2.境界突破后，角色的境界形象将会随之改变\n3.境界突破将为角色提供全局的攻击、防御、生命百分比加成
	},
	"3": {
		"id": 3,
		"name": "元神-妖术",
		"desc": {"l10n":"licvi2"}//1.妖术随着元神等级提升解锁\n2.可通过战天兵获得大量元神精魄\n3.元神精魄可用于升级妖术，从而提升妖术的效果\n4.可穿戴神通以替换同类型妖术
	},
	"4": {
		"id": 4,
		"name": "装备-炼器",
		"desc": {"l10n":"ot32ow"}//1.分解装备可获得精铁，精铁可以用于装备抽取\n2.可抽取到白色-[color=#fc5b5b]红色[/color]品质的装备\n3.每十次抽取必定获得[color=#ff9a40]橙色[/color]品质以上装备\n4.装备抽取仅会产出符合玩家当前等级的装备
	},
	"5": {
		"id": 5,
		"name": "山头-血脉契印",
		"desc": {"l10n":"i7xgi2"}//1.血脉契印分为三种，分别为血杀印（增伤）、血御印（减伤）和血灵印（抗晕），选择其一激活才会得到加成效果\n2.所有人可提交妖血，升级契印将消耗一定数目的妖血\n3.契印升级只能由大王、二大王进行\n4.契印的加成效果根据契印等级和场景内同山人数变化
	},
	"6": {
		"id": 6,
		"name": "山头-护山妖兽",
		"desc": {"l10n":"-2r30zk"}//1.护山妖兽等级受山头等级影响，每日更新试炼等级\n2.参与护山妖兽的试炼，可以获得大量山头威望、山头功绩和妖血\n3.护山妖兽的试炼每日12点开启，持续2小时
	},
	"7": {
		"id": 7,
		"name": "山头-山头捐纳",
		"desc": {"l10n":"-xj14io"}//1.可捐献修士腰牌，每捐献1个修士腰牌增加300点捐纳值\n2.山头捐纳可获得大量山头威望和山头功绩\n3.山头具有每日捐纳值上限，每日0点刷新每日捐纳值\n4.每日捐纳值达到上限时，可继续进行捐纳，但不会再增加山头威望
	},
	"8": {
		"id": 8,
		"name": "装备-魂石炼化",
		"desc": {"l10n":"-94j1d5"}//1.魂石炼化前需保证当前装备部位已镶嵌魂石\n2.魂石炼化可提升当前装备栏魂石等阶\n3.消耗一定数目对应1阶魂石可进行魂石炼化\n4.魂石炼化等级上限受装备等级影响
	},
	"9": {
		"id": 9,
		"name": "装备-装备熔炼",
		"desc": {"l10n":"91bjzy"}//1.所有已拥有装备除已穿戴装备，其余都可熔炼\n2.装备熔炼根据装备等级、装备品质，将装备转化为对应数目的精铁，装备等级、品质越高，所获得的精铁越多\n3.精铁后续可用于进行装备抽取
	},
	"10": {
		"id": 10,
		"name": "装备-境界",
		"desc": {"l10n":"-lq8mli"}//1.人物达到一定等级且穿戴满足条件的装备时装备境界会提升\n2.装备境界提升提供属性点\n3.装备境界提升提供新时装
	},
	"11": {
		"id": 11,
		"name": "元神-境界",
		"desc": {"l10n":"-etkebp"}//1.修炼提升元神等级会使元神外观发生变化\n2.灵气通过修炼、历练获得\n3.元神境界受到元神等级、人物等级影响\n4.提升元神境界会使人物血条框外观发生变化\n5.提升元神境界会获得全局的攻击、防御、生命加成
	},
	"12": {
		"id": 12,
		"name": "跨服-鏖战天庸",
		"desc": {"l10n":"-19n6cr"}//1.活动期间内，击败【鏖战天庸】活动副本BOSS且拥有玄骨铃铛才能获得相应的副本奖励\n2.所有活动副本BOSS对应消耗的玄骨铃铛均为1个\n3.活动期间内，消耗相应的精力可以在活动礼包界面领取玄骨铃铛
	},
	"13": {
		"id": 13,
		"name": "通用-罗刹鬼市",
		"desc": {"l10n":"pltx18"}//1.可消耗鬼市币进行供品抽取\n2.可抽取到[color=#e187fe]紫色[/color]-[color=#ff9a40]橙色[/color]品质的供品\n3.供品可用于供奉神像，从而获得强力加成
	},
	"14": {
		"id": 14,
		"name": "法宝-铭文",
		"desc": {"l10n":"xum2iy"}//1.根据法宝等级解锁铭文槽位，每10级自动解锁新铭文\n2.铭文可为角色提供强力的各项属性加成\n3.铭文具有品质，品质越高，铭文提供的属性越好\n4.消耗引魂珠可进行铭文镌刻，铭文镌刻将刷新单一铭文的属性
	},
	"15": {
		"id": 15,
		"name": "斗法台",
		"desc": {"l10n":"nemuj7"}//1.在斗法台可挑战各路英雄，每次挑战会获得万妖声望和斗法战绩。\n2.万妖声望决定匹配的玩家，斗法战绩由单局表现和挑战双方实力决定。\n3.每日根据当天最高的三次斗法战绩总和进行排行，排行奖励于第二天开放\n4.每一周为一个赛季，赛季总排行由本周斗法战绩最高的四天总和作为依据进行排行，每个赛季结束后根据对应名次邮件发放奖励
	},
	"16": {
		"id": 16,
		"name": "斗法战绩",
		"desc": {"l10n":"phitj0"}//1.每一场战斗无论输赢均能获取斗法战绩\n2.由当天最高的三次斗法战绩分数总和作为当天排名依据
	}
}