{
	//Sheet1.sort 序号
	//Sheet1.action 动作类型1代表走动2代表待机（其他等动作出来加新类型）
	//Sheet1.type 1主角2素罗
	//Sheet1.desc 语言包，空值就是不说话的
	//Sheet1.pro 权重
	//"salt": "179b7b67ca7f5855e2507da57763261c"
	"1": {
		"sort": 1,
		"action": 1,
		"type": 1,
		"desc": {"l10n":"-td84g3"},//努力变强收集五色石拯救素罗麻麻！
		"pro": 1000
	},
	"2": {
		"sort": 2,
		"action": 1,
		"type": 1,
		"desc": {"l10n":"-cefmeg"},//修炼元神、锻造法宝，成为大妖王！
		"pro": 1000
	},
	"3": {
		"sort": 3,
		"action": 1,
		"type": 1,
		"pro": 2000
	},
	"4": {
		"sort": 4,
		"action": 1,
		"type": 2,
		"desc": {"l10n":"-24lndm"},//击败精怪首领收集五色石就可以帮我恢复，臭 {race}快去击败外面的精怪！
		"pro": 1000
	},
	"5": {
		"sort": 5,
		"action": 1,
		"type": 2,
		"desc": {"l10n":"-9k74pd"},//臭 {race}，东林院，昆仑山，两禅寺那群人类太嚣张了，打他们！
		"pro": 1000
	},
	"6": {
		"sort": 6,
		"action": 1,
		"type": 2,
		"pro": 1000
	},
	"7": {
		"sort": 7,
		"action": 2,
		"type": 1,
		"desc": {"l10n":"ks4oe1"},//还是摸鱼吧
		"pro": 1000
	},
	"8": {
		"sort": 8,
		"action": 2,
		"type": 1,
		"desc": {"l10n":"-yxx7xv"},//今日无事，摸鱼！
		"pro": 1000
	},
	"9": {
		"sort": 9,
		"action": 2,
		"type": 1,
		"desc": {"l10n":"vf3n3r"},//{name}啊{name}，你怎能如此堕落，先前订下的变强计划都忘了吗？
		"pro": 1000
	},
	"10": {
		"sort": 10,
		"action": 2,
		"type": 1,
		"pro": 1500
	},
	"11": {
		"sort": 11,
		"action": 2,
		"type": 2,
		"desc": {"l10n":"bgaemk"},//闲来睡一觉，让臭{race}努力吧
		"pro": 1000
	},
	"12": {
		"sort": 12,
		"action": 2,
		"type": 2,
		"desc": {"l10n":"c90lzi"},//话说王大壮到底是谁？似乎有点印象
		"pro": 1000
	},
	"13": {
		"sort": 13,
		"action": 2,
		"type": 2,
		"pro": 1500
	}
}