{
	//工作表1.id id
	//工作表1.type 自选箱类型（1材料包2奇珍箱）
	//工作表1.detail 宝箱内详细内容
	//detail.id id
	//detail.propId 道具id
	//detail.num 数量
	//"salt": "d3ed905456555d3c06e82c947731f655"
	"8003": {
		// 初级成长材料包
		"id": 8003,
		"type": 1,
		"detail": {
			"10201": {
				// 灵气
				"id": 8003,
				"propId": 10201,
				"num": 10000
			},
			"10202": {
				// 妖气
				"id": 8003,
				"propId": 10202,
				"num": 10000
			}
		}
	},
	"8004": {
		// 中级成长材料包
		"id": 8004,
		"type": 1,
		"detail": {
			"10201": {
				// 灵气
				"id": 8004,
				"propId": 10201,
				"num": 20000
			},
			"10202": {
				// 妖气
				"id": 8004,
				"propId": 10202,
				"num": 20000
			}
		}
	},
	"8005": {
		// 高级成长材料包
		"id": 8005,
		"type": 1,
		"detail": {
			"10201": {
				// 灵气
				"id": 8005,
				"propId": 10201,
				"num": 50000
			},
			"10202": {
				// 妖气
				"id": 8005,
				"propId": 10202,
				"num": 50000
			}
		}
	},
	"8006": {
		// 特级成长材料包
		"id": 8006,
		"type": 1,
		"detail": {
			"10201": {
				// 灵气
				"id": 8006,
				"propId": 10201,
				"num": 100000
			},
			"10202": {
				// 妖气
				"id": 8006,
				"propId": 10202,
				"num": 100000
			}
		}
	},
	"8007": {
		// 供品自选箱(法)
		"id": 8007,
		"type": 1,
		"detail": {
			"201001": {
				// 三堂供果
				"id": 8007,
				"propId": 201001,
				"num": 1
			},
			"201002": {
				// 三堂黄纸
				"id": 8007,
				"propId": 201002,
				"num": 1
			},
			"201003": {
				// 三堂花灯
				"id": 8007,
				"propId": 201003,
				"num": 1
			}
		}
	},
	"8008": {
		// 供品自选箱(灵)
		"id": 8008,
		"type": 1,
		"detail": {
			"202001": {
				// 五堂供果
				"id": 8008,
				"propId": 202001,
				"num": 1
			},
			"202002": {
				// 五堂黄纸
				"id": 8008,
				"propId": 202002,
				"num": 1
			},
			"202003": {
				// 五堂花灯
				"id": 8008,
				"propId": 202003,
				"num": 1
			}
		}
	},
	"8009": {
		// 供品自选箱(仙)
		"id": 8009,
		"type": 1,
		"detail": {
			"203001": {
				// 七堂供果
				"id": 8009,
				"propId": 203001,
				"num": 1
			},
			"203002": {
				// 七堂黄纸
				"id": 8009,
				"propId": 203002,
				"num": 1
			},
			"203003": {
				// 七堂花灯
				"id": 8009,
				"propId": 203003,
				"num": 1
			}
		}
	},
	"8010": {
		// 供品自选箱(神)
		"id": 8010,
		"type": 1,
		"detail": {
			"204001": {
				// 九堂供果
				"id": 8010,
				"propId": 204001,
				"num": 1
			},
			"204002": {
				// 九堂黄纸
				"id": 8010,
				"propId": 204002,
				"num": 1
			},
			"204003": {
				// 九堂花灯
				"id": 8010,
				"propId": 204003,
				"num": 1
			}
		}
	}
}