{
	//活动列表.activityName 活动名称
	//活动列表.name 备注
	//活动列表.desc 活动描述
	//活动列表.icon 活动入口icon配置(填写资源名)
	//活动列表.tag 活动入口显示标签(不填则不显示)
	//活动列表.crossType 1需要跨服
	//活动列表.fromDB 数据来源 （0表示走固定配置表，1表示走活动导刷导刷单个配置对象，2表示走活动导刷导刷整个配置表）
	//活动列表.fromName 表名
	//活动列表.clientName 数据表名
	//活动列表.platform 平台类型:
	//活动列表.spid 平台id(渠道不开）
	//活动列表.toList 需要额外信息
	//活动列表.openBy 类型，initTime和openTime和set和normal
	//活动列表.openDay 开服第几天
	//活动列表.lastDays 持续天数
	//"salt": "f6d4749d1a086eb641ccfc9942a00055"
	"RankLevel": {
		"activityName": "RankLevel",
		"name": {"l10n":"-o9skle"},//角色冲榜
		"desc": {"l10n":"-bk4xx3"},//活动期间提高[color=#fed471]角色等级[/color]可提升排名，获取奖励
		"icon": "rank_icon_player",
		"tag": "tag_rank_level",
		"crossType": 0,
		"fromDB": 1,
		"clientName": "activity_rank",
		"toList": "1",
		"openBy": "set",
		"openDay": 0
	},
	"RankWeapon": {
		"activityName": "RankWeapon",
		"name": {"l10n":"qc49ff"},//法宝冲榜
		"desc": {"l10n":"hryl4w"},//活动期间提高[color=#fed471]法宝等级[/color]可提升排名，获取奖励
		"icon": "rank_icon_weapon",
		"tag": "tag_rank_level",
		"crossType": 0,
		"fromDB": 1,
		"clientName": "activity_rank",
		"toList": "1",
		"openBy": "set",
		"openDay": 0
	},
	"RankGong": {
		"activityName": "RankGong",
		"name": {"l10n":"h3yf59"},//元神冲榜
		"desc": {"l10n":"-lit1ci"},//活动期间提高[color=#fed471]元神等级[/color]可提升排名，获取奖励
		"icon": "rank_icon_gong",
		"tag": "tag_rank_level",
		"crossType": 0,
		"fromDB": 1,
		"clientName": "activity_rank",
		"toList": "1",
		"openBy": "set",
		"openDay": 0
	},
	"RankAbPointDraw": {
		"activityName": "RankAbPointDraw",
		"name": {"l10n":"kn2n8b"},//灵气冲榜
		"desc": {"l10n":"-qx6ztv"},//[color=#fed471]消耗体力[/color]杀怪获得[color=#fed471]灵气[/color]可提升排名，获取奖励
		"icon": "rank_icon_gong",
		"tag": "tag_rank_draw",
		"crossType": 0,
		"fromDB": 1,
		"clientName": "activity_rank",
		"toList": "1",
		"openBy": "set",
		"openDay": 0
	},
	"RankEnergyDraw": {
		"activityName": "RankEnergyDraw",
		"name": {"l10n":"kn2ut6"},//妖气冲榜
		"desc": {"l10n":"v7c0cu"},//[color=#fed471]消耗体力[/color]杀怪获得[color=#fed471]妖气[/color]可提升排名，获取奖励
		"icon": "rank_icon_weapon",
		"tag": "tag_rank_draw",
		"crossType": 0,
		"fromDB": 1,
		"clientName": "activity_rank",
		"toList": "1",
		"openBy": "set",
		"openDay": 0
	},
	"FirstRecharge": {
		"activityName": "FirstRecharge",
		"name": {"l10n":"-tri6u"},//首充
		"crossType": 0,
		"fromDB": 0,
		"clientName": "first_recharge",
		"toList": "1",
		"openBy": "normal",
		"openDay": 0
	},
	"GiftLimit": {
		"activityName": "GiftLimit",
		"name": {"l10n":"-b4btgi"},//限时礼包
		"crossType": 0,
		"fromDB": 1,
		"clientName": "activity_gift",
		"toList": "0",
		"openBy": "set",
		"openDay": 0
	},
	"GiftGc": {
		"activityName": "GiftGc",
		"name": {"l10n":"-dxjql7"},//仙玉礼包
		"crossType": 0,
		"fromDB": 1,
		"clientName": "activity_gift",
		"toList": "0",
		"openBy": "set",
		"openDay": 0
	},
	"CrossKuiCow": {
		"activityName": "CrossKuiCow",
		"name": {"l10n":"vrqmlq"},//跨服夔牛
		"crossType": 1,
		"fromDB": 0,
		"clientName": "cross_kui_cow",
		"toList": "1",
		"openBy": "set",
		"openDay": 0
	},
	"CrossMission": {
		"activityName": "CrossMission",
		"name": {"l10n":"-b7l11l"},//鏖战天庸
		"crossType": 1,
		"fromDB": 1,
		"clientName": "activity_cross_mission",
		"toList": "1",
		"openBy": "set",
		"openDay": 0
	},
	"RankEquipFp": {
		"activityName": "RankEquipFp",
		"name": {"l10n":"pw3hrf"},//装备冲榜
		"desc": {"l10n":"-rwxglk"},//活动期间提高[color=#fed471]穿戴装备评分[/color]可提升排名，获取奖励\n*计算评分进行排名时，[color=#fed471]境界加成[/color]不会参与计算
		"icon": "rank_icon_equip",
		"tag": "tag_rank_score",
		"crossType": 0,
		"fromDB": 1,
		"clientName": "activity_rank",
		"toList": "1",
		"openBy": "set",
		"openDay": 0
	},
	"RankGongFp": {
		"activityName": "RankGongFp",
		"name": {"l10n":"h3yf59"},//元神冲榜
		"desc": {"l10n":"gfyvim"},//活动期间提高[color=#fed471]元神评分[/color]可提升排名，获取奖励\n*计算评分进行排名时，[color=#fed471]境界加成[/color]不会参与计算
		"icon": "rank_icon_gong",
		"tag": "tag_rank_score",
		"crossType": 0,
		"fromDB": 1,
		"clientName": "activity_rank",
		"toList": "1",
		"openBy": "set",
		"openDay": 0
	},
	"RankWeaponFp": {
		"activityName": "RankWeaponFp",
		"name": {"l10n":"qc49ff"},//法宝冲榜
		"desc": {"l10n":"nnwbe8"},//活动期间提高[color=#fed471]法宝评分[/color]可提升排名，获取奖励\n*计算评分进行排名时，[color=#fed471]境界加成[/color]不会参与计算
		"icon": "rank_icon_weapon",
		"tag": "tag_rank_score",
		"crossType": 0,
		"fromDB": 1,
		"clientName": "activity_rank",
		"toList": "1",
		"openBy": "set",
		"openDay": 0
	}
}