{
	//data.id 邮件id
	//data.title 邮件标题
	//data.important 重要0普通1重要
	//data.desc 邮件内容
	//"salt": "05fd9f3363cdbc1ac9c28ec5206dd93d"
	"1": {
		"id": 1,
		"title": {"l10n":"-qqhxah"},//邮件1
		"important": 0,
		"desc": {"l10n":"-qqhxah"}//邮件1
	},
	"2": {
		// 装备背包满发送邮件
		"id": 2,
		"title": {"l10n":"gdwxwk"},//装备背包已满
		"important": 0,
		"desc": {"l10n":"x1u7t3"}//亲爱的道友，您的装备背包已满，以下是您获取的装备，请查收
	},
	"307": {
		// 弃用
		"id": 307,
		"title": {"l10n":"7htfja"},//加入联盟
		"important": 0,
		"desc": {"l10n":"dt5o8s"}//有人加入联盟
	},
	"308": {
		// 弃用
		"id": 308,
		"title": {"l10n":"oz53y3"},//移除联盟
		"important": 0,
		"desc": {"l10n":"-js1o51"}//有人被移除联盟
	},
	"309": {
		// 弃用
		"id": 309,
		"title": {"l10n":"6xli9z"},//联盟解散
		"important": 0,
		"desc": {"l10n":"6xli9z"}//联盟解散
	},
	"312": {
		// 弃用
		"id": 312,
		"title": {"l10n":"-51x2ba"},//联盟转让
		"important": 0,
		"desc": {"l10n":"-fqqqkm"}//联盟转让，盟主乃求了
	},
	"320": {
		// 弃用
		"id": 320,
		"title": {"l10n":"-lohzil"},//试炼完成奖励
		"important": 0,
		"desc": {"l10n":"mpnj08"}//恭喜大人所在的联盟完成了试炼{0},联盟获得了以下奖励
	},
	"401": {
		// 自己看
		"id": 401,
		"title": {"l10n":"i3jvmg"},//加入联盟通知
		"important": 0,
		"desc": {"l10n":"79mc1u"}//您已加入联盟<color=#7bcf80>{0}</color>
	},
	"402": {
		// 自己
		"id": 402,
		"title": {"l10n":"untovm"},//请离联盟通知
		"important": 0,
		"desc": {"l10n":"1msn72"}//您已被<color=#7bcf80>{0}</color>请离联盟
	},
	"403": {
		// 自己
		"id": 403,
		"title": {"l10n":"-o6mfx0"},//分组移动通知
		"important": 0,
		"desc": {"l10n":"kh3738"}//您已被<color=#7bcf80>{0}</color>移入分组<color=#7bcf80>{1}</color>
	},
	"404": {
		// 自己
		"id": 404,
		"title": {"l10n":"-3ppyj8"},//分组移出通知
		"important": 0,
		"desc": {"l10n":"-c3ryiy"}//您已被<color=#7bcf80>{0}</color>移出分组<color=#7bcf80>{1}</color>
	},
	"405": {
		// 弃用
		"id": 405,
		"title": {"l10n":"c3gfgt"},//官员任命通知
		"important": 0,
		"desc": {"l10n":"avf1ir"}//<color=#7bcf80>{0}</color>将<color=#7bcf80>{1}</color>任命为<color=#7bcf80>{2}</color>
	},
	"406": {
		// 弃用
		"id": 406,
		"title": {"l10n":"sq9l16"},//官员罢免通知
		"important": 0,
		"desc": {"l10n":"blw5hh"}//<color=#7bcf80>{0}</color>罢免了<color=#7bcf80>{1}</color>的<color=#7bcf80>{2}</color>
	},
	"407": {
		// 弃用
		"id": 407,
		"title": {"l10n":"imkmmc"},//盟主转让通知
		"important": 0,
		"desc": {"l10n":"-50ja4"}//<color=#7bcf80>{0}</color>将<color=#7bcf80>盟主</color>转让予<color=#7bcf80>{1}</color>
	},
	"422": {
		// 弃用
		"id": 422,
		"title": {"l10n":"9adp8a"},//盟主自动转让通知
		"important": 0,
		"desc": {"l10n":"-2l5kwo"}//<color=#7bcf80>{0}</color>已超过<color=#7bcf80>{1}</color>天未上线，盟主已自动转让给<color=#7bcf80>{2}</color>
	},
	"423": {
		"id": 423,
		"title": {"l10n":"53wve5"},//任命通知
		"important": 0,
		"desc": {"l10n":"90zlui"}//<color=#7bcf80>{0}</color>将您任命为<color=#7bcf80>{1}</color>
	},
	"424": {
		"id": 424,
		"title": {"l10n":"5yhv12"},//罢免通知
		"important": 0,
		"desc": {"l10n":"ckwk0u"}//<color=#7bcf80>{0}</color>罢免了您的<color=#7bcf80>{1}</color>
	},
	"425": {
		"id": 425,
		"title": {"l10n":"-kyyfls"},//转让盟主通知
		"important": 0,
		"desc": {"l10n":"wyhztr"}//<color=#7bcf80>{0}</color>将<color=#7bcf80>盟主</color>转让予您
	},
	"451": {
		"id": 451,
		"title": {"l10n":"a6ap9l"},//联盟任务奖励
		"important": 0,
		"desc": {"l10n":"-hilcrz"}//亲爱的老爷，以下是您未领取的联盟任务奖励，请查收。
	},
	"501": {
		"id": 501,
		"title": {"l10n":"-vexz2n"},//每日充值补发
		"important": 0,
		"desc": {"l10n":"-1xy2gd"}//亲爱的老爷，以下是老爷未领取的每日充值奖励，请查收。
	},
	"502": {
		"id": 502,
		"title": {"l10n":"-8e3p1i"},//每日限时补发
		"important": 0,
		"desc": {"l10n":"t17bzl"}//亲爱的老爷，以下是老爷未领取的每日限时奖励，请查收。
	},
	"503": {
		"id": 503,
		"title": {"l10n":"yzgbh"},//累计限时补发
		"important": 0,
		"desc": {"l10n":"-qq7exu"}//亲爱的老爷，以下是老爷未领取的累计限时奖励，请查收。
	},
	"801": {
		"id": 801,
		"title": {"l10n":"-bhl2xn"},//{0}奖励
		"important": 1,
		"desc": {"l10n":"3p4xym"}//亲爱的老爷，恭喜您获得{0}第{1}名，以下是您的冲榜奖励，请查收
	},
	"802": {
		"id": 802,
		"title": {"l10n":"egzwvw"},//联盟冲榜
		"important": 1,
		"desc": {"l10n":"xpng2u"}//联盟冲榜奖励补发
	},
	"803": {
		"id": 803,
		"title": {"l10n":"mf4myq"},//{0}区服奖励
		"important": 1,
		"desc": {"l10n":"-9vzcra"}//亲爱的老爷，恭喜您的区服获得{0}第{1}名，以下是您的区服奖励，请查收
	},
	"901": {
		"id": 901,
		"title": {"l10n":"-1ggx8y"},//{0}活动奖励
		"important": 1,
		"desc": {"l10n":"-xnve2y"}//亲爱的老爷，以下是老爷未领取的{0}活动奖励，请查收。
	},
	"902": {
		"id": 902,
		"title": {"l10n":"-c5g51o"},//活动联盟奖励补发
		"important": 1,
		"desc": {"l10n":"-c5g51o"}//活动联盟奖励补发
	},
	"903": {
		"id": 903,
		"title": {"l10n":"29id0u"},//万能活动清道具
		"important": 0,
		"desc": {"l10n":"29id0u"}//万能活动清道具
	},
	"904": {
		"id": 904,
		"title": {"l10n":"dn96oa"},//累天充值补发
		"important": 0,
		"desc": {"l10n":"-xlq6ro"}//亲爱的老爷，以下是老爷未领取的累天充值奖励，请查收。
	},
	"905": {
		"id": 905,
		"title": {"l10n":"-vexz2n"},//每日充值补发
		"important": 0,
		"desc": {"l10n":"-1xy2gd"}//亲爱的老爷，以下是老爷未领取的每日充值奖励，请查收。
	},
	"906": {
		"id": 906,
		"title": {"l10n":"-m1utpo"},//累计充值补发
		"important": 0,
		"desc": {"l10n":"-5whp30"}//亲爱的老爷，以下是老爷未领取的累计充值奖励，请查收。
	},
	"907": {
		// 弃用
		"id": 907,
		"title": {"l10n":"-kn3n53"},//争先入城活动奖励
		"important": 0,
		"desc": {"l10n":"cy370b"}//亲爱的老爷，恭喜您所在的出生洲获得争先入城第{0}名，以下是您的活动奖励，请查收。
	},
	"908": {
		// 弃用
		"id": 908,
		"title": {"l10n":"-ff5di7"},//城池占领活动奖励
		"important": 0,
		"desc": {"l10n":"eder9"}//亲爱的老爷，恭喜您所在的联盟获得{0}第{1}名，以下是您的活动奖励，请查收。
	},
	"910": {
		"id": 910,
		"title": {"l10n":"-1ggx8y"},//{0}活动奖励
		"important": 1,
		"desc": {"l10n":"qzf9k2"}//亲爱的老爷，以下是您未领取的{0}活动奖励，请查收
	},
	"911": {
		"id": 911,
		"title": {"l10n":"-dlp2i8"},//战令奖励补发
		"important": 0,
		"desc": {"l10n":"iaihde"}//亲爱的老爷，以下是老爷未领取的战令活动奖励，请查收。
	},
	"912": {
		"id": 912,
		"title": {"l10n":"vdlcyd"},//剧本奖励
		"important": 0,
		"desc": {"l10n":"-vnoze1"}//亲爱的老爷，以下是您未领取的剧本奖励，请查收
	},
	"913": {
		"id": 913,
		"title": {"l10n":"69s7fi"},//关卡星级奖励
		"important": 0,
		"desc": {"l10n":"29lrt5"}//亲爱的老爷，因关卡改版，以下是您和未满三星未领取的星级奖励，请查收
	},
	"1001": {
		"id": 1001,
		"title": {"l10n":"-6ajsrc"},//剧本赛季奖励发放通知
		"important": 1,
		"desc": {"l10n":"-vwi7l3"}//亲爱的大人，本季剧本已完结，恭喜大人满足终章奖励要求，现已为大人开启完成剧本专属卡池及抽卡次数。感谢您对本游戏的支持，祝您游戏愉快~
	},
	"1101": {
		"id": 1101,
		"title": {"l10n":"vffhky"},//上朝奖励
		"important": 0,
		"desc": {"l10n":"vhqjqx"}//亲爱的老爷，以下是老爷未领取的上朝奖励，请查收。
	}
}