{
	//个人历练.id 类型1装备历练2元神历练3法宝历练
	//个人历练.times 可购买次数
	//个人历练.more 购买消耗
	//more.id 类型1装备历练2元神历练3法宝历练
	//more.times 第X次购买
	//more.costPropId1 消耗道具1；2个消耗选择一种
	//more.costNum1 消耗数量1
	//more.costPropId2 消耗道具2；2个消耗选择一种
	//more.costNum2 消耗数量2
	//"salt": "186fa0776e380fe7efab9fe5817b62f9"
	"1": {
		"id": 1,
		"times": 1,
		"more": {
			"1": {
				"id": 1,
				"times": 1,
				"costPropId1": 1001,
				"costNum1": 200,
				"costPropId2": 10103,
				"costNum2": 1
			}
		}
	},
	"2": {
		"id": 2,
		"times": 1,
		"more": {
			"1": {
				"id": 2,
				"times": 1,
				"costPropId1": 1001,
				"costNum1": 200,
				"costPropId2": 10103,
				"costNum2": 1
			}
		}
	},
	"3": {
		"id": 3,
		"times": 1,
		"more": {
			"1": {
				"id": 3,
				"times": 1,
				"costPropId1": 1001,
				"costNum1": 200,
				"costPropId2": 10103,
				"costNum2": 1
			}
		}
	}
}