{
	//Sheet1.id id
	//Sheet1.name1 名字A
	//Sheet1.name_m 男
	//Sheet1.name_f 女
	//"salt": "e61dfd46c4025610360ff3547242d050"
	"1": {
		"id": 1,
		"name1": {"l10n":"-dxj86t"},//赵
		"name_m": {"l10n":"16zu8j"},//幽妍
		"name_f": {"l10n":"16zu8j"}//幽妍
	},
	"2": {
		"id": 2,
		"name1": {"l10n":"-dxjcvl"},//钱
		"name_m": {"l10n":"-wmdjt"},//婉儿
		"name_f": {"l10n":"-wmdjt"}//婉儿
	},
	"4": {
		"id": 4,
		"name1": {"l10n":"-dxidr2"},//李
		"name_m": {"l10n":"-6i56oi"},//青旋
		"name_f": {"l10n":"-6i56oi"}//青旋
	},
	"5": {
		"id": 5,
		"name1": {"l10n":"-dxiat4"},//周
		"name_m": {"l10n":"-aqwqq4"},//夜璇
		"name_f": {"l10n":"-aqwqq4"}//夜璇
	},
	"6": {
		"id": 6,
		"name1": {"l10n":"-dxiaus"},//吴
		"name_m": {"l10n":"lzc8z6"},//飞花
		"name_f": {"l10n":"lzc8z6"}//飞花
	},
	"7": {
		"id": 7,
		"name1": {"l10n":"-dxjc0h"},//郑
		"name_m": {"l10n":"-dxjcf9"},//雅
		"name_f": {"l10n":"-dxjcf9"}//雅
	},
	"8": {
		"id": 8,
		"name1": {"l10n":"-dxig9n"},//王
		"name_m": {"l10n":"-3jyzet"},//若溪
		"name_f": {"l10n":"-3jyzet"}//若溪
	},
	"9": {
		"id": 9,
		"name1": {"l10n":"-dxiadb"},//冯
		"name_m": {"l10n":"m133qj"},//夕若
		"name_f": {"l10n":"m133qj"}//夕若
	},
	"10": {
		"id": 10,
		"name1": {"l10n":"-dxjcbc"},//陈
		"name_m": {"l10n":"-ahf3y0"},//雨瞳
		"name_f": {"l10n":"-ahf3y0"}//雨瞳
	},
	"11": {
		"id": 11,
		"name1": {"l10n":"-dxibre"},//楚
		"name_m": {"l10n":"ghthar"},//幽雨
		"name_f": {"l10n":"ghthar"}//幽雨
	},
	"12": {
		"id": 12,
		"name1": {"l10n":"-dxi9tn"},//卫
		"name_m": {"l10n":"-dxidtn"},//末
		"name_f": {"l10n":"-dxidtn"}//末
	},
	"13": {
		"id": 13,
		"name1": {"l10n":"-dxj9p7"},//蒋
		"name_m": {"l10n":"l3m99u"},//飞虎
		"name_f": {"l10n":"l3m99u"}//飞虎
	},
	"14": {
		"id": 14,
		"name1": {"l10n":"-dxicig"},//沈
		"name_m": {"l10n":"-dxidr7"},//权
		"name_f": {"l10n":"-dxidr7"}//权
	},
	"15": {
		"id": 15,
		"name1": {"l10n":"-dxjcmx"},//韩
		"name_m": {"l10n":"ge9yi6"},//青青
		"name_f": {"l10n":"ge9yi6"}//青青
	},
	"16": {
		"id": 16,
		"name1": {"l10n":"-dxidrs"},//杨
		"name_m": {"l10n":"nu39v8"},//夜衣
		"name_f": {"l10n":"nu39v8"}//夜衣
	},
	"17": {
		"id": 17,
		"name1": {"l10n":"-dxidtd"},//朱
		"name_m": {"l10n":"-6d5ubk"},//无敌
		"name_f": {"l10n":"-6d5ubk"}//无敌
	},
	"18": {
		"id": 18,
		"name1": {"l10n":"-dxif2e"},//秦
		"name_m": {"l10n":"gik439"},//君雅
		"name_f": {"l10n":"gik439"}//君雅
	},
	"19": {
		"id": 19,
		"name1": {"l10n":"-dxi9ac"},//尤
		"name_m": {"l10n":"-5bwesr"},//离愁
		"name_f": {"l10n":"-5bwesr"}//离愁
	},
	"20": {
		"id": 20,
		"name1": {"l10n":"-dxj754"},//许
		"name_m": {"l10n":"jaousp"},//遗风
		"name_f": {"l10n":"jaousp"}//遗风
	},
	"21": {
		"id": 21,
		"name1": {"l10n":"-dxi5ud"},//何
		"name_m": {"l10n":"56b55p"},//千伤
		"name_f": {"l10n":"56b55p"}//千伤
	},
	"22": {
		"id": 22,
		"name1": {"l10n":"-dxiatx"},//吕
		"name_m": {"l10n":"-3lpanb"},//潇潇
		"name_f": {"l10n":"-3lpanb"}//潇潇
	},
	"23": {
		"id": 23,
		"name1": {"l10n":"-dxi87o"},//孔
		"name_m": {"l10n":"p4xn7"},//追忆
		"name_f": {"l10n":"p4xn7"}//追忆
	},
	"24": {
		"id": 24,
		"name1": {"l10n":"-dxidnt"},//曹
		"name_m": {"l10n":"-n0v33"},//小倩
		"name_f": {"l10n":"-n0v33"}//小倩
	},
	"25": {
		"id": 25,
		"name1": {"l10n":"-dxi5qd"},//严
		"name_m": {"l10n":"1tic1l"},//大富
		"name_f": {"l10n":"1tic1l"}//大富
	},
	"26": {
		"id": 26,
		"name1": {"l10n":"-dxi9su"},//华
		"name_m": {"l10n":"-9trtse"},//飞燕
		"name_f": {"l10n":"-9trtse"}//飞燕
	},
	"27": {
		"id": 27,
		"name1": {"l10n":"-dxjc7l"},//金
		"name_m": {"l10n":"-wmmra"},//瓶儿
		"name_f": {"l10n":"-wmmra"}//瓶儿
	},
	"28": {
		"id": 28,
		"name1": {"l10n":"-dxjcc6"},//陶
		"name_m": {"l10n":"-wmm73"},//熏儿
		"name_f": {"l10n":"-wmm73"}//熏儿
	},
	"29": {
		"id": 29,
		"name1": {"l10n":"-dxi8p8"},//姜
		"name_m": {"l10n":"-5vitku"},//兮月
		"name_f": {"l10n":"-5vitku"}//兮月
	},
	"30": {
		"id": 30,
		"name1": {"l10n":"-dxj81u"},//谢
		"name_m": {"l10n":"-dxicnv"},//淋
		"name_f": {"l10n":"-dxicnv"}//淋
	},
	"31": {
		"id": 31,
		"name1": {"l10n":"-dxi8do"},//宼
		"name_m": {"l10n":"-dxigc5"},//灵
		"name_f": {"l10n":"-dxigc5"}//灵
	},
	"32": {
		"id": 32,
		"name1": {"l10n":"-dxiegw"},//章
		"name_m": {"l10n":"-dxih6b"},//琳
		"name_f": {"l10n":"-dxih6b"}//琳
	},
	"33": {
		"id": 33,
		"name1": {"l10n":"-dxi5sh"},//云
		"name_m": {"l10n":"-ak01f7"},//佳瑶
		"name_f": {"l10n":"-ak01f7"}//佳瑶
	},
	"34": {
		"id": 34,
		"name1": {"l10n":"-dxj8gv"},//苏
		"name_m": {"l10n":"5h6vxe"},//美丽
		"name_f": {"l10n":"5h6vxe"}//美丽
	},
	"35": {
		"id": 35,
		"name1": {"l10n":"-dxic5k"},//潘
		"name_m": {"l10n":"-dxid8h"},//怡
		"name_f": {"l10n":"-dxid8h"}//怡
	},
	"36": {
		"id": 36,
		"name1": {"l10n":"-dxj9jf"},//葛
		"name_m": {"l10n":"-8mee66"},//絮絮
		"name_f": {"l10n":"-8mee66"}//絮絮
	},
	"37": {
		"id": 37,
		"name1": {"l10n":"-dxj8j5"},//花
		"name_m": {"l10n":"-5lf3v9"},//昕昕
		"name_f": {"l10n":"-5lf3v9"}//昕昕
	},
	"38": {
		"id": 38,
		"name1": {"l10n":"-dxiabo"},//凤
		"name_m": {"l10n":"-2ao6ye"},//蝶樱
		"name_f": {"l10n":"-2ao6ye"}//蝶樱
	},
	"39": {
		"id": 39,
		"name1": {"l10n":"-dxidv7"},//柳
		"name_m": {"l10n":"-9sk891"},//若然
		"name_f": {"l10n":"-9sk891"}//若然
	},
	"40": {
		"id": 40,
		"name1": {"l10n":"-dxjba5"},//鲍
		"name_m": {"l10n":"lzou2w"},//雨芸
		"name_f": {"l10n":"lzou2w"}//雨芸
	},
	"41": {
		"id": 41,
		"name1": {"l10n":"-dxib0w"},//唐
		"name_m": {"l10n":"gnvm7v"},//若陌
		"name_f": {"l10n":"gnvm7v"}//若陌
	},
	"42": {
		"id": 42,
		"name1": {"l10n":"-dxj9vv"},//薛
		"name_m": {"l10n":"-5wwxqd"},//若末
		"name_f": {"l10n":"-5wwxqd"}//若末
	},
	"43": {
		"id": 43,
		"name1": {"l10n":"-dxicec"},//汤
		"name_m": {"l10n":"-dxigq5"},//白
		"name_f": {"l10n":"-dxigq5"}//白
	},
	"44": {
		"id": 44,
		"name1": {"l10n":"-dxj9vo"},//藤
		"name_m": {"l10n":"-dxia7k"},//兰
		"name_f": {"l10n":"-dxia7k"}//兰
	},
	"45": {
		"id": 45,
		"name1": {"l10n":"-dxifbr"},//罗
		"name_m": {"l10n":"-tnp9d"},//品元
		"name_f": {"l10n":"-tnp9d"}//品元
	},
	"46": {
		"id": 46,
		"name1": {"l10n":"-dxi8d5"},//安
		"name_m": {"l10n":"pa4jr"},//天心
		"name_f": {"l10n":"pa4jr"}//天心
	},
	"47": {
		"id": 47,
		"name1": {"l10n":"-dxi8vc"},//常
		"name_m": {"l10n":"-9sj5ql"},//依然
		"name_f": {"l10n":"-9sj5ql"}//依然
	},
	"48": {
		"id": 48,
		"name1": {"l10n":"-dxigvy"},//皮
		"name_m": {"l10n":"-9sjczl"},//怡然
		"name_f": {"l10n":"-9sjczl"}//怡然
	},
	"49": {
		"id": 49,
		"name1": {"l10n":"-dxi5wd"},//伍
		"name_m": {"l10n":"-amewp5"},//静琳
		"name_f": {"l10n":"-amewp5"}//静琳
	},
	"50": {
		"id": 50,
		"name1": {"l10n":"-dxia77"},//元
		"name_m": {"l10n":"-amnvcq"},//琪琪
		"name_f": {"l10n":"-amnvcq"}//琪琪
	},
	"51": {
		"id": 51,
		"name1": {"l10n":"-dxjaxc"},//齐
		"name_m": {"l10n":"-ak05hb"},//可瑶
		"name_f": {"l10n":"-ak05hb"}//可瑶
	},
	"52": {
		"id": 52,
		"name1": {"l10n":"-dxi8zb"},//康
		"name_m": {"l10n":"-wmfup"},//凡儿
		"name_f": {"l10n":"-wmfup"}//凡儿
	},
	"53": {
		"id": 53,
		"name1": {"l10n":"-dxidtg"},//朴
		"name_m": {"l10n":"5hpagv"},//凡一
		"name_f": {"l10n":"5hpagv"}//凡一
	},
	"54": {
		"id": 54,
		"name1": {"l10n":"-dxibjr"},//殷
		"name_m": {"l10n":"-4z68jx"},//依恋
		"name_f": {"l10n":"-4z68jx"}//依恋
	},
	"55": {
		"id": 55,
		"name1": {"l10n":"-dxi9se"},//卞
		"name_m": {"l10n":"-7m9ehm"},//俊秀
		"name_f": {"l10n":"-7m9ehm"}//俊秀
	},
	"56": {
		"id": 56,
		"name1": {"l10n":"-dxiaxo"},//和
		"name_m": {"l10n":"gki6hy"},//益阳
		"name_f": {"l10n":"gki6hy"}//益阳
	},
	"57": {
		"id": 57,
		"name1": {"l10n":"-dxj9mv"},//萧
		"name_m": {"l10n":"-fso6g"},//逸可
		"name_f": {"l10n":"-fso6g"}//逸可
	},
	"58": {
		"id": 58,
		"name1": {"l10n":"-dxi99l"},//尹
		"name_m": {"l10n":"-99x72o"},//子珉
		"name_f": {"l10n":"-99x72o"}//子珉
	},
	"59": {
		"id": 59,
		"name1": {"l10n":"-dxi8p6"},//姚
		"name_m": {"l10n":"-9jiyd7"},//紫烟
		"name_f": {"l10n":"-9jiyd7"}//紫烟
	},
	"60": {
		"id": 60,
		"name1": {"l10n":"-dxjc39"},//邵
		"name_m": {"l10n":"gnwex1"},//紫陌
		"name_f": {"l10n":"gnwex1"}//紫陌
	},
	"61": {
		"id": 61,
		"name1": {"l10n":"-dxiecm"},//穆
		"name_m": {"l10n":"-46azwv"},//星海
		"name_f": {"l10n":"-46azwv"}//星海
	},
	"62": {
		"id": 62,
		"name1": {"l10n":"-dxibgr"},//毛
		"name_m": {"l10n":"-5l6ogf"},//星星
		"name_f": {"l10n":"-5l6ogf"}//星星
	},
	"63": {
		"id": 63,
		"name1": {"l10n":"-dxifjn"},//米
		"name_m": {"l10n":"-ztstp"},//白凡
		"name_f": {"l10n":"-ztstp"}//白凡
	},
	"64": {
		"id": 64,
		"name1": {"l10n":"-dxj87h"},//贝
		"name_m": {"l10n":"m3zcrz"},//金航
		"name_f": {"l10n":"m3zcrz"}//金航
	},
	"65": {
		"id": 65,
		"name1": {"l10n":"-dxidlq"},//明
		"name_m": {"l10n":"5ipxve"},//书书
		"name_f": {"l10n":"5ipxve"}//书书
	},
	"66": {
		"id": 66,
		"name1": {"l10n":"-dxice2"},//汪
		"name_m": {"l10n":"26hxet"},//立娟
		"name_f": {"l10n":"26hxet"}//立娟
	},
	"67": {
		"id": 67,
		"name1": {"l10n":"-dxj75t"},//计
		"name_m": {"l10n":"-5tyn0g"},//冠杰
		"name_f": {"l10n":"-5tyn0g"}//冠杰
	},
	"68": {
		"id": 68,
		"name1": {"l10n":"-dxi5wf"},//伏
		"name_m": {"l10n":"-uplxa"},//兮兮
		"name_f": {"l10n":"-uplxa"}//兮兮
	},
	"69": {
		"id": 69,
		"name1": {"l10n":"-dxicsw"},//成
		"name_m": {"l10n":"53gpir"},//依依
		"name_f": {"l10n":"53gpir"}//依依
	},
	"70": {
		"id": 70,
		"name1": {"l10n":"-dxictw"},//戴
		"name_m": {"l10n":"-535pq9"},//怡怡
		"name_f": {"l10n":"-535pq9"}//怡怡
	},
	"71": {
		"id": 71,
		"name1": {"l10n":"-dxi8d7"},//宋
		"name_m": {"l10n":"-9xxatc"},//熠熠
		"name_f": {"l10n":"-9xxatc"}//熠熠
	},
	"72": {
		"id": 72,
		"name1": {"l10n":"-dxj8md"},//茅
		"name_m": {"l10n":"mfq9pv"},//贝贝
		"name_f": {"l10n":"mfq9pv"}//贝贝
	},
	"73": {
		"id": 73,
		"name1": {"l10n":"-dxi8y6"},//庞
		"name_m": {"l10n":"21y5h7"},//若嫣
		"name_f": {"l10n":"21y5h7"}//若嫣
	},
	"74": {
		"id": 74,
		"name1": {"l10n":"-dxignu"},//熊
		"name_m": {"l10n":"-dxiccv"},//江
		"name_f": {"l10n":"-dxiccv"}//江
	},
	"75": {
		"id": 75,
		"name1": {"l10n":"-dxifay"},//纪
		"name_m": {"l10n":"-ztkr9"},//夕凡
		"name_f": {"l10n":"-ztkr9"}//夕凡
	},
	"76": {
		"id": 76,
		"name1": {"l10n":"-dxj8eq"},//舒
		"name_m": {"l10n":"-n0z29"},//怡倩
		"name_f": {"l10n":"-n0z29"}//怡倩
	},
	"77": {
		"id": 77,
		"name1": {"l10n":"-dxi97c"},//屈
		"name_m": {"l10n":"nzbav6"},//絮语
		"name_f": {"l10n":"nzbav6"}//絮语
	},
	"78": {
		"id": 78,
		"name1": {"l10n":"-dxjacp"},//项
		"name_m": {"l10n":"17ry1l"},//宇妙
		"name_f": {"l10n":"17ry1l"}//宇妙
	},
	"79": {
		"id": 79,
		"name1": {"l10n":"-dxiex9"},//祝
		"name_m": {"l10n":"15h2wb"},//婕妤
		"name_f": {"l10n":"15h2wb"}//婕妤
	},
	"80": {
		"id": 80,
		"name1": {"l10n":"-dxj9kz"},//董
		"name_m": {"l10n":"-805q10"},//纤纤
		"name_f": {"l10n":"-805q10"}//纤纤
	},
	"81": {
		"id": 81,
		"name1": {"l10n":"-dxibq9"},//梁
		"name_m": {"l10n":"gc0hnf"},//雅霜
		"name_f": {"l10n":"gc0hnf"}//雅霜
	},
	"82": {
		"id": 82,
		"name1": {"l10n":"-dxidqk"},//杜
		"name_m": {"l10n":"5hckfz"},//怡丹
		"name_f": {"l10n":"5hckfz"}//怡丹
	},
	"83": {
		"id": 83,
		"name1": {"l10n":"-dxjce6"},//阮
		"name_m": {"l10n":"-wmlv9"},//灵儿
		"name_f": {"l10n":"-wmlv9"}//灵儿
	},
	"84": {
		"id": 84,
		"name1": {"l10n":"-dxj9n1"},//蓝
		"name_m": {"l10n":"55g4v6"},//明俊
		"name_f": {"l10n":"55g4v6"}//明俊
	},
	"85": {
		"id": 85,
		"name1": {"l10n":"-dxjd0t"},//闽
		"name_m": {"l10n":"-dxi81j"},//婷
		"name_f": {"l10n":"-dxi81j"}//婷
	},
	"86": {
		"id": 86,
		"name1": {"l10n":"-dxi8vx"},//席
		"name_m": {"l10n":"-amnrpv"},//晓琪
		"name_f": {"l10n":"-amnrpv"}//晓琪
	},
	"87": {
		"id": 87,
		"name1": {"l10n":"-dxjawb"},//麻
		"name_m": {"l10n":"-dxj87i"},//贞
		"name_f": {"l10n":"-dxj87i"}//贞
	},
	"88": {
		"id": 88,
		"name1": {"l10n":"-dxi92i"},//强
		"name_m": {"l10n":"gb3u5g"},//凌霄
		"name_f": {"l10n":"gb3u5g"}//凌霄
	},
	"89": {
		"id": 89,
		"name1": {"l10n":"-dxiccv"},//江
		"name_m": {"l10n":"-dxi9su"},//华
		"name_f": {"l10n":"-dxi9su"}//华
	},
	"90": {
		"id": 90,
		"name1": {"l10n":"-dxieh1"},//童
		"name_m": {"l10n":"lzdan2"},//如花
		"name_f": {"l10n":"lzdan2"}//如花
	},
	"91": {
		"id": 91,
		"name1": {"l10n":"-dxjc1p"},//郭
		"name_m": {"l10n":"-t9q9k"},//晨光
		"name_f": {"l10n":"-t9q9k"}//晨光
	},
	"92": {
		"id": 92,
		"name1": {"l10n":"-dxibqd"},//梅
		"name_m": {"l10n":"-dxia77"},//元
		"name_f": {"l10n":"-dxia77"}//元
	},
	"93": {
		"id": 93,
		"name1": {"l10n":"-dxidw7"},//林
		"name_m": {"l10n":"-dxj8lz"},//茗
		"name_f": {"l10n":"-dxj8lz"}//茗
	},
	"94": {
		"id": 94,
		"name1": {"l10n":"-dxi9nl"},//刁
		"name_m": {"l10n":"-dxiab4"},//凰
		"name_f": {"l10n":"-dxiab4"}//凰
	},
	"95": {
		"id": 95,
		"name1": {"l10n":"-dxi95c"},//徐
		"name_m": {"l10n":"n0iizk"},//开轩
		"name_f": {"l10n":"n0iizk"}//开轩
	},
	"96": {
		"id": 96,
		"name1": {"l10n":"-dxif17"},//秋
		"name_m": {"l10n":"-dxiabj"},//凯
		"name_f": {"l10n":"-dxiabj"}//凯
	},
	"97": {
		"id": 97,
		"name1": {"l10n":"-dxja14"},//高
		"name_m": {"l10n":"-dxj7xq"},//达
		"name_f": {"l10n":"-dxj7xq"}//达
	},
	"98": {
		"id": 98,
		"name1": {"l10n":"-dxja3q"},//骆
		"name_m": {"l10n":"-9dwp21"},//玉环
		"name_f": {"l10n":"-9dwp21"}//玉环
	},
	"99": {
		"id": 99,
		"name1": {"l10n":"-dxi8nz"},//夏
		"name_m": {"l10n":"-9dwh5z"},//宇环
		"name_f": {"l10n":"-9dwh5z"}//宇环
	},
	"100": {
		"id": 100,
		"name1": {"l10n":"-dxj9tt"},//蔡
		"name_m": {"l10n":"ghijpd"},//雯雯
		"name_f": {"l10n":"ghijpd"}//雯雯
	},
	"101": {
		"id": 101,
		"name1": {"l10n":"-dxihdc"},//田
		"name_m": {"l10n":"-5xpl00"},//某某
		"name_f": {"l10n":"-5xpl00"}//某某
	},
	"102": {
		"id": 102,
		"name1": {"l10n":"-dxib8a"},//樊
		"name_m": {"l10n":"5f5y9b"},//树仁
		"name_f": {"l10n":"5f5y9b"}//树仁
	},
	"103": {
		"id": 103,
		"name1": {"l10n":"-dxj8w1"},//胡
		"name_m": {"l10n":"-dxi5v7"},//佳
		"name_f": {"l10n":"-dxi5v7"}//佳
	},
	"104": {
		"id": 104,
		"name1": {"l10n":"-dxi5pj"},//万
		"name_m": {"l10n":"-9l4kag"},//烨烨
		"name_f": {"l10n":"-9l4kag"}//烨烨
	},
	"105": {
		"id": 105,
		"name1": {"l10n":"-dxidvj"},//柯
		"name_m": {"l10n":"-899vgu"},//飞羽
		"name_f": {"l10n":"-899vgu"}//飞羽
	},
	"106": {
		"id": 106,
		"name1": {"l10n":"-dxi9tu"},//卢
		"name_m": {"l10n":"m74wjx"},//佳艺
		"name_f": {"l10n":"m74wjx"}//佳艺
	},
	"107": {
		"id": 107,
		"name1": {"l10n":"-dxj8qj"},//莫
		"name_m": {"l10n":"-4avbfw"},//淼淼
		"name_f": {"l10n":"-4avbfw"}//淼淼
	},
	"108": {
		"id": 108,
		"name1": {"l10n":"-dxif8f"},//经
		"name_m": {"l10n":"m2uq21"},//苗苗
		"name_f": {"l10n":"m2uq21"}//苗苗
	},
	"109": {
		"id": 109,
		"name1": {"l10n":"-dxictr"},//房
		"name_m": {"l10n":"-3ebt62"},//渺渺
		"name_f": {"l10n":"-3ebt62"}//渺渺
	},
	"110": {
		"id": 110,
		"name1": {"l10n":"-dxj88e"},//贾
		"name_m": {"l10n":"17rxo7"},//妙妙
		"name_f": {"l10n":"17rxo7"}//妙妙
	},
	"111": {
		"id": 111,
		"name1": {"l10n":"-dxi8eb"},//宣
		"name_m": {"l10n":"lrua3k"},//一菲
		"name_f": {"l10n":"lrua3k"}//一菲
	},
	"112": {
		"id": 112,
		"name1": {"l10n":"-dxifh6"},//羊
		"name_m": {"l10n":"gegrga"},//亦非
		"name_f": {"l10n":"gegrga"}//亦非
	},
	"113": {
		"id": 113,
		"name1": {"l10n":"-dxi8dy"},//家
		"name_m": {"l10n":"era3a"},//艺峰
		"name_f": {"l10n":"era3a"}//艺峰
	},
	"114": {
		"id": 114,
		"name1": {"l10n":"-dxi99d"},//封
		"name_m": {"l10n":"1aw9ou"},//傲天
		"name_f": {"l10n":"1aw9ou"}//傲天
	},
	"115": {
		"id": 115,
		"name1": {"l10n":"-dxi9fd"},//嵩
		"name_m": {"l10n":"-dxi9my"},//刚
		"name_f": {"l10n":"-dxi9my"}//刚
	},
	"116": {
		"id": 116,
		"name1": {"l10n":"-dxidri"},//松
		"name_m": {"l10n":"-dxjcfs"},//雨
		"name_f": {"l10n":"-dxjcfs"}//雨
	},
	"117": {
		"id": 117,
		"name1": {"l10n":"-dxi8e3"},//宫
		"name_m": {"l10n":"-dxj8jj"},//芯
		"name_f": {"l10n":"-dxj8jj"}//芯
	},
	"118": {
		"id": 118,
		"name1": {"l10n":"-dxi91v"},//弓
		"name_m": {"l10n":"k910pe"},//蕾蕾
		"name_f": {"l10n":"k910pe"}//蕾蕾
	},
	"119": {
		"id": 119,
		"name1": {"l10n":"-dxia7s"},//全
		"name_m": {"l10n":"-wnfam"},//蕾儿
		"name_f": {"l10n":"-wnfam"}//蕾儿
	},
	"120": {
		"id": 120,
		"name1": {"l10n":"-dxjauc"},//黄
		"name_m": {"l10n":"-aew0wr"},//介石
		"name_f": {"l10n":"-aew0wr"}//介石
	},
	"121": {
		"id": 121,
		"name1": {"l10n":"-dxi9mw"},//刘
		"name_m": {"l10n":"-9cf8s8"},//晨玉
		"name_f": {"l10n":"-9cf8s8"}//晨玉
	},
	"122": {
		"id": 122,
		"name1": {"l10n":"-dxi9x2"},//叶
		"name_m": {"l10n":"-1p6ll6"},//定君
		"name_f": {"l10n":"-1p6ll6"}//定君
	},
	"123": {
		"id": 123,
		"name1": {"l10n":"-dxigq5"},//白
		"name_m": {"l10n":"1yyxf9"},//君子
		"name_f": {"l10n":"1yyxf9"}//君子
	},
	"124": {
		"id": 124,
		"name1": {"l10n":"-dxi9y1"},//厉
		"name_m": {"l10n":"1c9vsr"},//若夕
		"name_f": {"l10n":"1c9vsr"}//若夕
	},
	"125": {
		"id": 125,
		"name1": {"l10n":"-dxi5wa"},//伊
		"name_m": {"l10n":"-5puoxx"},//若曦
		"name_f": {"l10n":"-5puoxx"}//若曦
	},
	"126": {
		"id": 126,
		"name1": {"l10n":"-dxi5rb"},//仇
		"name_m": {"l10n":"-5ptu4m"},//曦曦
		"name_f": {"l10n":"-5ptu4m"}//曦曦
	},
	"127": {
		"id": 127,
		"name1": {"l10n":"-dxjb2h"},//龙
		"name_m": {"l10n":"-53l5zg"},//惜惜
		"name_f": {"l10n":"-53l5zg"}//惜惜
	},
	"128": {
		"id": 128,
		"name1": {"l10n":"-dxiexi"},//祖
		"name_m": {"l10n":"121g2s"},//希希
		"name_f": {"l10n":"121g2s"}//希希
	},
	"129": {
		"id": 129,
		"name1": {"l10n":"-dxibeu"},//武
		"name_m": {"l10n":"-9vs1jd"},//熙熙
		"name_f": {"l10n":"-9vs1jd"}//熙熙
	},
	"130": {
		"id": 130,
		"name1": {"l10n":"-dxi5ng"},//乌
		"name_m": {"l10n":"gkienf"},//夕阳
		"name_f": {"l10n":"gkienf"}//夕阳
	},
	"131": {
		"id": 131,
		"name1": {"l10n":"-dxid7k"},//怀
		"name_m": {"l10n":"-3yozsu"},//兮水
		"name_f": {"l10n":"-3yozsu"}//兮水
	},
	"132": {
		"id": 132,
		"name1": {"l10n":"-dxicta"},//戎
		"name_m": {"l10n":"1qi92e"},//俊容
		"name_f": {"l10n":"1qi92e"}//俊容
	},
	"133": {
		"id": 133,
		"name1": {"l10n":"-dxi9sl"},//单
		"name_m": {"l10n":"-dxidrk"},//杰
		"name_f": {"l10n":"-dxidrk"}//杰
	},
	"134": {
		"id": 134,
		"name1": {"l10n":"-dxj8vh"},//能
		"name_m": {"l10n":"-8osv9g"},//赤紫
		"name_f": {"l10n":"-8osv9g"}//赤紫
	},
	"135": {
		"id": 135,
		"name1": {"l10n":"-dxice8"},//池
		"name_m": {"l10n":"mr59xk"},//木豹
		"name_f": {"l10n":"mr59xk"}//木豹
	},
	"136": {
		"id": 136,
		"name1": {"l10n":"-dxjd0r"},//闻
		"name_m": {"l10n":"-dxi93a"},//弦
		"name_f": {"l10n":"-dxi93a"}//弦
	},
	"137": {
		"id": 137,
		"name1": {"l10n":"-dxj8gt"},//苍
		"name_m": {"l10n":"gbypbe"},//栖霞
		"name_f": {"l10n":"gbypbe"}//栖霞
	},
	"138": {
		"id": 138,
		"name1": {"l10n":"-dxi8qk"},//姬
		"name_m": {"l10n":"-46as0c"},//东海
		"name_f": {"l10n":"-46as0c"}//东海
	},
	"139": {
		"id": 139,
		"name1": {"l10n":"-dxihdf"},//申
		"name_m": {"l10n":"-9cg22q"},//訢玉
		"name_f": {"l10n":"-9cg22q"}//訢玉
	},
	"140": {
		"id": 140,
		"name1": {"l10n":"-dxicig"},//沈
		"name_m": {"l10n":"-dxigen"},//烟
		"name_f": {"l10n":"-dxigen"}//烟
	},
	"141": {
		"id": 141,
		"name1": {"l10n":"-dxi8ds"},//宰
		"name_m": {"l10n":"-9sb0tp"},//炽焰
		"name_f": {"l10n":"-9sb0tp"}//炽焰
	},
	"142": {
		"id": 142,
		"name1": {"l10n":"-dxj7xl"},//边
		"name_m": {"l10n":"16zn9h"},//紫妍
		"name_f": {"l10n":"16zn9h"}//紫妍
	},
	"143": {
		"id": 143,
		"name1": {"l10n":"-dxi5og"},//习
		"name_m": {"l10n":"-dxj7zu"},//豪
		"name_f": {"l10n":"-dxj7zu"}//豪
	},
	"144": {
		"id": 144,
		"name1": {"l10n":"-dxiabw"},//农
		"name_m": {"l10n":"m6r6x9"},//艳艳
		"name_f": {"l10n":"m6r6x9"}//艳艳
	},
	"145": {
		"id": 145,
		"name1": {"l10n":"-dxic1l"},//温
		"name_m": {"l10n":"gaj3wu"},//露露
		"name_f": {"l10n":"gaj3wu"}//露露
	},
	"146": {
		"id": 146,
		"name1": {"l10n":"-dxi9ob"},//别
		"name_m": {"l10n":"-3e4oi8"},//子清
		"name_f": {"l10n":"-3e4oi8"}//子清
	},
	"147": {
		"id": 147,
		"name1": {"l10n":"-dxi8ys"},//庄
		"name_m": {"l10n":"kh7p6b"},//依萍
		"name_f": {"l10n":"kh7p6b"}//依萍
	},
	"148": {
		"id": 148,
		"name1": {"l10n":"-dxjb58"},//鱼
		"name_m": {"l10n":"-5iuec3"},//晓晓
		"name_f": {"l10n":"-5iuec3"}//晓晓
	},
	"149": {
		"id": 149,
		"name1": {"l10n":"-dxi8dl"},//容
		"name_m": {"l10n":"1qi6zr"},//婉容
		"name_f": {"l10n":"1qi6zr"}//婉容
	},
	"150": {
		"id": 150,
		"name1": {"l10n":"-dxiatt"},//向
		"name_m": {"l10n":"ghth0d"},//心雨
		"name_f": {"l10n":"ghth0d"}//心雨
	},
	"151": {
		"id": 151,
		"name1": {"l10n":"-dxi9xg"},//古
		"name_m": {"l10n":"jbcc1m"},//梦飞
		"name_f": {"l10n":"jbcc1m"}//梦飞
	},
	"152": {
		"id": 152,
		"name1": {"l10n":"-dxidlf"},//易
		"name_m": {"l10n":"lrt678"},//萌菲
		"name_f": {"l10n":"lrt678"}//萌菲
	},
	"153": {
		"id": 153,
		"name1": {"l10n":"-dxif88"},//终
		"name_m": {"l10n":"27ep1k"},//雨婷
		"name_f": {"l10n":"27ep1k"}//雨婷
	},
	"154": {
		"id": 154,
		"name1": {"l10n":"jyir88"},//司马
		"name_m": {"l10n":"27fl7r"},//玉婷
		"name_f": {"l10n":"27fl7r"}//玉婷
	},
	"155": {
		"id": 155,
		"name1": {"l10n":"1rsm1y"},//上官
		"name_m": {"l10n":"-amnrd9"},//思琪
		"name_f": {"l10n":"-amnrd9"}//思琪
	},
	"156": {
		"id": 156,
		"name1": {"l10n":"gkibuh"},//欧阳
		"name_m": {"l10n":"imai0j"},//思齐
		"name_f": {"l10n":"imai0j"}//思齐
	},
	"157": {
		"id": 157,
		"name1": {"l10n":"51ieg1"},//夏侯
		"name_m": {"l10n":"-82sz77"},//佳缘
		"name_f": {"l10n":"-82sz77"}//佳缘
	},
	"158": {
		"id": 158,
		"name1": {"l10n":"kkdumw"},//诸葛
		"name_m": {"l10n":"5ipudb"},//御书
		"name_f": {"l10n":"5ipudb"}//御书
	},
	"159": {
		"id": 159,
		"name1": {"l10n":"5caded"},//闻人
		"name_m": {"l10n":"5ipnaf"},//玉书
		"name_f": {"l10n":"5ipnaf"}//玉书
	},
	"160": {
		"id": 160,
		"name1": {"l10n":"-6l5k5o"},//东方
		"name_m": {"l10n":"o5ckd"},//元忠
		"name_f": {"l10n":"o5ckd"}//元忠
	},
	"161": {
		"id": 161,
		"name1": {"l10n":"-awouzr"},//皇甫
		"name_m": {"l10n":"5bjcv1"},//元亮
		"name_f": {"l10n":"5bjcv1"}//元亮
	},
	"162": {
		"id": 162,
		"name1": {"l10n":"-88i6gs"},//公羊
		"name_m": {"l10n":"m6baal"},//元良
		"name_f": {"l10n":"m6baal"}//元良
	},
	"163": {
		"id": 163,
		"name1": {"l10n":"-6ge9jr"},//宗政
		"name_m": {"l10n":"if2py5"},//元龙
		"name_f": {"l10n":"if2py5"}//元龙
	},
	"164": {
		"id": 164,
		"name1": {"l10n":"-e36gq"},//太叔
		"name_m": {"l10n":"-5lrnkz"},//元明
		"name_f": {"l10n":"-5lrnkz"}//元明
	},
	"165": {
		"id": 165,
		"name1": {"l10n":"-6l2tpj"},//宇文
		"name_m": {"l10n":"-9zobvn"},//元白
		"name_f": {"l10n":"-9zobvn"}//元白
	},
	"167": {
		"id": 167,
		"name1": {"l10n":"1qi1nv"},//慕容
		"name_m": {"l10n":"ll1khx"},//炫耀
		"name_f": {"l10n":"ll1khx"}//炫耀
	},
	"168": {
		"id": 168,
		"name1": {"l10n":"ng2mw"},//司徒
		"name_m": {"l10n":"26hxjt"},//文娟
		"name_f": {"l10n":"26hxjt"}//文娟
	},
	"169": {
		"id": 169,
		"name1": {"l10n":"-6nozag"},//司空
		"name_m": {"l10n":"19q63t"},//姗姗
		"name_f": {"l10n":"19q63t"}//姗姗
	},
	"170": {
		"id": 170,
		"name1": {"l10n":"m6ba9w"},//公良
		"name_m": {"l10n":"-5ou636"},//舒曼
		"name_f": {"l10n":"-5ou636"}//舒曼
	},
	"171": {
		"id": 171,
		"name1": {"l10n":"gsw6oi"},//百里
		"name_m": {"l10n":"-dxjcfs"},//雨
		"name_f": {"l10n":"-dxjcfs"}//雨
	},
	"172": {
		"id": 172,
		"name1": {"l10n":"-dxi9df"},//岳
		"name_m": {"l10n":"-2z6enu"},//雪梅
		"name_f": {"l10n":"-2z6enu"}//雪梅
	},
	"173": {
		"id": 173,
		"name1": {"l10n":"-dxi8v9"},//帅
		"name_m": {"l10n":"-9e54hx"},//玥玥
		"name_f": {"l10n":"-9e54hx"}//玥玥
	},
	"174": {
		"id": 174,
		"name1": {"l10n":"1psuzt"},//南宫
		"name_m": {"l10n":"-58cjd2"},//悦悦
		"name_f": {"l10n":"-58cjd2"}//悦悦
	},
	"175": {
		"id": 175,
		"name1": {"l10n":"-dxih6c"},//琴
		"name_m": {"l10n":"-amnrpv"},//晓琪
		"name_f": {"l10n":"-amnrpv"}//晓琪
	},
	"176": {
		"id": 176,
		"name1": {"l10n":"-5wrvzz"},//端木
		"name_m": {"l10n":"kh804k"},//萌萌
		"name_f": {"l10n":"kh804k"}//萌萌
	},
	"177": {
		"id": 177,
		"name1": {"l10n":"h1lqd0"},//东郭
		"name_m": {"l10n":"-dxi85f"},//嫣
		"name_f": {"l10n":"-dxi85f"}//嫣
	},
	"178": {
		"id": 178,
		"name1": {"l10n":"-dxicl3"},//海
		"name_m": {"l10n":"-dxida8"},//惠
		"name_f": {"l10n":"-dxida8"}//惠
	},
	"179": {
		"id": 179,
		"name1": {"l10n":"-dxi902"},//归
		"name_m": {"l10n":"gik2f9"},//泫雅
		"name_f": {"l10n":"gik2f9"}//泫雅
	},
	"180": {
		"id": 180,
		"name1": {"l10n":"-dxibky"},//桂
		"name_m": {"l10n":"-55m08x"},//信惠
		"name_f": {"l10n":"-55m08x"}//信惠
	},
	"181": {
		"id": 181,
		"name1": {"l10n":"-dxi9xg"},//古
		"name_m": {"l10n":"-420gcp"},//沙沙
		"name_f": {"l10n":"-420gcp"}//沙沙
	},
	"182": {
		"id": 182,
		"name1": {"l10n":"-dxj8dq"},//艾
		"name_m": {"l10n":"-wne29"},//花儿
		"name_f": {"l10n":"-wne29"}//花儿
	},
	"183": {
		"id": 183,
		"name1": {"l10n":"-dxifwr"},//牛
		"name_m": {"l10n":"-wneta"},//蛮儿
		"name_f": {"l10n":"-wneta"}//蛮儿
	},
	"184": {
		"id": 184,
		"name1": {"l10n":"-dxj9z0"},//马
		"name_m": {"l10n":"-ameskq"},//艺琳
		"name_f": {"l10n":"-ameskq"}//艺琳
	},
	"185": {
		"id": 185,
		"name1": {"l10n":"-dxj8km"},//荆
		"name_m": {"l10n":"-9tqsm7"},//小燕
		"name_f": {"l10n":"-9tqsm7"}//小燕
	},
	"186": {
		"id": 186,
		"name1": {"l10n":"-dxi9tc"},//印
		"name_m": {"l10n":"m6s61t"},//小艳
		"name_f": {"l10n":"m6s61t"}//小艳
	},
	"187": {
		"id": 187,
		"name1": {"l10n":"-dxifei"},//缪
		"name_m": {"l10n":"5ktskw"},//乐乐
		"name_f": {"l10n":"5ktskw"}//乐乐
	},
	"188": {
		"id": 188,
		"name1": {"l10n":"-dxjah8"},//颜
		"name_m": {"l10n":"-8a51st"},//不群
		"name_f": {"l10n":"-8a51st"}//不群
	},
	"189": {
		"id": 189,
		"name1": {"l10n":"-dxiglx"},//燕
		"name_m": {"l10n":"-535mrx"},//凝怡
		"name_f": {"l10n":"-535mrx"}//凝怡
	},
	"190": {
		"id": 190,
		"name1": {"l10n":"-dxi9ja"},//左
		"name_m": {"l10n":"-dxidso"},//月
		"name_f": {"l10n":"-dxidso"}//月
	},
	"191": {
		"id": 191,
		"name1": {"l10n":"-dxih0z"},//石
		"name_m": {"l10n":"-5vn4ux"},//有朋
		"name_f": {"l10n":"-5vn4ux"}//有朋
	},
	"192": {
		"id": 192,
		"name1": {"l10n":"-dxicmy"},//洪
		"name_m": {"l10n":"lq3e3m"},//莎莎
		"name_f": {"l10n":"lq3e3m"}//莎莎
	},
	"193": {
		"id": 193,
		"name1": {"l10n":"-dxjcna"},//韦
		"name_m": {"l10n":"-dxjci6"},//非
		"name_f": {"l10n":"-dxjci6"}//非
	},
	"194": {
		"id": 194,
		"name1": {"l10n":"muefnr"},//轩辕
		"name_m": {"l10n":"-dxjafi"},//飞
		"name_f": {"l10n":"-dxjafi"}//飞
	},
	"195": {
		"id": 195,
		"name1": {"l10n":"j5cp9"},//申屠
		"name_m": {"l10n":"ghqfw2"},//瑞雪
		"name_f": {"l10n":"ghqfw2"}//瑞雪
	},
	"196": {
		"id": 196,
		"name1": {"l10n":"-8zkw5g"},//令狐
		"name_m": {"l10n":"-5visgz"},//心月
		"name_f": {"l10n":"-5visgz"}//心月
	},
	"197": {
		"id": 197,
		"name1": {"l10n":"-dxigt2"},//盖
		"name_m": {"l10n":"1pho1c"},//子宣
		"name_f": {"l10n":"1pho1c"}//子宣
	},
	"198": {
		"id": 198,
		"name1": {"l10n":"-dxici1"},//沙
		"name_m": {"l10n":"-wng0c"},//颜儿
		"name_f": {"l10n":"-wng0c"}//颜儿
	},
	"199": {
		"id": 199,
		"name1": {"l10n":"kkdumw"},//诸葛
		"name_m": {"l10n":"-wmlr1"},//珍儿
		"name_f": {"l10n":"-wmlr1"}//珍儿
	},
	"200": {
		"id": 200,
		"name1": {"l10n":"-dxic14"},//游
		"name_m": {"l10n":"-9g0bh5"},//婉灵
		"name_f": {"l10n":"-9g0bh5"}//婉灵
	},
	"201": {
		"id": 201,
		"name1": {"l10n":"-dxj86t"},//赵
		"name_m": {"l10n":"5cv541"},//小二
		"name_f": {"l10n":"5cv541"}//小二
	},
	"202": {
		"id": 202,
		"name1": {"l10n":"-dxjcvl"},//钱
		"name_m": {"l10n":"-dxjate"},//鸢
		"name_f": {"l10n":"-dxjate"}//鸢
	},
	"204": {
		"id": 204,
		"name1": {"l10n":"-dxidr2"},//李
		"name_m": {"l10n":"-dxidkk"},//晴
		"name_f": {"l10n":"-dxidkk"}//晴
	},
	"205": {
		"id": 205,
		"name1": {"l10n":"-dxiat4"},//周
		"name_m": {"l10n":"-wmi1t"},//沁儿
		"name_f": {"l10n":"-wmi1t"}//沁儿
	},
	"206": {
		"id": 206,
		"name1": {"l10n":"-dxiaus"},//吴
		"name_m": {"l10n":"-dxi5u1"},//余
		"name_f": {"l10n":"-dxi5u1"}//余
	},
	"207": {
		"id": 207,
		"name1": {"l10n":"-dxibeu"},//武
		"name_m": {"l10n":"-dxicm3"},//洋
		"name_f": {"l10n":"-dxicm3"}//洋
	},
	"208": {
		"id": 208,
		"name1": {"l10n":"-dxi5ng"},//乌
		"name_m": {"l10n":"-55m42r"},//千惠
		"name_f": {"l10n":"-55m42r"}//千惠
	},
	"209": {
		"id": 209,
		"name1": {"l10n":"-dxid7k"},//怀
		"name_m": {"l10n":"nu2956"},//蝶衣
		"name_f": {"l10n":"nu2956"}//蝶衣
	},
	"210": {
		"id": 210,
		"name1": {"l10n":"-dxicta"},//戎
		"name_m": {"l10n":"-dxj9di"},//蝶
		"name_f": {"l10n":"-dxj9di"}//蝶
	}
}