{
	//Sheet1.id npcId
	//Sheet1.name npc展示名字
	//Sheet1.type 0、不展示形象1、主角（读取主角名字和形象）2、素萝（取素萝形象）3、妖盟盟主（取盟主形象和名字）4、npc 5、怪物
	//Sheet1.icon npc形象
	//"salt": "b37ba00189a1f7a92d8bfe62fe71ca1f"
	"1": {
		"id": 1,
		"name": {"l10n":"nh0sk5"},//主角
		"type": 1
	},
	"2": {
		"id": 2,
		"name": {"l10n":"khtwg0"},//素萝
		"type": 2
	},
	"3": {
		"id": 3,
		"name": {"l10n":"5h9nqp"},//盟主
		"type": 3
	},
	"4": {
		"id": 4,
		"name": {"l10n":"-9zofxd"},//旁白
		"type": 4
	},
	"5": {
		"id": 5,
		"name": {"l10n":"-5yj47a"},//妖怪甲
		"type": 5
	},
	"6": {
		"id": 6,
		"name": {"l10n":"-rr7ogp"},//妖怪乙
		"type": 5
	},
	"7": {
		"id": 7,
		"name": {"l10n":"mwhhzk"},//？？？
		"type": 0
	},
	"8": {
		"id": 8,
		"name": {"l10n":"-dwotjw"},//蛤蟆邪灵
		"type": 5
	},
	"9": {
		"id": 9,
		"name": {"l10n":"d1hug"},//蛤蟆首领
		"type": 5
	},
	"10": {
		"id": 10,
		"name": {"l10n":"vnkkvk"},//神秘的声音
		"type": 4
	},
	"11": {
		"id": 11,
		"name": {"l10n":"-3jyyuh"},//边溪
		"type": 4
	}
}