{
	//content.id 当前购买次数
	//content.propId 购买获得的道具id
	//content.num 购买获得的数量
	//content.costId 消耗的道具id
	//content.costNum 售卖的道具数量
	//content.buyLimitType 限购种类(1每日限购，2每周限购，3每月限购，4终生限购。-1则不限购)
	//"salt": "a29ad846a566b36f92de488746e78284"
	"1": {
		// 精力
		"id": 1,
		"propId": 1003,
		"num": 30,
		"costId": 1001,
		"costNum": 100,
		"buyLimitType": 1
	},
	"2": {
		// 精力
		"id": 2,
		"propId": 1003,
		"num": 30,
		"costId": 1001,
		"costNum": 200,
		"buyLimitType": 1
	},
	"3": {
		// 精力
		"id": 3,
		"propId": 1003,
		"num": 30,
		"costId": 1001,
		"costNum": 300,
		"buyLimitType": 1
	},
	"4": {
		// 精力
		"id": 4,
		"propId": 1003,
		"num": 30,
		"costId": 1001,
		"costNum": 300,
		"buyLimitType": 1
	},
	"5": {
		// 精力
		"id": 5,
		"propId": 1003,
		"num": 30,
		"costId": 1001,
		"costNum": 300,
		"buyLimitType": 1
	},
	"6": {
		// 精力
		"id": 6,
		"propId": 1003,
		"num": 30,
		"costId": 1001,
		"costNum": 300,
		"buyLimitType": 1
	},
	"7": {
		// 精力
		"id": 7,
		"propId": 1003,
		"num": 30,
		"costId": 1001,
		"costNum": 300,
		"buyLimitType": 1
	},
	"8": {
		// 精力
		"id": 8,
		"propId": 1003,
		"num": 30,
		"costId": 1001,
		"costNum": 300,
		"buyLimitType": 1
	},
	"9": {
		// 精力
		"id": 9,
		"propId": 1003,
		"num": 30,
		"costId": 1001,
		"costNum": 300,
		"buyLimitType": 1
	},
	"10": {
		// 精力
		"id": 10,
		"propId": 1003,
		"num": 30,
		"costId": 1001,
		"costNum": 300,
		"buyLimitType": 1
	}
}