{
	//多人修炼.id 地图id
	//多人修炼.name 地图名称
	//多人修炼.mapLv 地图等级
	//多人修炼.res 标签资源，功或者灵
	//多人修炼.mapRes 地图资源
	//多人修炼.mapTag 地图标签
	//多人修炼.cd 场景重进cd
	//多人修炼.entLv 玩家进入需要等级
	//多人修炼.showLv 玩家X级展示出来
	//多人修炼.more 怪物详细数据
	//多人修炼.bgRes 战场背景图
	//多人修炼.newId 个人地图id
	//more.sort 怪物组
	//more.id 地图id
	//more.monsterId 怪物id
	//more.type 1boss2小怪
	//more.monsterNum 刷怪数量
	//more.time 复活时间，秒
	//more.costPropId 消耗道具
	//more.costNum 消耗数量
	//more.awards1 怪击杀掉落
	//awards1.sort 怪物组
	//awards1.propId 奖励道具
	//awards1.num 奖励数量
	//"salt": "5553f866cca1edd2bd1d658b1747f6a1"
	"2002": {
		"id": 2002,
		"name": {"l10n":"-6jq2w7"},//青苗河
		"mapLv": 10,
		"mapRes": 11010,
		"mapTag": 1,
		"cd": 3,
		"entLv": 10,
		"showLv": 1,
		"more": {
			"1002": {
				// 精力
				"sort": 1002,
				"id": 2002,
				"monsterId": 301002,
				"type": 2,
				"monsterNum": 5,
				"time": 3,
				"costPropId": 1003,
				"costNum": 1,
				"awards1": [
					{
						// 修为
						"sort": 1002,
						"propId": 1002,
						"num": 300
					},
					{
						// 灵气
						"sort": 1002,
						"propId": 10201,
						"num": 66
					}
				]
			}
		},
		"bgRes": 1,
		"newId": 1002
	},
	"2003": {
		"id": 2003,
		"name": {"l10n":"-8xasq6"},//七岩山
		"mapLv": 20,
		"mapRes": 11020,
		"mapTag": 1,
		"cd": 3,
		"entLv": 20,
		"showLv": 10,
		"more": {
			"1003": {
				// 精力
				"sort": 1003,
				"id": 2003,
				"monsterId": 302002,
				"type": 2,
				"monsterNum": 5,
				"time": 3,
				"costPropId": 1003,
				"costNum": 1,
				"awards1": [
					{
						// 修为
						"sort": 1003,
						"propId": 1002,
						"num": 300
					},
					{
						// 妖气
						"sort": 1003,
						"propId": 10202,
						"num": 72
					}
				]
			}
		},
		"bgRes": 1,
		"newId": 1003
	},
	"2004": {
		"id": 2004,
		"name": {"l10n":"vh99t2"},//蝎子洞
		"mapLv": 30,
		"mapRes": 11030,
		"mapTag": 2,
		"cd": 3,
		"entLv": 30,
		"showLv": 20,
		"more": {
			"1004": {
				// 精力
				"sort": 1004,
				"id": 2004,
				"monsterId": 303002,
				"type": 2,
				"monsterNum": 5,
				"time": 3,
				"costPropId": 1003,
				"costNum": 1,
				"awards1": [
					{
						// 修为
						"sort": 1004,
						"propId": 1002,
						"num": 300
					},
					{
						// 灵气
						"sort": 1004,
						"propId": 10201,
						"num": 78
					}
				]
			}
		},
		"bgRes": 1,
		"newId": 1004
	},
	"2005": {
		"id": 2005,
		"name": {"l10n":"uwbhxv"},//陈塘关
		"mapLv": 40,
		"mapRes": 11040,
		"mapTag": 2,
		"cd": 3,
		"entLv": 40,
		"showLv": 30,
		"more": {
			"1005": {
				// 精力
				"sort": 1005,
				"id": 2005,
				"monsterId": 304002,
				"type": 2,
				"monsterNum": 5,
				"time": 3,
				"costPropId": 1003,
				"costNum": 1,
				"awards1": [
					{
						// 修为
						"sort": 1005,
						"propId": 1002,
						"num": 300
					},
					{
						// 妖气
						"sort": 1005,
						"propId": 10202,
						"num": 84
					}
				]
			}
		},
		"bgRes": 1,
		"newId": 1005
	},
	"2006": {
		"id": 2006,
		"name": {"l10n":"-46aw47"},//南海
		"mapLv": 50,
		"mapRes": 11050,
		"mapTag": 2,
		"cd": 3,
		"entLv": 50,
		"showLv": 40,
		"more": {
			"1006": {
				// 精力
				"sort": 1006,
				"id": 2006,
				"monsterId": 305002,
				"type": 2,
				"monsterNum": 5,
				"time": 3,
				"costPropId": 1003,
				"costNum": 1,
				"awards1": [
					{
						// 修为
						"sort": 1006,
						"propId": 1002,
						"num": 300
					},
					{
						// 灵气
						"sort": 1006,
						"propId": 10201,
						"num": 90
					}
				]
			}
		},
		"bgRes": 1,
		"newId": 1006
	},
	"2007": {
		"id": 2007,
		"name": {"l10n":"tdg4fa"},//南海龙宫
		"mapLv": 60,
		"mapRes": 11060,
		"mapTag": 3,
		"cd": 3,
		"entLv": 60,
		"showLv": 50,
		"more": {
			"1007": {
				// 精力
				"sort": 1007,
				"id": 2007,
				"monsterId": 306002,
				"type": 2,
				"monsterNum": 5,
				"time": 3,
				"costPropId": 1003,
				"costNum": 1,
				"awards1": [
					{
						// 修为
						"sort": 1007,
						"propId": 1002,
						"num": 300
					},
					{
						// 妖气
						"sort": 1007,
						"propId": 10202,
						"num": 96
					}
				]
			}
		},
		"bgRes": 1,
		"newId": 1007
	},
	"2008": {
		"id": 2008,
		"name": {"l10n":"-wl9qii"},//清水河
		"mapLv": 70,
		"mapRes": 11070,
		"mapTag": 3,
		"cd": 3,
		"entLv": 70,
		"showLv": 60,
		"more": {
			"1008": {
				// 精力
				"sort": 1008,
				"id": 2008,
				"monsterId": 307002,
				"type": 2,
				"monsterNum": 5,
				"time": 3,
				"costPropId": 1003,
				"costNum": 1,
				"awards1": [
					{
						// 修为
						"sort": 1008,
						"propId": 1002,
						"num": 300
					},
					{
						// 灵气
						"sort": 1008,
						"propId": 10201,
						"num": 102
					}
				]
			}
		},
		"bgRes": 1,
		"newId": 1008
	},
	"2009": {
		"id": 2009,
		"name": {"l10n":"-f9bbss"},//花果山
		"mapLv": 80,
		"mapRes": 11080,
		"mapTag": 3,
		"cd": 3,
		"entLv": 80,
		"showLv": 70,
		"more": {
			"1009": {
				// 精力
				"sort": 1009,
				"id": 2009,
				"monsterId": 308002,
				"type": 2,
				"monsterNum": 5,
				"time": 3,
				"costPropId": 1003,
				"costNum": 1,
				"awards1": [
					{
						// 修为
						"sort": 1009,
						"propId": 1002,
						"num": 300
					},
					{
						// 妖气
						"sort": 1009,
						"propId": 10202,
						"num": 108
					}
				]
			}
		},
		"bgRes": 1,
		"newId": 1009
	},
	"2010": {
		"id": 2010,
		"name": {"l10n":"ul4qs0"},//水帘洞
		"mapLv": 90,
		"mapRes": 11090,
		"mapTag": 4,
		"cd": 3,
		"entLv": 90,
		"showLv": 80,
		"more": {
			"1010": {
				// 精力
				"sort": 1010,
				"id": 2010,
				"monsterId": 309002,
				"type": 2,
				"monsterNum": 5,
				"time": 3,
				"costPropId": 1003,
				"costNum": 1,
				"awards1": [
					{
						// 修为
						"sort": 1010,
						"propId": 1002,
						"num": 300
					},
					{
						// 灵气
						"sort": 1010,
						"propId": 10201,
						"num": 114
					}
				]
			}
		},
		"bgRes": 1,
		"newId": 1010
	},
	"2011": {
		"id": 2011,
		"name": {"l10n":"-3yoynl"},//弱水
		"mapLv": 100,
		"mapRes": 11100,
		"mapTag": 4,
		"cd": 3,
		"entLv": 100,
		"showLv": 90,
		"more": {
			"1011": {
				// 精力
				"sort": 1011,
				"id": 2011,
				"monsterId": 310002,
				"type": 2,
				"monsterNum": 5,
				"time": 3,
				"costPropId": 1003,
				"costNum": 1,
				"awards1": [
					{
						// 修为
						"sort": 1011,
						"propId": 1002,
						"num": 300
					},
					{
						// 妖气
						"sort": 1011,
						"propId": 10202,
						"num": 120
					}
				]
			}
		},
		"bgRes": 1,
		"newId": 1011
	},
	"2012": {
		"id": 2012,
		"name": {"l10n":"-db96cp"},//炎沙山
		"mapLv": 110,
		"mapRes": 11110,
		"mapTag": 4,
		"cd": 3,
		"entLv": 110,
		"showLv": 100,
		"more": {
			"1012": {
				// 精力
				"sort": 1012,
				"id": 2012,
				"monsterId": 311002,
				"type": 2,
				"monsterNum": 5,
				"time": 3,
				"costPropId": 1003,
				"costNum": 1,
				"awards1": [
					{
						// 修为
						"sort": 1012,
						"propId": 1002,
						"num": 300
					},
					{
						// 灵气
						"sort": 1012,
						"propId": 10201,
						"num": 126
					}
				]
			}
		},
		"bgRes": 1,
		"newId": 1012
	},
	"2013": {
		"id": 2013,
		"name": {"l10n":"-p20smc"},//月泉城
		"mapLv": 120,
		"mapRes": 11120,
		"mapTag": 5,
		"cd": 3,
		"entLv": 120,
		"showLv": 110,
		"more": {
			"1013": {
				// 精力
				"sort": 1013,
				"id": 2013,
				"monsterId": 312002,
				"type": 2,
				"monsterNum": 5,
				"time": 3,
				"costPropId": 1003,
				"costNum": 1,
				"awards1": [
					{
						// 修为
						"sort": 1013,
						"propId": 1002,
						"num": 300
					},
					{
						// 妖气
						"sort": 1013,
						"propId": 10202,
						"num": 132
					}
				]
			}
		},
		"bgRes": 1,
		"newId": 1013
	},
	"2014": {
		"id": 2014,
		"name": {"l10n":"-7a8fy0"},//白孟山
		"mapLv": 130,
		"mapRes": 11130,
		"mapTag": 5,
		"cd": 3,
		"entLv": 130,
		"showLv": 120,
		"more": {
			"1014": {
				// 精力
				"sort": 1014,
				"id": 2014,
				"monsterId": 313002,
				"type": 2,
				"monsterNum": 5,
				"time": 3,
				"costPropId": 1003,
				"costNum": 1,
				"awards1": [
					{
						// 修为
						"sort": 1014,
						"propId": 1002,
						"num": 300
					},
					{
						// 灵气
						"sort": 1014,
						"propId": 10201,
						"num": 138
					}
				]
			}
		},
		"bgRes": 1,
		"newId": 1014
	},
	"2015": {
		"id": 2015,
		"name": {"l10n":"-wl9of8"},//原水河
		"mapLv": 140,
		"mapRes": 11140,
		"mapTag": 5,
		"cd": 3,
		"entLv": 140,
		"showLv": 130,
		"more": {
			"1015": {
				// 精力
				"sort": 1015,
				"id": 2015,
				"monsterId": 314002,
				"type": 2,
				"monsterNum": 5,
				"time": 3,
				"costPropId": 1003,
				"costNum": 1,
				"awards1": [
					{
						// 修为
						"sort": 1015,
						"propId": 1002,
						"num": 300
					},
					{
						// 妖气
						"sort": 1015,
						"propId": 10202,
						"num": 144
					}
				]
			}
		},
		"bgRes": 1,
		"newId": 1015
	},
	"2016": {
		"id": 2016,
		"name": {"l10n":"w6sd2q"},//北狄国
		"mapLv": 150,
		"mapRes": 11150,
		"mapTag": 6,
		"cd": 3,
		"entLv": 150,
		"showLv": 140,
		"more": {
			"1016": {
				// 精力
				"sort": 1016,
				"id": 2016,
				"monsterId": 315002,
				"type": 2,
				"monsterNum": 5,
				"time": 3,
				"costPropId": 1003,
				"costNum": 1,
				"awards1": [
					{
						// 修为
						"sort": 1016,
						"propId": 1002,
						"num": 300
					},
					{
						// 灵气
						"sort": 1016,
						"propId": 10201,
						"num": 150
					}
				]
			}
		},
		"bgRes": 1,
		"newId": 1016
	},
	"2017": {
		"id": 2017,
		"name": {"l10n":"-lp9dxt"},//诸钩谷
		"mapLv": 160,
		"mapRes": 11160,
		"mapTag": 6,
		"cd": 3,
		"entLv": 160,
		"showLv": 150,
		"more": {
			"1017": {
				// 精力
				"sort": 1017,
				"id": 2017,
				"monsterId": 316002,
				"type": 2,
				"monsterNum": 5,
				"time": 3,
				"costPropId": 1003,
				"costNum": 1,
				"awards1": [
					{
						// 修为
						"sort": 1017,
						"propId": 1002,
						"num": 300
					},
					{
						// 妖气
						"sort": 1017,
						"propId": 10202,
						"num": 160
					}
				]
			}
		},
		"bgRes": 1,
		"newId": 1017
	},
	"2018": {
		"id": 2018,
		"name": {"l10n":"cp2i4z"},//射姑遗址
		"mapLv": 170,
		"mapRes": 11170,
		"mapTag": 6,
		"cd": 3,
		"entLv": 170,
		"showLv": 160,
		"more": {
			"1018": {
				// 精力
				"sort": 1018,
				"id": 2018,
				"monsterId": 317002,
				"type": 2,
				"monsterNum": 5,
				"time": 3,
				"costPropId": 1003,
				"costNum": 1,
				"awards1": [
					{
						// 修为
						"sort": 1018,
						"propId": 1002,
						"num": 300
					},
					{
						// 灵气
						"sort": 1018,
						"propId": 10201,
						"num": 170
					}
				]
			}
		},
		"bgRes": 1,
		"newId": 1018
	},
	"2019": {
		"id": 2019,
		"name": {"l10n":"agb384"},//封魂山
		"mapLv": 180,
		"mapRes": 11180,
		"mapTag": 7,
		"cd": 3,
		"entLv": 180,
		"showLv": 170,
		"more": {
			"1019": {
				// 精力
				"sort": 1019,
				"id": 2019,
				"monsterId": 318002,
				"type": 2,
				"monsterNum": 5,
				"time": 3,
				"costPropId": 1003,
				"costNum": 1,
				"awards1": [
					{
						// 修为
						"sort": 1019,
						"propId": 1002,
						"num": 300
					},
					{
						// 妖气
						"sort": 1019,
						"propId": 10202,
						"num": 180
					}
				]
			}
		},
		"bgRes": 1,
		"newId": 1019
	}
}