{
	//Sheet1.id id
	//Sheet1.itemId 物品表对应id
	//Sheet1.rechargeId 充值id
	//Sheet1.name 特权卡
	//Sheet1.specialGain 特殊增益，1代表素罗自动攻击，2代表去除广告
	//Sheet1.desc 特权卡描述
	//Sheet1.descIcon 特权卡描述富文本icon资源
	//Sheet1.equityDesc 特权卡权益描述
	//Sheet1.equityDescIcon 权益描述富文本icon资源
	//Sheet1.discount 倍率
	//Sheet1.exEnergy 额外精力值
	//Sheet1.npcAtkTimes 每日可额外在素罗处领取的攻击次数
	//Sheet1.days 有效时间/天
	//Sheet1.moreDays 额外购买不超过有效时间/天
	//Sheet1.dailyAwards 每日奖励
	//Sheet1.awards 一次性奖励
	//Sheet1.dropPropId 填写额外掉落的道具id
	//Sheet1.dropPropDiscount 填写额外掉落的比例(万分比)
	//dailyAwards.id id
	//dailyAwards.propId 道具
	//dailyAwards.num 数量
	//awards.id id
	//awards.propId 道具
	//awards.num 数量
	//"salt": "a2e8fb35e47ec554e39932bc774cf168"
	"2001": {
		"id": 2001,
		"itemId": 800001,
		"rechargeId": 2001,
		"name": {"l10n":"-epgtx2"},//高级月卡
		"specialGain": 2,
		"desc": {"l10n":"-874yfp"},//30天特权专享\n每日可领取大量[img]{0}[/img]仙玉和[img]{1}[/img]精力\n跳过广告快速获得奖励
		"descIcon": [
			1001,
			1003
		],
		"equityDesc": {"l10n":"-hg12ut"},//1.可跳过所有广告立即获得奖励\n2.每日可领取[img]{0}[/img][color=#21951d]仙玉*150[/color]\n3.每日可在素罗处额外领取[color=#21951d]1000[/color]次攻击次数\n4.每日可在素罗处额外领取[img]{1}[/img][color=#21951d]精力*20[/color]
		"equityDescIcon": [
			1001,
			1003
		],
		"discount": 2250,
		"exEnergy": 10,
		"npcAtkTimes": 1000,
		"days": 30,
		"moreDays": 60,
		"dailyAwards": [
			{
				"id": 2001,
				"propId": 1001,
				"num": 150
			}
		],
		"awards": [
			{
				"id": 2001,
				"propId": 1001,
				"num": 300
			}
		],
		"dropPropId": 0,
		"dropPropDiscount": 0
	},
	"2003": {
		"id": 2003,
		"itemId": 800002,
		"rechargeId": 2003,
		"name": {"l10n":"-auqfs"},//月卡
		"specialGain": 1,
		"desc": {"l10n":"-thj77r"},//30天特权专享\n每日可领取[img]{0}[/img]仙玉和[img]{1}[/img]精力\n素罗可自动攻击，解放手指
		"descIcon": [
			1001,
			1003
		],
		"equityDesc": {"l10n":"-oa7d6u"},//1.解锁素罗自动攻击功能\n2.每日可领取[img]{0}[/img][color=#21951d]仙玉*100[/color]\n3.每日可在素罗处额外领取[color=#21951d]1000[/color]次攻击次数\n4.每日可在素罗处额外领取[img]{1}[/img][color=#21951d]精力*10[/color]
		"equityDescIcon": [
			1001,
			1003
		],
		"discount": 1933,
		"exEnergy": 5,
		"npcAtkTimes": 1000,
		"days": 30,
		"moreDays": 60,
		"dailyAwards": [
			{
				"id": 2003,
				"propId": 1001,
				"num": 100
			}
		],
		"awards": [
			{
				"id": 2003,
				"propId": 1001,
				"num": 180
			}
		],
		"dropPropId": 0,
		"dropPropDiscount": 0
	}
}