{
	//种族.id 种族1蟒天蛟2青鸾鸟3九尾狐
	//种族.name 种族名字
	//种族.nickname 种族名字
	//种族.skillId 普攻技能id
	//种族.gongSorceryId 妖术id
	//种族.recommendAttrId 推荐属性类型id
	//"salt": "45b7ad45e965ed8b973cfb6e2fdae91a"
	"1": {
		"id": 1,
		"name": {"l10n":"-nxup0z"},//蟒天蛟
		"nickname": {"l10n":"-dxj99j"},//蛇
		"skillId": 101001,
		"gongSorceryId": [
			10100,
			10200,
			10000
		],
		"recommendAttrId": 25
	},
	"2": {
		"id": 2,
		"name": {"l10n":"y00psd"},//青鸾鸟
		"nickname": {"l10n":"-dxjarz"},//鸟
		"skillId": 102001,
		"gongSorceryId": [
			20100,
			20200,
			20000
		],
		"recommendAttrId": 26
	},
	"3": {
		"id": 3,
		"name": {"l10n":"xuoa25"},//九尾狐
		"nickname": {"l10n":"-90iw0g"},//狐狸
		"skillId": 103001,
		"gongSorceryId": [
			30100,
			30200,
			30000
		],
		"recommendAttrId": 25
	}
}