{
	//rank.name 榜单名称
	//rank.desc 榜单名字
	//rank.activityName 活动名称
	//rank.memberType 榜单成员类型（玩家:User,联盟:Guild,区服:Server）
	//rank.isCross 是否是跨服榜单(0:本服，1：跨服)
	//rank.rankType 榜单类型（个人：l，妖盟：guild）
	//rank.rankTop 排行榜前N名组件类型
	//rank.rankSelf 自己排行数据组件类型（默认组件default，不填则不显示自己排行数据）
	//rank.dataType 排行数据统计类型(1当前值，2活动期间的涨幅值)(仅活动榜单使用)
	//rank.systemType 排行榜类型(目前仅冲榜活动使用，用于充值礼包背景展示)(1角色/装备类冲榜，2元神类冲榜，3法宝类冲榜)
	//rank.attribute 属性
	//rank.isRankLike 是否可点赞(1是0否)
	//rank.maxNum 排行榜最多可显示多少条信息(-1则无上限)
	//rank.base 排行依据描述
	//rank.prob 展示权重
	//attribute.name 冲榜名称
	//attribute.formatValue 数据key(格式化类型:null不需要格式化)
	//attribute.columnTitle 排行榜的中文表头
	//attribute.weight 宽度预设1
	//attribute.prefabName 关联字段
	//attribute.color 字体颜色
	//attribute.height 高度
	//"salt": "0d188448847b5391114b8eae58ee578d"
	"Level": {
		"name": "Level",
		"desc": {"l10n":"-iad9sb"},//等级榜
		"isCross": 0,
		"rankType": "l",
		"rankTop": "rankPersonTop",
		"rankSelf": "rankSelfPerson",
		"dataType": 0,
		"systemType": 0,
		"attribute": [
			{
				// 排行
				"name": "Level",
				"formatValue": "rank",
				"weight": 160,
				"prefabName": "rankTextImg",
				"height": 143
			},
			{
				// 角色
				"name": "Level",
				"formatValue": "rank1",
				"weight": 440,
				"prefabName": "rankPlayerRank",
				"height": 143
			},
			{
				// 点赞
				"name": "Level",
				"formatValue": "rank2",
				"weight": 150,
				"prefabName": "rankLikes",
				"height": 143
			}
		],
		"isRankLike": 1,
		"maxNum": 100,
		"base": {"l10n":"-6urb3x"},//人物等级
		"prob": 1000
	},
	"Realm": {
		"name": "Realm",
		"desc": {"l10n":"-l32jkl"},//境界榜
		"isCross": 0,
		"rankType": "l",
		"rankTop": "rankPersonTop",
		"rankSelf": "rankSelfPerson",
		"dataType": 0,
		"systemType": 0,
		"attribute": [
			{
				// 排行
				"name": "Realm",
				"formatValue": "rank",
				"weight": 160,
				"prefabName": "rankTextImg",
				"height": 143
			},
			{
				// 角色
				"name": "Realm",
				"formatValue": "rank1",
				"weight": 440,
				"prefabName": "rankPlayerRank",
				"height": 143
			},
			{
				// 点赞
				"name": "Realm",
				"formatValue": "rank2",
				"weight": 150,
				"prefabName": "rankLikes",
				"height": 143
			}
		],
		"isRankLike": 1,
		"maxNum": 100,
		"base": {"l10n":"-asz6qr"},//境界
		"prob": 1000
	},
	"Appearance": {
		"name": "Appearance",
		"desc": {"l10n":"-awmzr2"},//颜值榜
		"isCross": 0,
		"rankType": "l",
		"rankTop": "rankPersonTop",
		"rankSelf": "rankSelfPerson",
		"dataType": 0,
		"systemType": 0,
		"attribute": [
			{
				// 排行
				"name": "Appearance",
				"formatValue": "rank",
				"weight": 160,
				"prefabName": "rankTextImg",
				"height": 143
			},
			{
				// 角色
				"name": "Appearance",
				"formatValue": "rank1",
				"weight": 440,
				"prefabName": "rankPlayerRank",
				"height": 143
			},
			{
				// 点赞
				"name": "Appearance",
				"formatValue": "rank2",
				"weight": 150,
				"prefabName": "rankLikes",
				"height": 143
			}
		],
		"isRankLike": 1,
		"maxNum": 100,
		"base": {"l10n":"-mjmx8"},//颜值
		"prob": 1000
	},
	"Achieve": {
		"name": "Achieve",
		"desc": {"l10n":"-9supdu"},//成就榜
		"isCross": 0,
		"rankType": "l",
		"rankTop": "rankPersonTop",
		"rankSelf": "rankSelfPerson",
		"dataType": 0,
		"systemType": 0,
		"attribute": [
			{
				// 排行
				"name": "Achieve",
				"formatValue": "rank",
				"weight": 160,
				"prefabName": "rankTextImg",
				"height": 143
			},
			{
				// 角色
				"name": "Achieve",
				"formatValue": "rank1",
				"weight": 440,
				"prefabName": "rankPlayerRank",
				"height": 143
			},
			{
				// 点赞
				"name": "Achieve",
				"formatValue": "rank2",
				"weight": 150,
				"prefabName": "rankLikes",
				"height": 143
			}
		],
		"isRankLike": 1,
		"maxNum": 100,
		"base": {"l10n":"nm8w3x"},//成就点
		"prob": 1000
	},
	"EqHair": {
		"name": "EqHair",
		"desc": {"l10n":"8uxiai"},//头饰榜
		"isCross": 0,
		"rankType": "l",
		"rankTop": "rankPersonTop",
		"rankSelf": "rankSelfPerson",
		"dataType": 0,
		"systemType": 0,
		"attribute": [
			{
				// 排行
				"name": "EqHair",
				"formatValue": "rank",
				"weight": 160,
				"prefabName": "rankTextImg",
				"height": 143
			},
			{
				// 角色
				"name": "EqHair",
				"formatValue": "rank1",
				"weight": 440,
				"prefabName": "rankEquipRank",
				"height": 143
			},
			{
				// 点赞
				"name": "EqHair",
				"formatValue": "rank2",
				"weight": 150,
				"prefabName": "rankLikes",
				"height": 143
			}
		],
		"isRankLike": 1,
		"maxNum": 100,
		"base": {"l10n":"-y0z0im"},//头饰评分
		"prob": 1000
	},
	"EqClothes": {
		"name": "EqClothes",
		"desc": {"l10n":"8uxd69"},//服饰榜
		"isCross": 0,
		"rankType": "l",
		"rankTop": "rankPersonTop",
		"rankSelf": "rankSelfPerson",
		"dataType": 0,
		"systemType": 0,
		"attribute": [
			{
				// 排行
				"name": "EqClothes",
				"formatValue": "rank",
				"weight": 160,
				"prefabName": "rankTextImg",
				"height": 143
			},
			{
				// 角色
				"name": "EqClothes",
				"formatValue": "rank1",
				"weight": 440,
				"prefabName": "rankEquipRank",
				"height": 143
			},
			{
				// 点赞
				"name": "EqClothes",
				"formatValue": "rank2",
				"weight": 150,
				"prefabName": "rankLikes",
				"height": 143
			}
		],
		"isRankLike": 1,
		"maxNum": 100,
		"base": {"l10n":"-y0z5mv"},//服饰评分
		"prob": 1000
	},
	"EqWristband": {
		"name": "EqWristband",
		"desc": {"l10n":"b3w2fe"},//护腕榜
		"isCross": 0,
		"rankType": "l",
		"rankTop": "rankPersonTop",
		"rankSelf": "rankSelfPerson",
		"dataType": 0,
		"systemType": 0,
		"attribute": [
			{
				// 排行
				"name": "EqWristband",
				"formatValue": "rank",
				"weight": 160,
				"prefabName": "rankTextImg",
				"height": 143
			},
			{
				// 角色
				"name": "EqWristband",
				"formatValue": "rank1",
				"weight": 440,
				"prefabName": "rankEquipRank",
				"height": 143
			},
			{
				// 点赞
				"name": "EqWristband",
				"formatValue": "rank2",
				"weight": 150,
				"prefabName": "rankLikes",
				"height": 143
			}
		],
		"isRankLike": 1,
		"maxNum": 100,
		"base": {"l10n":"-vs0gdq"},//护腕评分
		"prob": 1000
	},
	"EqShoe": {
		"name": "EqShoe",
		"desc": {"l10n":"-8b5h8t"},//鞋子榜
		"isCross": 0,
		"rankType": "l",
		"rankTop": "rankPersonTop",
		"rankSelf": "rankSelfPerson",
		"dataType": 0,
		"systemType": 0,
		"attribute": [
			{
				// 排行
				"name": "EqShoe",
				"formatValue": "rank",
				"weight": 160,
				"prefabName": "rankTextImg",
				"height": 143
			},
			{
				// 角色
				"name": "EqShoe",
				"formatValue": "rank1",
				"weight": 440,
				"prefabName": "rankEquipRank",
				"height": 143
			},
			{
				// 点赞
				"name": "EqShoe",
				"formatValue": "rank2",
				"weight": 150,
				"prefabName": "rankLikes",
				"height": 143
			}
		],
		"isRankLike": 1,
		"maxNum": 100,
		"base": {"l10n":"ju21x7"},//鞋子评分
		"prob": 1000
	},
	"EqBelt": {
		"name": "EqBelt",
		"desc": {"l10n":"-99pwpu"},//腰带榜
		"isCross": 0,
		"rankType": "l",
		"rankTop": "rankPersonTop",
		"rankSelf": "rankSelfPerson",
		"dataType": 0,
		"systemType": 0,
		"attribute": [
			{
				// 排行
				"name": "EqBelt",
				"formatValue": "rank",
				"weight": 160,
				"prefabName": "rankTextImg",
				"height": 143
			},
			{
				// 角色
				"name": "EqBelt",
				"formatValue": "rank1",
				"weight": 440,
				"prefabName": "rankEquipRank",
				"height": 143
			},
			{
				// 点赞
				"name": "EqBelt",
				"formatValue": "rank2",
				"weight": 150,
				"prefabName": "rankLikes",
				"height": 143
			}
		],
		"isRankLike": 1,
		"maxNum": 100,
		"base": {"l10n":"ivhmg6"},//腰带评分
		"prob": 1000
	},
	"EqPants": {
		"name": "EqPants",
		"desc": {"l10n":"-8b5bw6"},//裤子榜
		"isCross": 0,
		"rankType": "l",
		"rankTop": "rankPersonTop",
		"rankSelf": "rankSelfPerson",
		"dataType": 0,
		"systemType": 0,
		"attribute": [
			{
				// 排行
				"name": "EqPants",
				"formatValue": "rank",
				"weight": 160,
				"prefabName": "rankTextImg",
				"height": 143
			},
			{
				// 角色
				"name": "EqPants",
				"formatValue": "rank1",
				"weight": 440,
				"prefabName": "rankEquipRank",
				"height": 143
			},
			{
				// 点赞
				"name": "EqPants",
				"formatValue": "rank2",
				"weight": 150,
				"prefabName": "rankLikes",
				"height": 143
			}
		],
		"isRankLike": 1,
		"maxNum": 100,
		"base": {"l10n":"ju279u"},//裤子评分
		"prob": 1000
	},
	"GuildLevel": {
		"name": "GuildLevel",
		"desc": {"l10n":"-kdlax4"},//妖盟榜
		"isCross": 0,
		"rankType": "l",
		"rankTop": "rankGuildTop",
		"rankSelf": "rankSelfPerson",
		"dataType": 0,
		"systemType": 0,
		"attribute": [
			{
				// 排行
				"name": "GuildLevel",
				"formatValue": "rank",
				"weight": 160,
				"prefabName": "rankTextImg",
				"height": 143
			},
			{
				// 角色
				"name": "GuildLevel",
				"formatValue": "rank1",
				"weight": 440,
				"prefabName": "rankGuildRank",
				"height": 143
			},
			{
				// 点赞
				"name": "GuildLevel",
				"formatValue": "rank2",
				"weight": 150,
				"prefabName": "rankLikes",
				"height": 143
			}
		],
		"isRankLike": 1,
		"maxNum": 100,
		"base": {"l10n":"5h9nqp"},//盟主
		"prob": 1000
	},
	"ArenaTierSeason": {
		"name": "ArenaTierSeason",
		"desc": {"l10n":"-vk9kke"},//赛季竞技榜
		"isCross": 0,
		"rankType": "l",
		"rankTop": "rankTopPersons",
		"rankSelf": "rankArenaSelf",
		"dataType": 0,
		"systemType": 0,
		"attribute": [
			{
				// 排行
				"name": "ArenaTierSeason",
				"formatValue": "rank",
				"weight": 160,
				"prefabName": "rankTextImg",
				"height": 143
			},
			{
				// 角色
				"name": "ArenaTierSeason",
				"formatValue": "rank1",
				"weight": 440,
				"prefabName": "rankPlayerRank",
				"height": 143
			},
			{
				// 点赞
				"name": "ArenaTierSeason",
				"formatValue": "rank2",
				"weight": 150,
				"prefabName": "rankLikes",
				"height": 143
			}
		],
		"isRankLike": 1,
		"maxNum": 100,
		"base": {"l10n":"-a4vtf3"},//赛季斗法战绩
		"prob": 0
	},
	"ArenaTierDaily": {
		"name": "ArenaTierDaily",
		"desc": {"l10n":"-qr739h"},//每日竞技榜
		"isCross": 0,
		"rankType": "l",
		"rankTop": "rankTopPersons",
		"rankSelf": "rankArenaSelf",
		"dataType": 0,
		"systemType": 0,
		"attribute": [
			{
				// 排行
				"name": "ArenaTierDaily",
				"formatValue": "rank",
				"weight": 160,
				"prefabName": "rankTextImg",
				"height": 143
			},
			{
				// 角色
				"name": "ArenaTierDaily",
				"formatValue": "rank1",
				"weight": 440,
				"prefabName": "rankPlayerRank",
				"height": 143
			},
			{
				// 点赞
				"name": "ArenaTierDaily",
				"formatValue": "rank2",
				"weight": 150,
				"prefabName": "rankLikes",
				"height": 143
			}
		],
		"isRankLike": 1,
		"maxNum": 100,
		"base": {"l10n":"-fggtjz"},//昨日斗法战绩
		"prob": 1000
	},
	"HeartDemon": {
		"name": "HeartDemon",
		"desc": {"l10n":"jvdb4p"},//战天兵榜
		"isCross": 0,
		"rankType": "l",
		"rankTop": "rankPersonTop",
		"rankSelf": "rankSelfPerson",
		"dataType": 0,
		"systemType": 0,
		"attribute": [
			{
				// 排行
				"name": "HeartDemon",
				"formatValue": "rank",
				"weight": 160,
				"prefabName": "rankTextImg",
				"height": 143
			},
			{
				// 角色
				"name": "HeartDemon",
				"formatValue": "rank1",
				"weight": 440,
				"prefabName": "rankPlayerRank",
				"height": 143
			},
			{
				// 点赞
				"name": "HeartDemon",
				"formatValue": "rank2",
				"weight": 150,
				"prefabName": "rankLikes",
				"height": 143
			}
		],
		"isRankLike": 1,
		"maxNum": 100,
		"base": {"l10n":"uz5pkw"},//关卡进度
		"prob": 1000
	},
	"RankLevel": {
		"name": "RankLevel",
		"desc": {"l10n":"y89cpb"},//角色等级冲榜
		"activityName": "RankLevel",
		"memberType": "User",
		"isCross": 0,
		"rankType": "l",
		"rankTop": "rankPersonTop",
		"rankSelf": "rankSelfPerson",
		"dataType": 1,
		"systemType": 1,
		"attribute": [
			{
				// 排行
				"name": "RankLevel",
				"formatValue": "rank",
				"weight": 160,
				"prefabName": "rankTextImg",
				"height": 143
			},
			{
				// 角色
				"name": "RankLevel",
				"formatValue": "rank1",
				"weight": 440,
				"prefabName": "rankPlayerRank",
				"height": 143
			}
		],
		"isRankLike": 0,
		"maxNum": 100,
		"base": {"l10n":"-6urb3x"},//人物等级
		"prob": 0
	},
	"RankWeapon": {
		"name": "RankWeapon",
		"desc": {"l10n":"-18o1z1"},//法宝等级冲榜
		"activityName": "RankWeapon",
		"memberType": "User",
		"isCross": 0,
		"rankType": "l",
		"rankTop": "rankPersonTop",
		"rankSelf": "rankSelfPerson",
		"dataType": 1,
		"systemType": 3,
		"attribute": [
			{
				// 排行
				"name": "RankWeapon",
				"formatValue": "rank",
				"weight": 160,
				"prefabName": "rankTextImg",
				"height": 143
			},
			{
				// 角色
				"name": "RankWeapon",
				"formatValue": "rank1",
				"weight": 440,
				"prefabName": "rankPlayerRank",
				"height": 143
			}
		],
		"isRankLike": 0,
		"maxNum": 100,
		"base": {"l10n":"3t0s48"},//法宝等级
		"prob": 0
	},
	"RankGong": {
		"name": "RankGong",
		"desc": {"l10n":"ab4pud"},//元神等级冲榜
		"activityName": "RankGong",
		"memberType": "User",
		"isCross": 0,
		"rankType": "l",
		"rankTop": "rankPersonTop",
		"rankSelf": "rankSelfPerson",
		"dataType": 1,
		"systemType": 2,
		"attribute": [
			{
				// 排行
				"name": "RankGong",
				"formatValue": "rank",
				"weight": 160,
				"prefabName": "rankTextImg",
				"height": 143
			},
			{
				// 角色
				"name": "RankGong",
				"formatValue": "rank1",
				"weight": 440,
				"prefabName": "rankPlayerRank",
				"height": 143
			}
		],
		"isRankLike": 0,
		"maxNum": 100,
		"base": {"l10n":"-5f525y"},//元神等级
		"prob": 0
	},
	"RankAbPointDraw": {
		"name": "RankAbPointDraw",
		"desc": {"l10n":"w5j6cl"},//灵气掉落冲榜
		"activityName": "RankAbPointDraw",
		"memberType": "User",
		"isCross": 0,
		"rankType": "l",
		"rankTop": "rankPersonTop",
		"rankSelf": "rankSelfPerson",
		"dataType": 2,
		"systemType": 2,
		"attribute": [
			{
				// 排行
				"name": "RankAbPointDraw",
				"formatValue": "rank",
				"weight": 160,
				"prefabName": "rankTextImg",
				"height": 143
			},
			{
				// 角色
				"name": "RankAbPointDraw",
				"formatValue": "rank1",
				"weight": 440,
				"prefabName": "rankPlayerRank",
				"height": 143
			}
		],
		"isRankLike": 0,
		"maxNum": 100,
		"base": {"l10n":"-8uibcv"},//掉落数
		"prob": 0
	},
	"RankEnergyDraw": {
		"name": "RankEnergyDraw",
		"desc": {"l10n":"w5e0bo"},//妖气掉落冲榜
		"activityName": "RankEnergyDraw",
		"memberType": "User",
		"isCross": 0,
		"rankType": "l",
		"rankTop": "rankPersonTop",
		"rankSelf": "rankSelfPerson",
		"dataType": 2,
		"systemType": 3,
		"attribute": [
			{
				// 排行
				"name": "RankEnergyDraw",
				"formatValue": "rank",
				"weight": 160,
				"prefabName": "rankTextImg",
				"height": 143
			},
			{
				// 角色
				"name": "RankEnergyDraw",
				"formatValue": "rank1",
				"weight": 440,
				"prefabName": "rankPlayerRank",
				"height": 143
			}
		],
		"isRankLike": 0,
		"maxNum": 100,
		"base": {"l10n":"-8uibcv"},//掉落数
		"prob": 0
	},
	"RankGongFp": {
		"name": "RankGongFp",
		"desc": {"l10n":"q4tiim"},//元神评分冲榜
		"activityName": "RankGongFp",
		"memberType": "User",
		"isCross": 0,
		"rankType": "l",
		"rankTop": "rankPersonTop",
		"rankSelf": "rankSelfPerson",
		"dataType": 1,
		"systemType": 2,
		"attribute": [
			{
				// 排行
				"name": "RankGongFp",
				"formatValue": "rank",
				"weight": 160,
				"prefabName": "rankTextImg",
				"height": 143
			},
			{
				// 角色
				"name": "RankGongFp",
				"formatValue": "rank1",
				"weight": 440,
				"prefabName": "rankPlayerRank",
				"height": 143
			}
		],
		"isRankLike": 0,
		"maxNum": 100,
		"base": {"l10n":"aejqib"},//元神评分
		"prob": 0
	},
	"RankWeaponFp": {
		"name": "RankWeaponFp",
		"desc": {"l10n":"el0qp8"},//法宝评分冲榜
		"activityName": "RankWeaponFp",
		"memberType": "User",
		"isCross": 0,
		"rankType": "l",
		"rankTop": "rankPersonTop",
		"rankSelf": "rankSelfPerson",
		"dataType": 1,
		"systemType": 3,
		"attribute": [
			{
				// 排行
				"name": "RankWeaponFp",
				"formatValue": "rank",
				"weight": 160,
				"prefabName": "rankTextImg",
				"height": 143
			},
			{
				// 角色
				"name": "RankWeaponFp",
				"formatValue": "rank1",
				"weight": 440,
				"prefabName": "rankPlayerRank",
				"height": 143
			}
		],
		"isRankLike": 0,
		"maxNum": 100,
		"base": {"l10n":"jmpksh"},//法宝评分
		"prob": 0
	},
	"RankEquipFp": {
		"name": "RankEquipFp",
		"desc": {"l10n":"i8stvg"},//装备评分冲榜
		"activityName": "RankEquipFp",
		"memberType": "User",
		"isCross": 0,
		"rankType": "l",
		"rankTop": "rankPersonTop",
		"rankSelf": "rankSelfPerson",
		"dataType": 1,
		"systemType": 1,
		"attribute": [
			{
				// 排行
				"name": "RankEquipFp",
				"formatValue": "rank",
				"weight": 160,
				"prefabName": "rankTextImg",
				"height": 143
			},
			{
				// 角色
				"name": "RankEquipFp",
				"formatValue": "rank1",
				"weight": 440,
				"prefabName": "rankPlayerRank",
				"height": 143
			}
		],
		"isRankLike": 0,
		"maxNum": 100,
		"base": {"l10n":"j6ot4h"},//装备评分
		"prob": 0
	},
	"CrossMission": {
		"name": "CrossMission",
		"desc": {"l10n":"-d766bw"},//鏖战天庸个人榜
		"activityName": "CrossMission",
		"memberType": "User",
		"isCross": 1,
		"rankType": "l",
		"rankSelf": "rankCrsooMissionCompPerson",
		"dataType": 0,
		"systemType": 0,
		"attribute": [
			{
				// 排名
				"name": "CrossMission",
				"formatValue": "rank",
				"columnTitle": "排名",
				"weight": 120,
				"prefabName": "rankTextImg",
				"height": 58
			},
			{
				// 头像
				"name": "CrossMission",
				"formatValue": "rank1",
				"columnTitle": "头像",
				"weight": 70,
				"prefabName": "rankHead",
				"height": 58
			},
			{
				// 名字
				"name": "CrossMission",
				"formatValue": "rank2",
				"columnTitle": "名字",
				"weight": 200,
				"prefabName": "rankName",
				"height": 58
			},
			{
				// 区服
				"name": "CrossMission",
				"formatValue": "rank3",
				"columnTitle": "区服",
				"weight": 124,
				"prefabName": "rankServer",
				"height": 58
			},
			{
				// 经验值
				"name": "CrossMission",
				"formatValue": "rank4",
				"columnTitle": "经验值",
				"weight": 152,
				"prefabName": "rankExp",
				"height": 58
			}
		],
		"isRankLike": 0,
		"maxNum": 100,
		"base": {"l10n":"huw03z"},//经验值
		"prob": 0
	},
	"CrossMissionServer": {
		"name": "CrossMissionServer",
		"desc": {"l10n":"-27stj0"},//鏖战天庸区服榜
		"activityName": "CrossMission",
		"memberType": "Server",
		"isCross": 1,
		"rankType": "l",
		"rankSelf": "rankCrsooMissionCompServer",
		"dataType": 0,
		"systemType": 0,
		"attribute": [
			{
				// 排名
				"name": "CrossMissionServer",
				"formatValue": "rank",
				"columnTitle": "排名",
				"weight": 120,
				"prefabName": "rankTextImg",
				"height": 58
			},
			{
				// 区服
				"name": "CrossMissionServer",
				"formatValue": "rank1",
				"columnTitle": "区服",
				"weight": 124,
				"prefabName": "rankServer",
				"height": 58
			},
			{
				// 经验值
				"name": "CrossMissionServer",
				"formatValue": "rank2",
				"columnTitle": "经验值",
				"weight": 152,
				"prefabName": "rankExp",
				"height": 58
			}
		],
		"isRankLike": 0,
		"maxNum": 100,
		"base": {"l10n":"huw03z"},//经验值
		"prob": 0
	},
	"CrossMissionPop": {
		"name": "CrossMissionPop",
		"desc": {"l10n":"-9d43qb"},//鏖战天庸个人榜(弹窗样式)
		"activityName": "CrossMission",
		"memberType": "User",
		"isCross": 1,
		"rankType": "l",
		"rankSelf": "rankCrossMissionSelf",
		"dataType": 0,
		"systemType": 0,
		"attribute": [
			{
				// 排名
				"name": "CrossMissionPop",
				"formatValue": "rank",
				"weight": 156,
				"prefabName": "rankTextImg",
				"height": 143
			},
			{
				// 头像
				"name": "CrossMissionPop",
				"formatValue": "rank1",
				"weight": 309,
				"prefabName": "rankUserAndScore",
				"height": 143
			},
			{
				// 区服
				"name": "CrossMissionPop",
				"formatValue": "rank2",
				"weight": 100,
				"prefabName": "rankServerPop",
				"height": 40
			}
		],
		"isRankLike": 0,
		"maxNum": 100,
		"base": {"l10n":"huw03z"},//经验值
		"prob": 0
	},
	"CrossMissionServerPop": {
		"name": "CrossMissionServerPop",
		"desc": {"l10n":"uce1kh"},//鏖战天庸区服榜(弹窗样式)
		"activityName": "CrossMission",
		"memberType": "Server",
		"isCross": 1,
		"rankType": "l",
		"rankSelf": "rankCrossMissionServer",
		"dataType": 0,
		"systemType": 0,
		"attribute": [
			{
				// 排名
				"name": "CrossMissionServerPop",
				"formatValue": "rank",
				"weight": 156,
				"prefabName": "rankTextImg",
				"height": 143
			},
			{
				// 区服和经验
				"name": "CrossMissionServerPop",
				"formatValue": "rank1",
				"weight": 308,
				"prefabName": "rankServerAndExp",
				"height": 143
			}
		],
		"isRankLike": 0,
		"maxNum": 100,
		"base": {"l10n":"huw03z"},//经验值
		"prob": 0
	}
}