{
	//境界.id 序号
	//境界.quality 品质1白色2绿色3蓝色4紫色6金色8橙色10红色
	//境界.name 境界名称
	//境界.desc 文字描述
	//境界.desc1 加成描述，百分比值
	//境界.desc2 减免描述
	//境界.more 形象资源，根据种族走
	//境界.need 升到当前境界的条件
	//境界.friendNum 好友数量
	//境界.attrs 该强度的属性加成
	//more.sort 序号
	//more.id id
	//more.race 种族1蟒天蛟2青鸾鸟3九尾狐
	//more.icon 资源
	//need.sort 序号
	//need.id id
	//need.type 调用任务类型表的id
	//need.value 条件值
	//need.param1 参数值
	//need.param2 参数值
	//attrs.id 境界id
	//attrs.attrType 属性类型
	//attrs.value 值，万分比
	//"salt": "acb228c597ad26b13c71c26146d9fb36"
	"1": {
		"id": 1,
		"quality": 1,
		"name": {"l10n":"-7aa7k1"},//开智期
		"desc1": 0,
		"desc2": 0,
		"more": [
			{
				"sort": 1,
				"id": 1,
				"race": 1
			},
			{
				"sort": 8,
				"id": 1,
				"race": 2
			},
			{
				"sort": 15,
				"id": 1,
				"race": 3
			}
		],
		"need": [

		],
		"friendNum": 10,
		"attrs": [
			{
				"id": 1,
				"attrType": 20,
				"value": 0
			},
			{
				"id": 1,
				"attrType": 21,
				"value": 0
			},
			{
				"id": 1,
				"attrType": 22,
				"value": 0
			}
		]
	},
	"2": {
		"id": 2,
		"quality": 2,
		"name": {"l10n":"3qt2a1"},//妖丹期
		"desc": {"l10n":"-s14yka"},//对于境界低于妖丹期的角色造成压制效果
		"desc1": 100,
		"desc2": 50,
		"more": [
			{
				"sort": 2,
				"id": 2,
				"race": 1
			},
			{
				"sort": 9,
				"id": 2,
				"race": 2
			},
			{
				"sort": 16,
				"id": 2,
				"race": 3
			}
		],
		"need": [
			{
				"sort": 1,
				"id": 2,
				"type": 1001,
				"value": 6,
				"param1": 1,
				"param2": 30
			},
			{
				"sort": 7,
				"id": 2,
				"type": 1003,
				"value": 31,
				"param1": 0,
				"param2": 0
			},
			{
				"sort": 13,
				"id": 2,
				"type": 1004,
				"value": 31,
				"param1": 0,
				"param2": 0
			},
			{
				"sort": 19,
				"id": 2,
				"type": 1002,
				"value": 30,
				"param1": 0,
				"param2": 0
			}
		],
		"friendNum": 15,
		"attrs": [
			{
				"id": 2,
				"attrType": 20,
				"value": 2500
			},
			{
				"id": 2,
				"attrType": 21,
				"value": 2500
			},
			{
				"id": 2,
				"attrType": 22,
				"value": 2500
			}
		]
	},
	"3": {
		"id": 3,
		"quality": 3,
		"name": {"l10n":"-xha5z"},//化形期
		"desc": {"l10n":"-3wgszd"},//对于境界低于化形期的角色造成压制效果
		"desc1": 100,
		"desc2": 50,
		"more": [
			{
				"sort": 3,
				"id": 3,
				"race": 1
			},
			{
				"sort": 10,
				"id": 3,
				"race": 2
			},
			{
				"sort": 17,
				"id": 3,
				"race": 3
			}
		],
		"need": [
			{
				"sort": 2,
				"id": 3,
				"type": 1001,
				"value": 6,
				"param1": 2,
				"param2": 60
			},
			{
				"sort": 8,
				"id": 3,
				"type": 1003,
				"value": 62,
				"param1": 0,
				"param2": 0
			},
			{
				"sort": 14,
				"id": 3,
				"type": 1004,
				"value": 62,
				"param1": 0,
				"param2": 0
			},
			{
				"sort": 20,
				"id": 3,
				"type": 1002,
				"value": 60,
				"param1": 0,
				"param2": 0
			}
		],
		"friendNum": 20,
		"attrs": [
			{
				"id": 3,
				"attrType": 20,
				"value": 5000
			},
			{
				"id": 3,
				"attrType": 21,
				"value": 5000
			},
			{
				"id": 3,
				"attrType": 22,
				"value": 5000
			}
		]
	},
	"4": {
		"id": 4,
		"quality": 4,
		"name": {"l10n":"hyx8gi"},//凝魄期
		"desc": {"l10n":"ytaj5f"},//对于境界低于凝魄期的角色造成压制效果
		"desc1": 100,
		"desc2": 50,
		"more": [
			{
				"sort": 4,
				"id": 4,
				"race": 1
			},
			{
				"sort": 11,
				"id": 4,
				"race": 2
			},
			{
				"sort": 18,
				"id": 4,
				"race": 3
			}
		],
		"need": [
			{
				"sort": 3,
				"id": 4,
				"type": 1001,
				"value": 6,
				"param1": 3,
				"param2": 90
			},
			{
				"sort": 9,
				"id": 4,
				"type": 1003,
				"value": 93,
				"param1": 0,
				"param2": 0
			},
			{
				"sort": 15,
				"id": 4,
				"type": 1004,
				"value": 93,
				"param1": 0,
				"param2": 0
			},
			{
				"sort": 21,
				"id": 4,
				"type": 1002,
				"value": 90,
				"param1": 0,
				"param2": 0
			}
		],
		"friendNum": 25,
		"attrs": [
			{
				"id": 4,
				"attrType": 20,
				"value": 7500
			},
			{
				"id": 4,
				"attrType": 21,
				"value": 7500
			},
			{
				"id": 4,
				"attrType": 22,
				"value": 7500
			}
		]
	},
	"5": {
		"id": 5,
		"quality": 4,
		"name": {"l10n":"-8l81zf"},//出窍期
		"desc": {"l10n":"-t487yd"},//对于境界低于出窍期的角色造成压制效果
		"desc1": 100,
		"desc2": 50,
		"more": [
			{
				"sort": 5,
				"id": 5,
				"race": 1
			},
			{
				"sort": 12,
				"id": 5,
				"race": 2
			},
			{
				"sort": 19,
				"id": 5,
				"race": 3
			}
		],
		"need": [
			{
				"sort": 4,
				"id": 5,
				"type": 1001,
				"value": 6,
				"param1": 4,
				"param2": 120
			},
			{
				"sort": 10,
				"id": 5,
				"type": 1003,
				"value": 124,
				"param1": 0,
				"param2": 0
			},
			{
				"sort": 16,
				"id": 5,
				"type": 1004,
				"value": 124,
				"param1": 0,
				"param2": 0
			},
			{
				"sort": 22,
				"id": 5,
				"type": 1002,
				"value": 120,
				"param1": 0,
				"param2": 0
			}
		],
		"friendNum": 30,
		"attrs": [
			{
				"id": 5,
				"attrType": 20,
				"value": 10000
			},
			{
				"id": 5,
				"attrType": 21,
				"value": 10000
			},
			{
				"id": 5,
				"attrType": 22,
				"value": 10000
			}
		]
	},
	"6": {
		"id": 6,
		"quality": 6,
		"name": {"l10n":"-974247"},//化神期
		"desc": {"l10n":"-59k7mm"},//对于境界低于化神期的角色造成压制效果
		"desc1": 100,
		"desc2": 50,
		"more": [
			{
				"sort": 6,
				"id": 6,
				"race": 1
			},
			{
				"sort": 13,
				"id": 6,
				"race": 2
			},
			{
				"sort": 20,
				"id": 6,
				"race": 3
			}
		],
		"need": [
			{
				"sort": 5,
				"id": 6,
				"type": 1001,
				"value": 6,
				"param1": 6,
				"param2": 150
			},
			{
				"sort": 11,
				"id": 6,
				"type": 1003,
				"value": 155,
				"param1": 0,
				"param2": 0
			},
			{
				"sort": 17,
				"id": 6,
				"type": 1004,
				"value": 155,
				"param1": 0,
				"param2": 0
			},
			{
				"sort": 23,
				"id": 6,
				"type": 1002,
				"value": 150,
				"param1": 0,
				"param2": 0
			}
		],
		"friendNum": 35,
		"attrs": [
			{
				"id": 6,
				"attrType": 20,
				"value": 12500
			},
			{
				"id": 6,
				"attrType": 21,
				"value": 12500
			},
			{
				"id": 6,
				"attrType": 22,
				"value": 12500
			}
		]
	},
	"7": {
		"id": 7,
		"quality": 6,
		"name": {"l10n":"jdvjxv"},//炼虚期
		"desc": {"l10n":"sunz6n"},//对于境界低于炼虚期的角色造成压制效果
		"desc1": 100,
		"desc2": 50,
		"more": [
			{
				"sort": 7,
				"id": 7,
				"race": 1
			},
			{
				"sort": 14,
				"id": 7,
				"race": 2
			},
			{
				"sort": 21,
				"id": 7,
				"race": 3
			}
		],
		"need": [
			{
				"sort": 6,
				"id": 7,
				"type": 1001,
				"value": 6,
				"param1": 6,
				"param2": 180
			},
			{
				"sort": 12,
				"id": 7,
				"type": 1003,
				"value": 186,
				"param1": 0,
				"param2": 0
			},
			{
				"sort": 18,
				"id": 7,
				"type": 1004,
				"value": 186,
				"param1": 0,
				"param2": 0
			},
			{
				"sort": 24,
				"id": 7,
				"type": 1002,
				"value": 180,
				"param1": 0,
				"param2": 0
			}
		],
		"friendNum": 40,
		"attrs": [
			{
				"id": 7,
				"attrType": 20,
				"value": 15000
			},
			{
				"id": 7,
				"attrType": 21,
				"value": 15000
			},
			{
				"id": 7,
				"attrType": 22,
				"value": 15000
			}
		]
	}
}