{
	//充值表.id 充值ID
	//充值表.rechargeEng 英文版本计费点
	//充值表.productName 产品名称
	//充值表.type 1充值档，2特权，3触发，5日礼包，6终生礼包，7基金，8首充礼包，9日循环礼包101角色等级冲榜 礼包，102法宝等级冲榜礼包，103功法等级冲榜礼包，104功法点掉落冲榜礼包，105灵气掉落冲榜礼包，106限时礼包，107八荒历练礼包，108装备评分冲榜礼包，109功法评分冲榜礼包，110法宝评分冲榜礼包
	//充值表.name 名字1
	//充值表.icon 图标
	//充值表.desc 描述
	//充值表.vipExp vip经验
	//充值表.propId 获得的物品id
	//充值表.num 国内奖励
	//充值表.exNum 国内额外元宝
	//充值表.recharge 充值
	//充值表.firstChargeDouble 首次翻倍
	//充值表.dayLimit 限购次数
	//充值表.totalLimit 总次数
	//充值表.scrip_cn 代币支付数量
	//"salt": "18d30a453a7a90d92ef1f37c94776e53"
	"1101": {
		"id": 1101,
		"rechargeEng": 1,
		"productName": "60yb",
		"type": 1,
		"name": {"l10n":"-q305o9"},//60仙玉
		"desc": {"l10n":"-q305o9"},//60仙玉
		"vipExp": 6,
		"propId": 1001,
		"num": 60,
		"exNum": 0,
		"recharge": 6,
		"firstChargeDouble": 1,
		"dayLimit": 0,
		"totalLimit": 0,
		"scrip_cn": 6
	},
	"1102": {
		"id": 1102,
		"rechargeEng": 2,
		"productName": "300yb",
		"type": 1,
		"name": {"l10n":"-ksnnje"},//300仙玉
		"desc": {"l10n":"-ksnnje"},//300仙玉
		"vipExp": 30,
		"propId": 1001,
		"num": 300,
		"exNum": 20,
		"recharge": 30,
		"firstChargeDouble": 1,
		"dayLimit": 0,
		"totalLimit": 0,
		"scrip_cn": 30
	},
	"1103": {
		"id": 1103,
		"rechargeEng": 4,
		"productName": "680yb",
		"type": 1,
		"name": {"l10n":"-kicv27"},//680仙玉
		"desc": {"l10n":"-kicv27"},//680仙玉
		"vipExp": 68,
		"propId": 1001,
		"num": 680,
		"exNum": 100,
		"recharge": 68,
		"firstChargeDouble": 1,
		"dayLimit": 0,
		"totalLimit": 0,
		"scrip_cn": 68
	},
	"1104": {
		"id": 1104,
		"rechargeEng": 6,
		"productName": "1280yb",
		"type": 1,
		"name": {"l10n":"mq0z0w"},//1280仙玉
		"desc": {"l10n":"mq0z0w"},//1280仙玉
		"vipExp": 128,
		"propId": 1001,
		"num": 1280,
		"exNum": 300,
		"recharge": 128,
		"firstChargeDouble": 1,
		"dayLimit": 0,
		"totalLimit": 0,
		"scrip_cn": 128
	},
	"1105": {
		"id": 1105,
		"rechargeEng": 5,
		"productName": "3280yb",
		"type": 1,
		"name": {"l10n":"mq0z2m"},//3280仙玉
		"desc": {"l10n":"mq0z2m"},//3280仙玉
		"vipExp": 328,
		"propId": 1001,
		"num": 3280,
		"exNum": 600,
		"recharge": 328,
		"firstChargeDouble": 1,
		"dayLimit": 0,
		"totalLimit": 0,
		"scrip_cn": 328
	},
	"1106": {
		"id": 1106,
		"rechargeEng": 6,
		"productName": "6480yb",
		"type": 1,
		"name": {"l10n":"mnga49"},//6480仙玉
		"desc": {"l10n":"mnga49"},//6480仙玉
		"vipExp": 648,
		"propId": 1001,
		"num": 6480,
		"exNum": 1800,
		"recharge": 648,
		"firstChargeDouble": 1,
		"dayLimit": 0,
		"totalLimit": 0,
		"scrip_cn": 648
	},
	"2001": {
		"id": 2001,
		"rechargeEng": 2,
		"productName": "qq_300yb",
		"type": 2,
		"name": {"l10n":"-epgtx2"},//高级月卡
		"icon": "card2",
		"desc": {"l10n":"-epgtx2"},//高级月卡
		"vipExp": 30,
		"propId": 0,
		"num": 0,
		"recharge": 30,
		"firstChargeDouble": 0,
		"dayLimit": 0,
		"totalLimit": 0,
		"scrip_cn": 30
	},
	"2002": {
		"id": 2002,
		"rechargeEng": 34,
		"productName": "qq_180yb",
		"type": 2,
		"name": {"l10n":"-aulh0"},//年卡
		"icon": "card1",
		"desc": {"l10n":"-aulh0"},//年卡
		"vipExp": 18,
		"propId": 0,
		"num": 0,
		"recharge": 18,
		"firstChargeDouble": 0,
		"dayLimit": 0,
		"totalLimit": 0,
		"scrip_cn": 18
	},
	"2003": {
		"id": 2003,
		"rechargeEng": 34,
		"productName": "qq_180yb",
		"type": 2,
		"name": {"l10n":"-auqfs"},//月卡
		"icon": "card1",
		"desc": {"l10n":"-auqfs"},//月卡
		"vipExp": 18,
		"propId": 0,
		"num": 0,
		"recharge": 18,
		"firstChargeDouble": 0,
		"dayLimit": 0,
		"totalLimit": 0,
		"scrip_cn": 18
	},
	"10002": {
		"id": 10002,
		"rechargeEng": 33,
		"productName": "qq_60yb",
		"type": 5,
		"name": {"l10n":"-jwc2o"},//每日礼包(二)
		"desc": {"l10n":"-jwc2o"},//每日礼包(二)
		"vipExp": 6,
		"propId": 0,
		"num": 0,
		"recharge": 6,
		"firstChargeDouble": 0,
		"dayLimit": 0,
		"totalLimit": 0,
		"scrip_cn": 6
	},
	"10003": {
		"id": 10003,
		"rechargeEng": 34,
		"productName": "qq_120yb",
		"type": 5,
		"name": {"l10n":"-epijk"},//每日礼包(三)
		"desc": {"l10n":"-epijk"},//每日礼包(三)
		"vipExp": 12,
		"propId": 0,
		"num": 0,
		"recharge": 12,
		"firstChargeDouble": 0,
		"dayLimit": 0,
		"totalLimit": 0,
		"scrip_cn": 12
	},
	"10004": {
		"id": 10004,
		"rechargeEng": 2,
		"productName": "qq_180yb",
		"type": 5,
		"name": {"l10n":"-2ptg68"},//每日礼包(四)
		"desc": {"l10n":"-2ptg68"},//每日礼包(四)
		"vipExp": 18,
		"propId": 0,
		"num": 0,
		"recharge": 18,
		"firstChargeDouble": 0,
		"dayLimit": 0,
		"totalLimit": 0,
		"scrip_cn": 18
	},
	"10005": {
		"id": 10005,
		"rechargeEng": 3,
		"productName": "qq_300yb",
		"type": 5,
		"name": {"l10n":"-k7km8"},//每日礼包(五)
		"desc": {"l10n":"-k7km8"},//每日礼包(五)
		"vipExp": 30,
		"propId": 0,
		"num": 0,
		"recharge": 30,
		"firstChargeDouble": 0,
		"dayLimit": 0,
		"totalLimit": 0,
		"scrip_cn": 30
	},
	"10006": {
		"id": 10006,
		"rechargeEng": 4,
		"productName": "qq_680yb",
		"type": 5,
		"name": {"l10n":"-3wz09s"},//每日礼包(六)
		"desc": {"l10n":"-3wz09s"},//每日礼包(六)
		"vipExp": 68,
		"propId": 0,
		"num": 0,
		"recharge": 68,
		"firstChargeDouble": 0,
		"dayLimit": 0,
		"totalLimit": 0,
		"scrip_cn": 68
	},
	"10007": {
		"id": 10007,
		"rechargeEng": 5,
		"productName": "qq_980yb",
		"type": 5,
		"name": {"l10n":"-eh34w"},//每日礼包(七)
		"desc": {"l10n":"-eh34w"},//每日礼包(七)
		"vipExp": 98,
		"propId": 0,
		"num": 0,
		"recharge": 98,
		"firstChargeDouble": 0,
		"dayLimit": 0,
		"totalLimit": 0,
		"scrip_cn": 98
	},
	"10008": {
		"id": 10008,
		"rechargeEng": 6,
		"productName": "qq_1280yb",
		"type": 5,
		"name": {"l10n":"-3ww74w"},//每日礼包(八)
		"desc": {"l10n":"-3ww74w"},//每日礼包(八)
		"vipExp": 128,
		"propId": 0,
		"num": 0,
		"recharge": 128,
		"firstChargeDouble": 0,
		"dayLimit": 0,
		"totalLimit": 0,
		"scrip_cn": 128
	},
	"10009": {
		"id": 10009,
		"rechargeEng": 7,
		"productName": "qq_3280yb",
		"type": 5,
		"name": {"l10n":"-czpk0"},//每日礼包(九)
		"desc": {"l10n":"-czpk0"},//每日礼包(九)
		"vipExp": 328,
		"propId": 0,
		"num": 0,
		"recharge": 328,
		"firstChargeDouble": 0,
		"dayLimit": 0,
		"totalLimit": 0,
		"scrip_cn": 328
	},
	"10010": {
		"id": 10010,
		"rechargeEng": 8,
		"productName": "qq_6480yb",
		"type": 5,
		"name": {"l10n":"-3drwv4"},//每日礼包(十)
		"desc": {"l10n":"-3drwv4"},//每日礼包(十)
		"vipExp": 648,
		"propId": 0,
		"num": 0,
		"recharge": 648,
		"firstChargeDouble": 0,
		"dayLimit": 0,
		"totalLimit": 0,
		"scrip_cn": 648
	},
	"11002": {
		"id": 11002,
		"rechargeEng": 33,
		"productName": "qq_60yb",
		"type": 9,
		"name": {"l10n":"-jwc2o"},//每日礼包(二)
		"desc": {"l10n":"-jwc2o"},//每日礼包(二)
		"vipExp": 6,
		"propId": 0,
		"num": 0,
		"recharge": 6,
		"firstChargeDouble": 0,
		"dayLimit": 0,
		"totalLimit": 0,
		"scrip_cn": 6
	},
	"11003": {
		"id": 11003,
		"rechargeEng": 34,
		"productName": "qq_120yb",
		"type": 9,
		"name": {"l10n":"-epijk"},//每日礼包(三)
		"desc": {"l10n":"-epijk"},//每日礼包(三)
		"vipExp": 12,
		"propId": 0,
		"num": 0,
		"recharge": 12,
		"firstChargeDouble": 0,
		"dayLimit": 0,
		"totalLimit": 0,
		"scrip_cn": 12
	},
	"11004": {
		"id": 11004,
		"rechargeEng": 2,
		"productName": "qq_180yb",
		"type": 9,
		"name": {"l10n":"-2ptg68"},//每日礼包(四)
		"desc": {"l10n":"-2ptg68"},//每日礼包(四)
		"vipExp": 18,
		"propId": 0,
		"num": 0,
		"recharge": 18,
		"firstChargeDouble": 0,
		"dayLimit": 0,
		"totalLimit": 0,
		"scrip_cn": 18
	},
	"11005": {
		"id": 11005,
		"rechargeEng": 3,
		"productName": "qq_300yb",
		"type": 9,
		"name": {"l10n":"-k7km8"},//每日礼包(五)
		"desc": {"l10n":"-k7km8"},//每日礼包(五)
		"vipExp": 30,
		"propId": 0,
		"num": 0,
		"recharge": 30,
		"firstChargeDouble": 0,
		"dayLimit": 0,
		"totalLimit": 0,
		"scrip_cn": 30
	},
	"11006": {
		"id": 11006,
		"rechargeEng": 4,
		"productName": "qq_680yb",
		"type": 9,
		"name": {"l10n":"-3wz09s"},//每日礼包(六)
		"desc": {"l10n":"-3wz09s"},//每日礼包(六)
		"vipExp": 68,
		"propId": 0,
		"num": 0,
		"recharge": 68,
		"firstChargeDouble": 0,
		"dayLimit": 0,
		"totalLimit": 0,
		"scrip_cn": 68
	},
	"11007": {
		"id": 11007,
		"rechargeEng": 5,
		"productName": "qq_980yb",
		"type": 9,
		"name": {"l10n":"-eh34w"},//每日礼包(七)
		"desc": {"l10n":"-eh34w"},//每日礼包(七)
		"vipExp": 98,
		"propId": 0,
		"num": 0,
		"recharge": 98,
		"firstChargeDouble": 0,
		"dayLimit": 0,
		"totalLimit": 0,
		"scrip_cn": 98
	},
	"11008": {
		"id": 11008,
		"rechargeEng": 6,
		"productName": "qq_1280yb",
		"type": 9,
		"name": {"l10n":"-3ww74w"},//每日礼包(八)
		"desc": {"l10n":"-3ww74w"},//每日礼包(八)
		"vipExp": 128,
		"propId": 0,
		"num": 0,
		"recharge": 128,
		"firstChargeDouble": 0,
		"dayLimit": 0,
		"totalLimit": 0,
		"scrip_cn": 128
	},
	"11009": {
		"id": 11009,
		"rechargeEng": 7,
		"productName": "qq_3280yb",
		"type": 9,
		"name": {"l10n":"-czpk0"},//每日礼包(九)
		"desc": {"l10n":"-czpk0"},//每日礼包(九)
		"vipExp": 328,
		"propId": 0,
		"num": 0,
		"recharge": 328,
		"firstChargeDouble": 0,
		"dayLimit": 0,
		"totalLimit": 0,
		"scrip_cn": 328
	},
	"11010": {
		"id": 11010,
		"rechargeEng": 8,
		"productName": "qq_6480yb",
		"type": 9,
		"name": {"l10n":"-3drwv4"},//每日礼包(十)
		"desc": {"l10n":"-3drwv4"},//每日礼包(十)
		"vipExp": 648,
		"propId": 0,
		"num": 0,
		"recharge": 648,
		"firstChargeDouble": 0,
		"dayLimit": 0,
		"totalLimit": 0,
		"scrip_cn": 648
	},
	"11102": {
		"id": 11102,
		"rechargeEng": 33,
		"productName": "qq_60yb",
		"type": 9,
		"name": {"l10n":"-jwc2o"},//每日礼包(二)
		"desc": {"l10n":"-jwc2o"},//每日礼包(二)
		"vipExp": 6,
		"propId": 0,
		"num": 0,
		"recharge": 6,
		"firstChargeDouble": 0,
		"dayLimit": 0,
		"totalLimit": 0,
		"scrip_cn": 6
	},
	"11103": {
		"id": 11103,
		"rechargeEng": 34,
		"productName": "qq_120yb",
		"type": 9,
		"name": {"l10n":"-epijk"},//每日礼包(三)
		"desc": {"l10n":"-epijk"},//每日礼包(三)
		"vipExp": 12,
		"propId": 0,
		"num": 0,
		"recharge": 12,
		"firstChargeDouble": 0,
		"dayLimit": 0,
		"totalLimit": 0,
		"scrip_cn": 12
	},
	"11104": {
		"id": 11104,
		"rechargeEng": 2,
		"productName": "qq_180yb",
		"type": 9,
		"name": {"l10n":"-2ptg68"},//每日礼包(四)
		"desc": {"l10n":"-2ptg68"},//每日礼包(四)
		"vipExp": 18,
		"propId": 0,
		"num": 0,
		"recharge": 18,
		"firstChargeDouble": 0,
		"dayLimit": 0,
		"totalLimit": 0,
		"scrip_cn": 18
	},
	"11105": {
		"id": 11105,
		"rechargeEng": 3,
		"productName": "qq_300yb",
		"type": 9,
		"name": {"l10n":"-k7km8"},//每日礼包(五)
		"desc": {"l10n":"-k7km8"},//每日礼包(五)
		"vipExp": 30,
		"propId": 0,
		"num": 0,
		"recharge": 30,
		"firstChargeDouble": 0,
		"dayLimit": 0,
		"totalLimit": 0,
		"scrip_cn": 30
	},
	"11106": {
		"id": 11106,
		"rechargeEng": 4,
		"productName": "qq_680yb",
		"type": 9,
		"name": {"l10n":"-3wz09s"},//每日礼包(六)
		"desc": {"l10n":"-3wz09s"},//每日礼包(六)
		"vipExp": 68,
		"propId": 0,
		"num": 0,
		"recharge": 68,
		"firstChargeDouble": 0,
		"dayLimit": 0,
		"totalLimit": 0,
		"scrip_cn": 68
	},
	"11107": {
		"id": 11107,
		"rechargeEng": 5,
		"productName": "qq_980yb",
		"type": 9,
		"name": {"l10n":"-eh34w"},//每日礼包(七)
		"desc": {"l10n":"-eh34w"},//每日礼包(七)
		"vipExp": 98,
		"propId": 0,
		"num": 0,
		"recharge": 98,
		"firstChargeDouble": 0,
		"dayLimit": 0,
		"totalLimit": 0,
		"scrip_cn": 98
	},
	"11108": {
		"id": 11108,
		"rechargeEng": 6,
		"productName": "qq_1280yb",
		"type": 9,
		"name": {"l10n":"-3ww74w"},//每日礼包(八)
		"desc": {"l10n":"-3ww74w"},//每日礼包(八)
		"vipExp": 128,
		"propId": 0,
		"num": 0,
		"recharge": 128,
		"firstChargeDouble": 0,
		"dayLimit": 0,
		"totalLimit": 0,
		"scrip_cn": 128
	},
	"11109": {
		"id": 11109,
		"rechargeEng": 7,
		"productName": "qq_3280yb",
		"type": 9,
		"name": {"l10n":"-czpk0"},//每日礼包(九)
		"desc": {"l10n":"-czpk0"},//每日礼包(九)
		"vipExp": 328,
		"propId": 0,
		"num": 0,
		"recharge": 328,
		"firstChargeDouble": 0,
		"dayLimit": 0,
		"totalLimit": 0,
		"scrip_cn": 328
	},
	"11110": {
		"id": 11110,
		"rechargeEng": 8,
		"productName": "qq_6480yb",
		"type": 9,
		"name": {"l10n":"-3drwv4"},//每日礼包(十)
		"desc": {"l10n":"-3drwv4"},//每日礼包(十)
		"vipExp": 648,
		"propId": 0,
		"num": 0,
		"recharge": 648,
		"firstChargeDouble": 0,
		"dayLimit": 0,
		"totalLimit": 0,
		"scrip_cn": 648
	},
	"11202": {
		"id": 11202,
		"rechargeEng": 33,
		"productName": "qq_60yb",
		"type": 9,
		"name": {"l10n":"-jwc2o"},//每日礼包(二)
		"desc": {"l10n":"-jwc2o"},//每日礼包(二)
		"vipExp": 6,
		"propId": 0,
		"num": 0,
		"recharge": 6,
		"firstChargeDouble": 0,
		"dayLimit": 0,
		"totalLimit": 0,
		"scrip_cn": 6
	},
	"11203": {
		"id": 11203,
		"rechargeEng": 34,
		"productName": "qq_120yb",
		"type": 9,
		"name": {"l10n":"-epijk"},//每日礼包(三)
		"desc": {"l10n":"-epijk"},//每日礼包(三)
		"vipExp": 12,
		"propId": 0,
		"num": 0,
		"recharge": 12,
		"firstChargeDouble": 0,
		"dayLimit": 0,
		"totalLimit": 0,
		"scrip_cn": 12
	},
	"11204": {
		"id": 11204,
		"rechargeEng": 2,
		"productName": "qq_180yb",
		"type": 9,
		"name": {"l10n":"-2ptg68"},//每日礼包(四)
		"desc": {"l10n":"-2ptg68"},//每日礼包(四)
		"vipExp": 18,
		"propId": 0,
		"num": 0,
		"recharge": 18,
		"firstChargeDouble": 0,
		"dayLimit": 0,
		"totalLimit": 0,
		"scrip_cn": 18
	},
	"11205": {
		"id": 11205,
		"rechargeEng": 3,
		"productName": "qq_300yb",
		"type": 9,
		"name": {"l10n":"-k7km8"},//每日礼包(五)
		"desc": {"l10n":"-k7km8"},//每日礼包(五)
		"vipExp": 30,
		"propId": 0,
		"num": 0,
		"recharge": 30,
		"firstChargeDouble": 0,
		"dayLimit": 0,
		"totalLimit": 0,
		"scrip_cn": 30
	},
	"11206": {
		"id": 11206,
		"rechargeEng": 4,
		"productName": "qq_680yb",
		"type": 9,
		"name": {"l10n":"-3wz09s"},//每日礼包(六)
		"desc": {"l10n":"-3wz09s"},//每日礼包(六)
		"vipExp": 68,
		"propId": 0,
		"num": 0,
		"recharge": 68,
		"firstChargeDouble": 0,
		"dayLimit": 0,
		"totalLimit": 0,
		"scrip_cn": 68
	},
	"11207": {
		"id": 11207,
		"rechargeEng": 5,
		"productName": "qq_980yb",
		"type": 9,
		"name": {"l10n":"-eh34w"},//每日礼包(七)
		"desc": {"l10n":"-eh34w"},//每日礼包(七)
		"vipExp": 98,
		"propId": 0,
		"num": 0,
		"recharge": 98,
		"firstChargeDouble": 0,
		"dayLimit": 0,
		"totalLimit": 0,
		"scrip_cn": 98
	},
	"11208": {
		"id": 11208,
		"rechargeEng": 6,
		"productName": "qq_1280yb",
		"type": 9,
		"name": {"l10n":"-3ww74w"},//每日礼包(八)
		"desc": {"l10n":"-3ww74w"},//每日礼包(八)
		"vipExp": 128,
		"propId": 0,
		"num": 0,
		"recharge": 128,
		"firstChargeDouble": 0,
		"dayLimit": 0,
		"totalLimit": 0,
		"scrip_cn": 128
	},
	"11209": {
		"id": 11209,
		"rechargeEng": 7,
		"productName": "qq_3280yb",
		"type": 9,
		"name": {"l10n":"-czpk0"},//每日礼包(九)
		"desc": {"l10n":"-czpk0"},//每日礼包(九)
		"vipExp": 328,
		"propId": 0,
		"num": 0,
		"recharge": 328,
		"firstChargeDouble": 0,
		"dayLimit": 0,
		"totalLimit": 0,
		"scrip_cn": 328
	},
	"11210": {
		"id": 11210,
		"rechargeEng": 8,
		"productName": "qq_6480yb",
		"type": 9,
		"name": {"l10n":"-3drwv4"},//每日礼包(十)
		"desc": {"l10n":"-3drwv4"},//每日礼包(十)
		"vipExp": 648,
		"propId": 0,
		"num": 0,
		"recharge": 648,
		"firstChargeDouble": 0,
		"dayLimit": 0,
		"totalLimit": 0,
		"scrip_cn": 648
	},
	"20001": {
		"id": 20001,
		"rechargeEng": 3,
		"productName": "qq_680yb",
		"type": 6,
		"name": {"l10n":"-2abkva"},//初级终身礼包
		"desc": {"l10n":"-2abkva"},//初级终身礼包
		"vipExp": 68,
		"propId": 0,
		"num": 0,
		"recharge": 68,
		"firstChargeDouble": 0,
		"dayLimit": 0,
		"totalLimit": 0,
		"scrip_cn": 68
	},
	"20002": {
		"id": 20002,
		"rechargeEng": 4,
		"productName": "qq_1280yb",
		"type": 6,
		"name": {"l10n":"-29u4ae"},//中级终身礼包
		"desc": {"l10n":"-29u4ae"},//中级终身礼包
		"vipExp": 128,
		"propId": 0,
		"num": 0,
		"recharge": 128,
		"firstChargeDouble": 0,
		"dayLimit": 0,
		"totalLimit": 0,
		"scrip_cn": 128
	},
	"20003": {
		"id": 20003,
		"rechargeEng": 5,
		"productName": "qq_3280yb",
		"type": 6,
		"name": {"l10n":"-2b5fpt"},//高级终身礼包
		"desc": {"l10n":"-2b5fpt"},//高级终身礼包
		"vipExp": 328,
		"propId": 0,
		"num": 0,
		"recharge": 328,
		"firstChargeDouble": 0,
		"dayLimit": 0,
		"totalLimit": 0,
		"scrip_cn": 328
	},
	"20004": {
		"id": 20004,
		"rechargeEng": 6,
		"productName": "qq_6480yb",
		"type": 6,
		"name": {"l10n":"-2a5uve"},//特级终身礼包
		"desc": {"l10n":"-2a5uve"},//特级终身礼包
		"vipExp": 648,
		"propId": 0,
		"num": 0,
		"recharge": 648,
		"firstChargeDouble": 0,
		"dayLimit": 0,
		"totalLimit": 0,
		"scrip_cn": 648
	},
	"21001": {
		"id": 21001,
		"rechargeEng": 2,
		"productName": "qq_300yb",
		"type": 3,
		"name": {"l10n":"a0gyad"},//功法助力礼包
		"desc": {"l10n":"a0gyad"},//功法助力礼包
		"vipExp": 30,
		"propId": 0,
		"num": 0,
		"recharge": 30,
		"firstChargeDouble": 0,
		"dayLimit": 0,
		"totalLimit": 0,
		"scrip_cn": 30
	},
	"21002": {
		"id": 21002,
		"rechargeEng": 3,
		"productName": "qq_680yb",
		"type": 3,
		"name": {"l10n":"a0gyad"},//功法助力礼包
		"desc": {"l10n":"a0gyad"},//功法助力礼包
		"vipExp": 68,
		"propId": 0,
		"num": 0,
		"recharge": 68,
		"firstChargeDouble": 0,
		"dayLimit": 0,
		"totalLimit": 0,
		"scrip_cn": 68
	},
	"21003": {
		"id": 21003,
		"rechargeEng": 4,
		"productName": "qq_1280yb",
		"type": 3,
		"name": {"l10n":"a0gyad"},//功法助力礼包
		"desc": {"l10n":"a0gyad"},//功法助力礼包
		"vipExp": 128,
		"propId": 0,
		"num": 0,
		"recharge": 128,
		"firstChargeDouble": 0,
		"dayLimit": 0,
		"totalLimit": 0,
		"scrip_cn": 128
	},
	"24001": {
		"id": 24001,
		"rechargeEng": 2,
		"productName": "qq_300yb",
		"type": 3,
		"name": {"l10n":"-kkfy7b"},//法宝助力礼包
		"desc": {"l10n":"-kkfy7b"},//法宝助力礼包
		"vipExp": 30,
		"propId": 0,
		"num": 0,
		"recharge": 30,
		"firstChargeDouble": 0,
		"dayLimit": 0,
		"totalLimit": 0,
		"scrip_cn": 30
	},
	"24002": {
		"id": 24002,
		"rechargeEng": 3,
		"productName": "qq_680yb",
		"type": 3,
		"name": {"l10n":"-kkfy7b"},//法宝助力礼包
		"desc": {"l10n":"-kkfy7b"},//法宝助力礼包
		"vipExp": 68,
		"propId": 0,
		"num": 0,
		"recharge": 68,
		"firstChargeDouble": 0,
		"dayLimit": 0,
		"totalLimit": 0,
		"scrip_cn": 68
	},
	"24003": {
		"id": 24003,
		"rechargeEng": 4,
		"productName": "qq_1280yb",
		"type": 3,
		"name": {"l10n":"-kkfy7b"},//法宝助力礼包
		"desc": {"l10n":"-kkfy7b"},//法宝助力礼包
		"vipExp": 128,
		"propId": 0,
		"num": 0,
		"recharge": 128,
		"firstChargeDouble": 0,
		"dayLimit": 0,
		"totalLimit": 0,
		"scrip_cn": 128
	},
	"25001": {
		"id": 25001,
		"rechargeEng": 3,
		"productName": "qq_680yb",
		"type": 3,
		"name": {"l10n":"-ut3mpa"},//50级成长专属礼包
		"desc": {"l10n":"-ut3mpa"},//50级成长专属礼包
		"vipExp": 68,
		"propId": 0,
		"num": 0,
		"recharge": 68,
		"firstChargeDouble": 0,
		"dayLimit": 0,
		"totalLimit": 0,
		"scrip_cn": 68
	},
	"26001": {
		"id": 26001,
		"rechargeEng": 2,
		"productName": "qq_300yb",
		"type": 3,
		"name": {"l10n":"-ptn2dz"},//装备助力礼包
		"desc": {"l10n":"-ptn2dz"},//装备助力礼包
		"vipExp": 30,
		"propId": 0,
		"num": 0,
		"recharge": 30,
		"firstChargeDouble": 0,
		"dayLimit": 0,
		"totalLimit": 0,
		"scrip_cn": 30
	},
	"26002": {
		"id": 26002,
		"rechargeEng": 3,
		"productName": "qq_680yb",
		"type": 3,
		"name": {"l10n":"-ptn2dz"},//装备助力礼包
		"desc": {"l10n":"-ptn2dz"},//装备助力礼包
		"vipExp": 68,
		"propId": 0,
		"num": 0,
		"recharge": 68,
		"firstChargeDouble": 0,
		"dayLimit": 0,
		"totalLimit": 0,
		"scrip_cn": 68
	},
	"26003": {
		"id": 26003,
		"rechargeEng": 4,
		"productName": "qq_1280yb",
		"type": 3,
		"name": {"l10n":"-ptn2dz"},//装备助力礼包
		"desc": {"l10n":"-ptn2dz"},//装备助力礼包
		"vipExp": 128,
		"propId": 0,
		"num": 0,
		"recharge": 128,
		"firstChargeDouble": 0,
		"dayLimit": 0,
		"totalLimit": 0,
		"scrip_cn": 128
	},
	"27001": {
		"id": 27001,
		"rechargeEng": 2,
		"productName": "qq_300yb",
		"type": 3,
		"name": {"l10n":"6dre1u"},//体力特惠礼包
		"desc": {"l10n":"6dre1u"},//体力特惠礼包
		"vipExp": 30,
		"propId": 0,
		"num": 0,
		"recharge": 30,
		"firstChargeDouble": 0,
		"dayLimit": 0,
		"totalLimit": 0,
		"scrip_cn": 30
	},
	"27002": {
		"id": 27002,
		"rechargeEng": 3,
		"productName": "qq_680yb",
		"type": 3,
		"name": {"l10n":"6dre1u"},//体力特惠礼包
		"desc": {"l10n":"6dre1u"},//体力特惠礼包
		"vipExp": 68,
		"propId": 0,
		"num": 0,
		"recharge": 68,
		"firstChargeDouble": 0,
		"dayLimit": 0,
		"totalLimit": 0,
		"scrip_cn": 68
	},
	"22001": {
		"id": 22001,
		"rechargeEng": 3,
		"productName": "qq_680yb",
		"type": 7,
		"name": {"l10n":"-nyr0rc"},//成长基金
		"desc": {"l10n":"-nyr0rc"},//成长基金
		"vipExp": 98,
		"propId": 0,
		"num": 0,
		"recharge": 98,
		"firstChargeDouble": 0,
		"dayLimit": 0,
		"totalLimit": 0,
		"scrip_cn": 98
	},
	"22002": {
		"id": 22002,
		"rechargeEng": 3,
		"productName": "qq_680yb",
		"type": 7,
		"name": {"l10n":"r96o6h"},//功法基金
		"desc": {"l10n":"r96o6h"},//功法基金
		"vipExp": 198,
		"propId": 0,
		"num": 0,
		"recharge": 198,
		"firstChargeDouble": 0,
		"dayLimit": 0,
		"totalLimit": 0,
		"scrip_cn": 198
	},
	"22003": {
		"id": 22003,
		"rechargeEng": 3,
		"productName": "qq_680yb",
		"type": 7,
		"name": {"l10n":"x0reoz"},//法宝基金
		"desc": {"l10n":"x0reoz"},//法宝基金
		"vipExp": 328,
		"propId": 0,
		"num": 0,
		"recharge": 328,
		"firstChargeDouble": 0,
		"dayLimit": 0,
		"totalLimit": 0,
		"scrip_cn": 328
	},
	"22004": {
		"id": 22004,
		"rechargeEng": 3,
		"productName": "qq_680yb",
		"type": 7,
		"name": {"l10n":"wkqn0z"},//装备基金
		"desc": {"l10n":"wkqn0z"},//装备基金
		"vipExp": 648,
		"propId": 0,
		"num": 0,
		"recharge": 648,
		"firstChargeDouble": 0,
		"dayLimit": 0,
		"totalLimit": 0,
		"scrip_cn": 648
	},
	"23001": {
		"id": 23001,
		"rechargeEng": 1,
		"productName": "qq_60yb",
		"type": 8,
		"name": {"l10n":"-x31ye5"},//首充礼包1
		"desc": {"l10n":"-x31ye5"},//首充礼包1
		"vipExp": 6,
		"propId": 0,
		"num": 0,
		"recharge": 6,
		"firstChargeDouble": 0,
		"dayLimit": 0,
		"totalLimit": 0,
		"scrip_cn": 6
	},
	"23002": {
		"id": 23002,
		"rechargeEng": 2,
		"productName": "qq_300yb",
		"type": 8,
		"name": {"l10n":"-x31ye2"},//首充礼包2
		"desc": {"l10n":"-x31ye2"},//首充礼包2
		"vipExp": 30,
		"propId": 0,
		"num": 0,
		"recharge": 30,
		"firstChargeDouble": 0,
		"dayLimit": 0,
		"totalLimit": 0,
		"scrip_cn": 30
	},
	"23003": {
		"id": 23003,
		"rechargeEng": 3,
		"productName": "qq_680yb",
		"type": 8,
		"name": {"l10n":"-x31ye3"},//首充礼包3
		"desc": {"l10n":"-x31ye3"},//首充礼包3
		"vipExp": 98,
		"propId": 0,
		"num": 0,
		"recharge": 98,
		"firstChargeDouble": 0,
		"dayLimit": 0,
		"totalLimit": 0,
		"scrip_cn": 98
	},
	"23004": {
		"id": 23004,
		"rechargeEng": 4,
		"productName": "qq_1280yb",
		"type": 8,
		"name": {"l10n":"-x31ye8"},//首充礼包4
		"desc": {"l10n":"-x31ye8"},//首充礼包4
		"vipExp": 198,
		"propId": 0,
		"num": 0,
		"recharge": 198,
		"firstChargeDouble": 0,
		"dayLimit": 0,
		"totalLimit": 0,
		"scrip_cn": 198
	},
	"310101": {
		"id": 310101,
		"rechargeEng": 33,
		"productName": "qq_60yb",
		"type": 101,
		"name": {"l10n":"tp5xxo"},//6元角色等级冲榜礼包
		"desc": {"l10n":"-oujd9m"},//购买角色等级冲榜礼包1
		"vipExp": 6,
		"propId": 0,
		"num": 0,
		"recharge": 6,
		"firstChargeDouble": 0,
		"dayLimit": 0,
		"totalLimit": 0,
		"scrip_cn": 6
	},
	"310102": {
		"id": 310102,
		"rechargeEng": 34,
		"productName": "qq_180yb",
		"type": 101,
		"name": {"l10n":"yaxmke"},//18元角色等级冲榜礼包
		"desc": {"l10n":"11v8u3"},//购买角色等级冲榜礼包2
		"vipExp": 18,
		"propId": 0,
		"num": 0,
		"recharge": 18,
		"firstChargeDouble": 0,
		"dayLimit": 0,
		"totalLimit": 0,
		"scrip_cn": 18
	},
	"310103": {
		"id": 310103,
		"rechargeEng": 2,
		"productName": "qq_300yb",
		"type": 101,
		"name": {"l10n":"ow932g"},//30元角色等级冲榜礼包
		"desc": {"l10n":"-cacbtv"},//购买角色等级冲榜礼包4
		"vipExp": 30,
		"propId": 0,
		"num": 0,
		"recharge": 30,
		"firstChargeDouble": 0,
		"dayLimit": 0,
		"totalLimit": 0,
		"scrip_cn": 30
	},
	"310104": {
		"id": 310104,
		"rechargeEng": 3,
		"productName": "qq_680yb",
		"type": 101,
		"name": {"l10n":"yawtsd"},//68元角色等级冲榜礼包
		"desc": {"l10n":"dm2a9u"},//购买角色等级冲榜礼包5
		"vipExp": 68,
		"propId": 0,
		"num": 0,
		"recharge": 68,
		"firstChargeDouble": 0,
		"dayLimit": 0,
		"totalLimit": 0,
		"scrip_cn": 68
	},
	"310105": {
		"id": 310105,
		"rechargeEng": 6,
		"productName": "qq_1280yb",
		"type": 101,
		"name": {"l10n":"-mqr5x2"},//128元角色等级冲榜礼包
		"desc": {"l10n":"-5m8jhw"},//购买角色等级冲榜礼包7
		"vipExp": 128,
		"propId": 0,
		"num": 0,
		"recharge": 128,
		"firstChargeDouble": 0,
		"dayLimit": 0,
		"totalLimit": 0,
		"scrip_cn": 128
	},
	"310106": {
		"id": 310106,
		"rechargeEng": 7,
		"productName": "qq_3280yb",
		"type": 101,
		"name": {"l10n":"-mqr48o"},//328元角色等级冲榜礼包
		"desc": {"l10n":"-yjiokq"},//购买角色等级冲榜礼包10
		"vipExp": 328,
		"propId": 0,
		"num": 0,
		"recharge": 328,
		"firstChargeDouble": 0,
		"dayLimit": 0,
		"totalLimit": 0,
		"scrip_cn": 328
	},
	"310107": {
		"id": 310107,
		"rechargeEng": 8,
		"productName": "qq_6480yb",
		"type": 101,
		"name": {"l10n":"-pxhczj"},//648元角色等级冲榜礼包
		"desc": {"l10n":"-26s25m"},//购买角色等级冲榜礼包11
		"vipExp": 648,
		"propId": 0,
		"num": 0,
		"recharge": 648,
		"firstChargeDouble": 0,
		"dayLimit": 0,
		"totalLimit": 0,
		"scrip_cn": 648
	},
	"310201": {
		"id": 310201,
		"rechargeEng": 33,
		"productName": "qq_60yb",
		"type": 102,
		"name": {"l10n":"fky40g"},//6元法宝等级冲榜礼包
		"desc": {"l10n":"-5m4xti"},//购买法宝等级冲榜礼包1
		"vipExp": 6,
		"propId": 0,
		"num": 0,
		"recharge": 6,
		"firstChargeDouble": 0,
		"dayLimit": 0,
		"totalLimit": 0,
		"scrip_cn": 6
	},
	"310202": {
		"id": 310202,
		"rechargeEng": 34,
		"productName": "qq_180yb",
		"type": 102,
		"name": {"l10n":"og70vm"},//18元法宝等级冲榜礼包
		"desc": {"l10n":"ka9oa7"},//购买法宝等级冲榜礼包2
		"vipExp": 18,
		"propId": 0,
		"num": 0,
		"recharge": 18,
		"firstChargeDouble": 0,
		"dayLimit": 0,
		"totalLimit": 0,
		"scrip_cn": 18
	},
	"310203": {
		"id": 310203,
		"rechargeEng": 2,
		"productName": "qq_300yb",
		"type": 102,
		"name": {"l10n":"ewit2g"},//30元法宝等级冲榜礼包
		"desc": {"l10n":"11yuih"},//购买法宝等级冲榜礼包4
		"vipExp": 30,
		"propId": 0,
		"num": 0,
		"recharge": 30,
		"firstChargeDouble": 0,
		"dayLimit": 0,
		"totalLimit": 0,
		"scrip_cn": 30
	},
	"310204": {
		"id": 310204,
		"rechargeEng": 3,
		"productName": "qq_680yb",
		"type": 102,
		"name": {"l10n":"og8aeb"},//68元法宝等级冲榜礼包
		"desc": {"l10n":"qydgm6"},//购买法宝等级冲榜礼包5
		"vipExp": 68,
		"propId": 0,
		"num": 0,
		"recharge": 68,
		"firstChargeDouble": 0,
		"dayLimit": 0,
		"totalLimit": 0,
		"scrip_cn": 68
	},
	"310205": {
		"id": 310205,
		"rechargeEng": 6,
		"productName": "qq_1280yb",
		"type": 102,
		"name": {"l10n":"6d2e0e"},//128元法宝等级冲榜礼包
		"desc": {"l10n":"7q2mug"},//购买法宝等级冲榜礼包7
		"vipExp": 128,
		"propId": 0,
		"num": 0,
		"recharge": 128,
		"firstChargeDouble": 0,
		"dayLimit": 0,
		"totalLimit": 0,
		"scrip_cn": 128
	},
	"310206": {
		"id": 310206,
		"rechargeEng": 7,
		"productName": "qq_3280yb",
		"type": 102,
		"name": {"l10n":"6d2ml4"},//328元法宝等级冲榜礼包
		"desc": {"l10n":"-q26ipi"},//购买法宝等级冲榜礼包10
		"vipExp": 328,
		"propId": 0,
		"num": 0,
		"recharge": 328,
		"firstChargeDouble": 0,
		"dayLimit": 0,
		"totalLimit": 0,
		"scrip_cn": 328
	},
	"310207": {
		"id": 310207,
		"rechargeEng": 8,
		"productName": "qq_6480yb",
		"type": 102,
		"name": {"l10n":"9jk7l7"},//648元法宝等级冲榜礼包
		"desc": {"l10n":"6ak3pm"},//购买法宝等级冲榜礼包11
		"vipExp": 648,
		"propId": 0,
		"num": 0,
		"recharge": 648,
		"firstChargeDouble": 0,
		"dayLimit": 0,
		"totalLimit": 0,
		"scrip_cn": 648
	},
	"310301": {
		"id": 310301,
		"rechargeEng": 33,
		"productName": "qq_60yb",
		"type": 103,
		"name": {"l10n":"k254qs"},//6元功法等级冲榜礼包
		"desc": {"l10n":"gjcby0"},//购买功法等级冲榜礼包1
		"vipExp": 6,
		"propId": 0,
		"num": 0,
		"recharge": 6,
		"firstChargeDouble": 0,
		"dayLimit": 0,
		"totalLimit": 0,
		"scrip_cn": 6
	},
	"310302": {
		"id": 310302,
		"rechargeEng": 34,
		"productName": "qq_180yb",
		"type": 103,
		"name": {"l10n":"-wj3j8e"},//18元功法等级冲榜礼包
		"desc": {"l10n":"9v8jm1"},//购买功法等级冲榜礼包2
		"vipExp": 18,
		"propId": 0,
		"num": 0,
		"recharge": 18,
		"firstChargeDouble": 0,
		"dayLimit": 0,
		"totalLimit": 0,
		"scrip_cn": 18
	},
	"310303": {
		"id": 310303,
		"rechargeEng": 2,
		"productName": "qq_300yb",
		"type": 103,
		"name": {"l10n":"t3bqxk"},//30元功法等级冲榜礼包
		"desc": {"l10n":"t3jddr"},//购买功法等级冲榜礼包4
		"vipExp": 30,
		"propId": 0,
		"num": 0,
		"recharge": 30,
		"firstChargeDouble": 0,
		"dayLimit": 0,
		"totalLimit": 0,
		"scrip_cn": 30
	},
	"310304": {
		"id": 310304,
		"rechargeEng": 3,
		"productName": "qq_680yb",
		"type": 103,
		"name": {"l10n":"-weevj1"},//68元功法等级冲榜礼包
		"desc": {"l10n":"-g162ho"},//购买功法等级冲榜礼包5
		"vipExp": 68,
		"propId": 0,
		"num": 0,
		"recharge": 68,
		"firstChargeDouble": 0,
		"dayLimit": 0,
		"totalLimit": 0,
		"scrip_cn": 68
	},
	"310305": {
		"id": 310305,
		"rechargeEng": 6,
		"productName": "qq_1280yb",
		"type": 103,
		"name": {"l10n":"mfqy8y"},//128元功法等级冲榜礼包
		"desc": {"l10n":"374ra2"},//购买功法等级冲榜礼包7
		"vipExp": 128,
		"propId": 0,
		"num": 0,
		"recharge": 128,
		"firstChargeDouble": 0,
		"dayLimit": 0,
		"totalLimit": 0,
		"scrip_cn": 128
	},
	"310306": {
		"id": 310306,
		"rechargeEng": 7,
		"productName": "qq_3280yb",
		"type": 103,
		"name": {"l10n":"mfr2zs"},//328元功法等级冲榜礼包
		"desc": {"l10n":"q8bn94"},//购买功法等级冲榜礼包10
		"vipExp": 328,
		"propId": 0,
		"num": 0,
		"recharge": 328,
		"firstChargeDouble": 0,
		"dayLimit": 0,
		"totalLimit": 0,
		"scrip_cn": 328
	},
	"310307": {
		"id": 310307,
		"rechargeEng": 8,
		"productName": "qq_6480yb",
		"type": 103,
		"name": {"l10n":"7q7yej"},//648元功法等级冲榜礼包
		"desc": {"l10n":"-cg1saw"},//购买功法等级冲榜礼包11
		"vipExp": 648,
		"propId": 0,
		"num": 0,
		"recharge": 648,
		"firstChargeDouble": 0,
		"dayLimit": 0,
		"totalLimit": 0,
		"scrip_cn": 648
	},
	"310401": {
		"id": 310401,
		"rechargeEng": 33,
		"productName": "qq_60yb",
		"type": 104,
		"name": {"l10n":"dw7ygt"},//6元功法点掉落冲榜礼包
		"desc": {"l10n":"-tw6ktd"},//购买功法点掉落冲榜礼包1
		"vipExp": 6,
		"propId": 0,
		"num": 0,
		"recharge": 6,
		"firstChargeDouble": 0,
		"dayLimit": 0,
		"totalLimit": 0,
		"scrip_cn": 6
	},
	"310402": {
		"id": 310402,
		"rechargeEng": 34,
		"productName": "qq_180yb",
		"type": 104,
		"name": {"l10n":"-ajbpho"},//18元功法点掉落冲榜礼包
		"desc": {"l10n":"-3v2rj5"},//购买功法点掉落冲榜礼包2
		"vipExp": 18,
		"propId": 0,
		"num": 0,
		"recharge": 18,
		"firstChargeDouble": 0,
		"dayLimit": 0,
		"totalLimit": 0,
		"scrip_cn": 18
	},
	"310403": {
		"id": 310403,
		"rechargeEng": 2,
		"productName": "qq_300yb",
		"type": 104,
		"name": {"l10n":"-1nzp7u"},//30元功法点掉落冲榜礼包
		"desc": {"l10n":"-a6pko1"},//购买功法点掉落冲榜礼包4
		"vipExp": 30,
		"propId": 0,
		"num": 0,
		"recharge": 30,
		"firstChargeDouble": 0,
		"dayLimit": 0,
		"totalLimit": 0,
		"scrip_cn": 30
	},
	"310404": {
		"id": 310404,
		"rechargeEng": 3,
		"productName": "qq_680yb",
		"type": 104,
		"name": {"l10n":"-ajmeoj"},//68元功法点掉落冲榜礼包
		"desc": {"l10n":"shnuvz"},//购买功法点掉落冲榜礼包5
		"vipExp": 68,
		"propId": 0,
		"num": 0,
		"recharge": 68,
		"firstChargeDouble": 0,
		"dayLimit": 0,
		"totalLimit": 0,
		"scrip_cn": 68
	},
	"310405": {
		"id": 310405,
		"rechargeEng": 6,
		"productName": "qq_1280yb",
		"type": 104,
		"name": {"l10n":"-mumr9v"},//128元功法点掉落冲榜礼包
		"desc": {"l10n":"m611r3"},//购买功法点掉落冲榜礼包7
		"vipExp": 128,
		"propId": 0,
		"num": 0,
		"recharge": 128,
		"firstChargeDouble": 0,
		"dayLimit": 0,
		"totalLimit": 0,
		"scrip_cn": 128
	},
	"310406": {
		"id": 310406,
		"rechargeEng": 7,
		"productName": "qq_3280yb",
		"type": 104,
		"name": {"l10n":"-muo18x"},//328元功法点掉落冲榜礼包
		"desc": {"l10n":"fojcnb"},//购买功法点掉落冲榜礼包10
		"vipExp": 328,
		"propId": 0,
		"num": 0,
		"recharge": 328,
		"firstChargeDouble": 0,
		"dayLimit": 0,
		"totalLimit": 0,
		"scrip_cn": 328
	},
	"310407": {
		"id": 310407,
		"rechargeEng": 8,
		"productName": "qq_6480yb",
		"type": 104,
		"name": {"l10n":"fwkqq8"},//648元功法点掉落冲榜礼包
		"desc": {"l10n":"fojcnc"},//购买功法点掉落冲榜礼包11
		"vipExp": 648,
		"propId": 0,
		"num": 0,
		"recharge": 648,
		"firstChargeDouble": 0,
		"dayLimit": 0,
		"totalLimit": 0,
		"scrip_cn": 648
	},
	"310501": {
		"id": 310501,
		"rechargeEng": 33,
		"productName": "qq_60yb",
		"type": 105,
		"name": {"l10n":"z1r6k3"},//6元灵气掉落冲榜礼包
		"desc": {"l10n":"-im4v2b"},//购买灵气掉落冲榜礼包1
		"vipExp": 6,
		"propId": 0,
		"num": 0,
		"recharge": 6,
		"firstChargeDouble": 0,
		"dayLimit": 0,
		"totalLimit": 0,
		"scrip_cn": 6
	},
	"310502": {
		"id": 310502,
		"rechargeEng": 34,
		"productName": "qq_180yb",
		"type": 105,
		"name": {"l10n":"-z3uxdx"},//18元灵气掉落冲榜礼包
		"desc": {"l10n":"-pa8nea"},//购买灵气掉落冲榜礼包2
		"vipExp": 18,
		"propId": 0,
		"num": 0,
		"recharge": 18,
		"firstChargeDouble": 0,
		"dayLimit": 0,
		"totalLimit": 0,
		"scrip_cn": 18
	},
	"310503": {
		"id": 310503,
		"rechargeEng": 2,
		"productName": "qq_300yb",
		"type": 105,
		"name": {"l10n":"qikoop"},//30元灵气掉落冲榜礼包
		"desc": {"l10n":"-61xtmk"},//购买灵气掉落冲榜礼包4
		"vipExp": 30,
		"propId": 0,
		"num": 0,
		"recharge": 30,
		"firstChargeDouble": 0,
		"dayLimit": 0,
		"totalLimit": 0,
		"scrip_cn": 30
	},
	"310504": {
		"id": 310504,
		"rechargeEng": 3,
		"productName": "qq_680yb",
		"type": 105,
		"name": {"l10n":"-yf5qyq"},//68元灵气掉落冲榜礼包
		"desc": {"l10n":"jugsh5"},//购买灵气掉落冲榜礼包5
		"vipExp": 68,
		"propId": 0,
		"num": 0,
		"recharge": 68,
		"firstChargeDouble": 0,
		"dayLimit": 0,
		"totalLimit": 0,
		"scrip_cn": 68
	},
	"310505": {
		"id": 310505,
		"rechargeEng": 6,
		"productName": "qq_1280yb",
		"type": 105,
		"name": {"l10n":"vnxlkh"},//128元灵气掉落冲榜礼包
		"desc": {"l10n":"-vycfq9"},//购买灵气掉落冲榜礼包7
		"vipExp": 128,
		"propId": 0,
		"num": 0,
		"recharge": 128,
		"firstChargeDouble": 0,
		"dayLimit": 0,
		"totalLimit": 0,
		"scrip_cn": 128
	},
	"310506": {
		"id": 310506,
		"rechargeEng": 7,
		"productName": "qq_3280yb",
		"type": 105,
		"name": {"l10n":"vnxu2b"},//328元灵气掉落冲榜礼包
		"desc": {"l10n":"-8x5jr7"},//购买灵气掉落冲榜礼包10
		"vipExp": 328,
		"propId": 0,
		"num": 0,
		"recharge": 328,
		"firstChargeDouble": 0,
		"dayLimit": 0,
		"totalLimit": 0,
		"scrip_cn": 328
	},
	"310507": {
		"id": 310507,
		"rechargeEng": 8,
		"productName": "qq_6480yb",
		"type": 105,
		"name": {"l10n":"xsycdi"},//648元灵气掉落冲榜礼包
		"desc": {"l10n":"nfl2nx"},//购买灵气掉落冲榜礼包11
		"vipExp": 648,
		"propId": 0,
		"num": 0,
		"recharge": 648,
		"firstChargeDouble": 0,
		"dayLimit": 0,
		"totalLimit": 0,
		"scrip_cn": 648
	},
	"310601": {
		"id": 310601,
		"rechargeEng": 2,
		"productName": "qq_300yb",
		"type": 106,
		"name": {"l10n":"ftg0zh"},//30元限时礼包
		"desc": {"l10n":"s3xob2"},//购买限时礼包4
		"vipExp": 30,
		"propId": 0,
		"num": 0,
		"recharge": 30,
		"firstChargeDouble": 0,
		"dayLimit": 0,
		"totalLimit": 0,
		"scrip_cn": 30
	},
	"310602": {
		"id": 310602,
		"rechargeEng": 3,
		"productName": "qq_680yb",
		"type": 106,
		"name": {"l10n":"fj54r6"},//68元限时礼包
		"desc": {"l10n":"27j27d"},//购买限时礼包5
		"vipExp": 68,
		"propId": 0,
		"num": 0,
		"recharge": 68,
		"firstChargeDouble": 0,
		"dayLimit": 0,
		"totalLimit": 0,
		"scrip_cn": 68
	},
	"310603": {
		"id": 310603,
		"rechargeEng": 4,
		"productName": "qq_1280yb",
		"type": 106,
		"name": {"l10n":"-4iphwh"},//128元限时礼包
		"desc": {"l10n":"-h0rrkd"},//购买限时礼包7
		"vipExp": 128,
		"propId": 0,
		"num": 0,
		"recharge": 128,
		"firstChargeDouble": 0,
		"dayLimit": 0,
		"totalLimit": 0,
		"scrip_cn": 128
	},
	"310604": {
		"id": 310604,
		"rechargeEng": 5,
		"productName": "qq_3280yb",
		"type": 106,
		"name": {"l10n":"-4iphur"},//328元限时礼包
		"desc": {"l10n":"uz5efp"},//购买限时礼包10
		"vipExp": 328,
		"propId": 0,
		"num": 0,
		"recharge": 328,
		"firstChargeDouble": 0,
		"dayLimit": 0,
		"totalLimit": 0,
		"scrip_cn": 328
	},
	"310605": {
		"id": 310605,
		"rechargeEng": 6,
		"productName": "qq_6480yb",
		"type": 106,
		"name": {"l10n":"-4g4uti"},//648元限时礼包
		"desc": {"l10n":"-7p814b"},//购买限时礼包11
		"vipExp": 648,
		"propId": 0,
		"num": 0,
		"recharge": 648,
		"firstChargeDouble": 0,
		"dayLimit": 0,
		"totalLimit": 0,
		"scrip_cn": 648
	},
	"310701": {
		"id": 310701,
		"rechargeEng": 33,
		"productName": "qq_60yb",
		"type": 107,
		"name": {"l10n":"-3azw49"},//6元八荒历练
		"desc": {"l10n":"-5o46ua"},//购买八荒历练1
		"vipExp": 6,
		"propId": 0,
		"num": 0,
		"recharge": 6,
		"firstChargeDouble": 0,
		"dayLimit": 0,
		"totalLimit": 0,
		"scrip_cn": 6
	},
	"310702": {
		"id": 310702,
		"rechargeEng": 34,
		"productName": "qq_180yb",
		"type": 107,
		"name": {"l10n":"-i42cnn"},//18元八荒历练
		"desc": {"l10n":"-cc7z69"},//购买八荒历练2
		"vipExp": 18,
		"propId": 0,
		"num": 0,
		"recharge": 18,
		"firstChargeDouble": 0,
		"dayLimit": 0,
		"totalLimit": 0,
		"scrip_cn": 18
	},
	"310703": {
		"id": 310703,
		"rechargeEng": 2,
		"productName": "qq_300yb",
		"type": 107,
		"name": {"l10n":"-hudzrt"},//30元八荒历练
		"desc": {"l10n":"zzlhp"},//购买八荒历练4
		"vipExp": 30,
		"propId": 0,
		"num": 0,
		"recharge": 30,
		"firstChargeDouble": 0,
		"dayLimit": 0,
		"totalLimit": 0,
		"scrip_cn": 30
	},
	"310704": {
		"id": 310704,
		"rechargeEng": 3,
		"productName": "qq_680yb",
		"type": 107,
		"name": {"l10n":"-i42dvg"},//68元八荒历练
		"desc": {"l10n":"qwe7le"},//购买八荒历练5
		"vipExp": 68,
		"propId": 0,
		"num": 0,
		"recharge": 68,
		"firstChargeDouble": 0,
		"dayLimit": 0,
		"totalLimit": 0,
		"scrip_cn": 68
	},
	"310705": {
		"id": 310705,
		"rechargeEng": 6,
		"productName": "qq_1280yb",
		"type": 107,
		"name": {"l10n":"1vxbzs"},//128元八荒历练
		"desc": {"l10n":"-owf0m0"},//购买八荒历练7
		"vipExp": 128,
		"propId": 0,
		"num": 0,
		"recharge": 128,
		"firstChargeDouble": 0,
		"dayLimit": 0,
		"totalLimit": 0,
		"scrip_cn": 128
	},
	"310706": {
		"id": 310706,
		"rechargeEng": 7,
		"productName": "qq_3280yb",
		"type": 107,
		"name": {"l10n":"1vxc1e"},//328元八荒历练
		"desc": {"l10n":"-fd3i5e"},//购买八荒历练10
		"vipExp": 328,
		"propId": 0,
		"num": 0,
		"recharge": 328,
		"firstChargeDouble": 0,
		"dayLimit": 0,
		"totalLimit": 0,
		"scrip_cn": 328
	},
	"310707": {
		"id": 310707,
		"rechargeEng": 8,
		"productName": "qq_6480yb",
		"type": 107,
		"name": {"l10n":"1y6sgt"},//648元八荒历练
		"desc": {"l10n":"nb9xem"},//购买八荒历练11
		"vipExp": 648,
		"propId": 0,
		"num": 0,
		"recharge": 648,
		"firstChargeDouble": 0,
		"dayLimit": 0,
		"totalLimit": 0,
		"scrip_cn": 648
	},
	"310801": {
		"id": 310801,
		"rechargeEng": 33,
		"productName": "qq_60yb",
		"type": 108,
		"name": {"l10n":"bq9ev4"},//6元装备评分冲榜礼包
		"desc": {"l10n":"2pqaac"},//购买装备评分冲榜礼包1
		"vipExp": 6,
		"propId": 0,
		"num": 0,
		"recharge": 6,
		"firstChargeDouble": 0,
		"dayLimit": 0,
		"totalLimit": 0,
		"scrip_cn": 6
	},
	"310802": {
		"id": 310802,
		"rechargeEng": 34,
		"productName": "qq_180yb",
		"type": 108,
		"name": {"l10n":"-d4ip28"},//18元装备评分冲榜礼包
		"desc": {"l10n":"-3ydi1n"},//购买装备评分冲榜礼包2
		"vipExp": 18,
		"propId": 0,
		"num": 0,
		"recharge": 18,
		"firstChargeDouble": 0,
		"dayLimit": 0,
		"totalLimit": 0,
		"scrip_cn": 18
	},
	"310803": {
		"id": 310803,
		"rechargeEng": 2,
		"productName": "qq_300yb",
		"type": 108,
		"name": {"l10n":"-lzuf6u"},//30元装备评分冲榜礼包
		"desc": {"l10n":"9du2mb"},//购买装备评分冲榜礼包4
		"vipExp": 30,
		"propId": 0,
		"num": 0,
		"recharge": 30,
		"firstChargeDouble": 0,
		"dayLimit": 0,
		"totalLimit": 0,
		"scrip_cn": 30
	},
	"310804": {
		"id": 310804,
		"rechargeEng": 3,
		"productName": "qq_680yb",
		"type": 108,
		"name": {"l10n":"-d4fhqz"},//68元装备评分冲榜礼包
		"desc": {"l10n":"za8oq0"},//购买装备评分冲榜礼包5
		"vipExp": 68,
		"propId": 0,
		"num": 0,
		"recharge": 68,
		"firstChargeDouble": 0,
		"dayLimit": 0,
		"totalLimit": 0,
		"scrip_cn": 68
	},
	"310805": {
		"id": 310805,
		"rechargeEng": 6,
		"productName": "qq_1280yb",
		"type": 108,
		"name": {"l10n":"b17cc6"},//128元装备评分冲榜礼包
		"desc": {"l10n":"-gikjhe"},//购买装备评分冲榜礼包7
		"vipExp": 128,
		"propId": 0,
		"num": 0,
		"recharge": 128,
		"firstChargeDouble": 0,
		"dayLimit": 0,
		"totalLimit": 0,
		"scrip_cn": 128
	},
	"310806": {
		"id": 310806,
		"rechargeEng": 7,
		"productName": "qq_3280yb",
		"type": 108,
		"name": {"l10n":"b17ehs"},//328元装备评分冲榜礼包
		"desc": {"l10n":"-6z910s"},//购买装备评分冲榜礼包10
		"vipExp": 328,
		"propId": 0,
		"num": 0,
		"recharge": 328,
		"firstChargeDouble": 0,
		"dayLimit": 0,
		"totalLimit": 0,
		"scrip_cn": 328
	},
	"310807": {
		"id": 310807,
		"rechargeEng": 8,
		"productName": "qq_6480yb",
		"type": 108,
		"name": {"l10n":"d8ycs3"},//648元装备评分冲榜礼包
		"desc": {"l10n":"vp4ej8"},//购买装备评分冲榜礼包11
		"vipExp": 648,
		"propId": 0,
		"num": 0,
		"recharge": 648,
		"firstChargeDouble": 0,
		"dayLimit": 0,
		"totalLimit": 0,
		"scrip_cn": 648
	},
	"310901": {
		"id": 310901,
		"rechargeEng": 33,
		"productName": "qq_60yb",
		"type": 109,
		"name": {"l10n":"-m59j6k"},//6元功法评分冲榜礼包
		"desc": {"l10n":"-edekzc"},//购买功法评分冲榜礼包1
		"vipExp": 6,
		"propId": 0,
		"num": 0,
		"recharge": 6,
		"firstChargeDouble": 0,
		"dayLimit": 0,
		"totalLimit": 0,
		"scrip_cn": 6
	},
	"310902": {
		"id": 310902,
		"rechargeEng": 34,
		"productName": "qq_180yb",
		"type": 109,
		"name": {"l10n":"-jqf363"},//18元功法评分冲榜礼包
		"desc": {"l10n":"-l1idbb"},//购买功法评分冲榜礼包2
		"vipExp": 18,
		"propId": 0,
		"num": 0,
		"recharge": 18,
		"firstChargeDouble": 0,
		"dayLimit": 0,
		"totalLimit": 0,
		"scrip_cn": 18
	},
	"310903": {
		"id": 310903,
		"rechargeEng": 2,
		"productName": "qq_300yb",
		"type": 109,
		"name": {"l10n":"-slr5cd"},//30元功法评分冲榜礼包
		"desc": {"l10n":"-1t7jjl"},//购买功法评分冲榜礼包4
		"vipExp": 30,
		"propId": 0,
		"num": 0,
		"recharge": 30,
		"firstChargeDouble": 0,
		"dayLimit": 0,
		"totalLimit": 0,
		"scrip_cn": 30
	},
	"310904": {
		"id": 310904,
		"rechargeEng": 3,
		"productName": "qq_680yb",
		"type": 109,
		"name": {"l10n":"-jqezlu"},//68元功法评分冲榜礼包
		"desc": {"l10n":"o372k4"},//购买功法评分冲榜礼包5
		"vipExp": 68,
		"propId": 0,
		"num": 0,
		"recharge": 68,
		"firstChargeDouble": 0,
		"dayLimit": 0,
		"totalLimit": 0,
		"scrip_cn": 68
	},
	"310905": {
		"id": 310905,
		"rechargeEng": 6,
		"productName": "qq_1280yb",
		"type": 109,
		"name": {"l10n":"-3o5j6u"},//128元功法评分冲榜礼包
		"desc": {"l10n":"-rpm5na"},//购买功法评分冲榜礼包7
		"vipExp": 128,
		"propId": 0,
		"num": 0,
		"recharge": 128,
		"firstChargeDouble": 0,
		"dayLimit": 0,
		"totalLimit": 0,
		"scrip_cn": 128
	},
	"310906": {
		"id": 310906,
		"rechargeEng": 7,
		"productName": "qq_3280yb",
		"type": 109,
		"name": {"l10n":"-3o5eg0"},//328元功法评分冲榜礼包
		"desc": {"l10n":"-4of9o8"},//购买功法评分冲榜礼包10
		"vipExp": 328,
		"propId": 0,
		"num": 0,
		"recharge": 328,
		"firstChargeDouble": 0,
		"dayLimit": 0,
		"totalLimit": 0,
		"scrip_cn": 328
	},
	"310907": {
		"id": 310907,
		"rechargeEng": 8,
		"productName": "qq_6480yb",
		"type": 109,
		"name": {"l10n":"-idoj19"},//648元功法评分冲榜礼包
		"desc": {"l10n":"robcqw"},//购买功法评分冲榜礼包11
		"vipExp": 648,
		"propId": 0,
		"num": 0,
		"recharge": 648,
		"firstChargeDouble": 0,
		"dayLimit": 0,
		"totalLimit": 0,
		"scrip_cn": 648
	},
	"311001": {
		"id": 311001,
		"rechargeEng": 33,
		"productName": "qq_60yb",
		"type": 110,
		"name": {"l10n":"-qmgjww"},//6元法宝评分冲榜礼包
		"desc": {"l10n":"yi878a"},//购买法宝评分冲榜礼包1
		"vipExp": 6,
		"propId": 0,
		"num": 0,
		"recharge": 6,
		"firstChargeDouble": 0,
		"dayLimit": 0,
		"totalLimit": 0,
		"scrip_cn": 6
	},
	"311002": {
		"id": 311002,
		"rechargeEng": 34,
		"productName": "qq_180yb",
		"type": 110,
		"name": {"l10n":"r19kcv"},//18元法宝评分冲榜礼包
		"desc": {"l10n":"-amh8n5"},//购买法宝评分冲榜礼包2
		"vipExp": 18,
		"propId": 0,
		"num": 0,
		"recharge": 18,
		"firstChargeDouble": 0,
		"dayLimit": 0,
		"totalLimit": 0,
		"scrip_cn": 18
	},
	"311003": {
		"id": 311003,
		"rechargeEng": 2,
		"productName": "qq_300yb",
		"type": 110,
		"name": {"l10n":"i5xux9"},//30元法宝评分冲榜礼包
		"desc": {"l10n":"-tus2ev"},//购买法宝评分冲榜礼包4
		"vipExp": 30,
		"propId": 0,
		"num": 0,
		"recharge": 30,
		"firstChargeDouble": 0,
		"dayLimit": 0,
		"totalLimit": 0,
		"scrip_cn": 30
	},
	"311004": {
		"id": 311004,
		"rechargeEng": 3,
		"productName": "qq_680yb",
		"type": 110,
		"name": {"l10n":"r1atvs"},//68元法宝评分冲榜礼包
		"desc": {"l10n":"-3ydgb6"},//购买法宝评分冲榜礼包5
		"vipExp": 68,
		"propId": 0,
		"num": 0,
		"recharge": 68,
		"firstChargeDouble": 0,
		"dayLimit": 0,
		"totalLimit": 0,
		"scrip_cn": 68
	},
	"311005": {
		"id": 311005,
		"rechargeEng": 6,
		"productName": "qq_1280yb",
		"type": 110,
		"name": {"l10n":"-jqu3fe"},//128元法宝评分冲榜礼包
		"desc": {"l10n":"-n6oa2w"},//购买法宝评分冲榜礼包7
		"vipExp": 128,
		"propId": 0,
		"num": 0,
		"recharge": 128,
		"firstChargeDouble": 0,
		"dayLimit": 0,
		"totalLimit": 0,
		"scrip_cn": 128
	},
	"311006": {
		"id": 311006,
		"rechargeEng": 7,
		"productName": "qq_3280yb",
		"type": 110,
		"name": {"l10n":"-jqtuuo"},//328元法宝评分冲榜礼包
		"desc": {"l10n":"e26mca"},//购买法宝评分冲榜礼包10
		"vipExp": 328,
		"propId": 0,
		"num": 0,
		"recharge": 328,
		"firstChargeDouble": 0,
		"dayLimit": 0,
		"totalLimit": 0,
		"scrip_cn": 328
	},
	"311007": {
		"id": 311007,
		"rechargeEng": 8,
		"productName": "qq_6480yb",
		"type": 110,
		"name": {"l10n":"-gkc9ul"},//648元法宝评分冲榜礼包
		"desc": {"l10n":"-om6t7q"},//购买法宝评分冲榜礼包11
		"vipExp": 648,
		"propId": 0,
		"num": 0,
		"recharge": 648,
		"firstChargeDouble": 0,
		"dayLimit": 0,
		"totalLimit": 0,
		"scrip_cn": 648
	}
}