{
	//Worksheet.id 错误码
	//Worksheet.msg 错误文本
	//Worksheet.errorType 错误类型(1进场景失败)
	//Worksheet.errorTip 错误提示(1弹窗2飘字)
	//"salt": "1952ff5526ed624082043ed0b2a65f09"
	"1": {
		"id": 1,
		"msg": {"l10n":"-ivswae"},//签名出错
		"errorType": 0,
		"errorTip": 1
	},
	"2": {
		"id": 2,
		"msg": {"l10n":"-iw0a6c"},//您尝试次数过多，请稍后重试
		"errorType": 0,
		"errorTip": 1
	},
	"3": {
		"id": 3,
		"msg": {"l10n":"-8cggb6"},//您在不同的设备同时登录了，请重新登录
		"errorType": 0,
		"errorTip": 1
	},
	"4": {
		"id": 4,
		"msg": {"l10n":"-hu7gto"},//请重新登录
		"errorType": 0,
		"errorTip": 1
	},
	"5": {
		"id": 5,
		"msg": {"l10n":"-ghse71"},//有新版本更新咯，您可以退出游戏，重新进入
		"errorType": 0,
		"errorTip": 1
	},
	"6": {
		"id": 6,
		"msg": {"l10n":"38voav"},//您的版本不是最新版本
		"errorType": 0,
		"errorTip": 1
	},
	"7": {
		"id": 7,
		"msg": {"l10n":"dokd8w"},//您好，目前正在例行维护中
		"errorType": 0,
		"errorTip": 1
	},
	"9": {
		"id": 9,
		"msg": {"l10n":"gtpazy"},//您已被禁止进入
		"errorType": 0,
		"errorTip": 1
	},
	"10": {
		"id": 10,
		"msg": {"l10n":"z2zize"},//请求响应异常，请联系客服
		"errorType": 0,
		"errorTip": 1
	},
	"11": {
		"id": 11,
		"msg": {"l10n":"xtbrrg"},//您该项功能已被封禁
		"errorType": 0,
		"errorTip": 1
	},
	"12": {
		"id": 12,
		"msg": {"l10n":"6wvfcr"},//该项功能暂未开启
		"errorType": 0,
		"errorTip": 1
	},
	"13": {
		"id": 13,
		"msg": {"l10n":"-qrw81g"},//当前服务器已爆满，正在排队中…
		"errorType": 0,
		"errorTip": 1
	},
	"14": {
		"id": 14,
		"msg": {"l10n":"qfodw6"},//游戏更新中，请稍后重试
		"errorType": 0,
		"errorTip": 1
	},
	"199": {
		"id": 199,
		"msg": {"l10n":"hctyr6"},//您该项功能被封禁
		"errorType": 0,
		"errorTip": 1
	},
	"197": {
		"id": 197,
		"msg": {"l10n":"-nzfj2k"},//系统异常，请联系客服！
		"errorType": 0,
		"errorTip": 1
	},
	"198": {
		"id": 198,
		"msg": {"l10n":"-nzfj2k"},//系统异常，请联系客服！
		"errorType": 0,
		"errorTip": 1
	},
	"101": {
		"id": 101,
		"msg": {"l10n":"-hbuyyg"},//您已被限制登录，如有疑问请联系客服
		"errorType": 0,
		"errorTip": 1
	},
	"102": {
		"id": 102,
		"msg": {"l10n":"b82weg"},//您已被限制登录！如有疑问请联系客服
		"errorType": 0,
		"errorTip": 1
	},
	"103": {
		"id": 103,
		"msg": {"l10n":"3bgmmk"},//您已被永久禁言！如有疑问请联系客服
		"errorType": 0,
		"errorTip": 1
	},
	"104": {
		"id": 104,
		"msg": {"l10n":"k0g8j9"},//您已被禁言！如有疑问请联系客服
		"errorType": 0,
		"errorTip": 1
	},
	"105": {
		"id": 105,
		"msg": {"l10n":"-if3y63"},//您的元宝出现异常，请联系客服！
		"errorType": 0,
		"errorTip": 1
	},
	"106": {
		"id": 106,
		"msg": {"l10n":"-hapve4"},//您的元宝时间出现异常，请联系客服！
		"errorType": 0,
		"errorTip": 1
	},
	"107": {
		"id": 107,
		"msg": {"l10n":"ueutng"},//您已被限制改名！如有疑问请联系客服
		"errorType": 0,
		"errorTip": 1
	},
	"108": {
		"id": 108,
		"msg": {"l10n":"ueutng"},//您已被限制改名！如有疑问请联系客服
		"errorType": 0,
		"errorTip": 1
	},
	"109": {
		"id": 109,
		"msg": {"l10n":"-vj1gd9"},//您的银两出现异常，请联系客服！
		"errorType": 0,
		"errorTip": 1
	},
	"110": {
		"id": 110,
		"msg": {"l10n":"75ou9z"},//您的银两时间出现异常，请联系客服！
		"errorType": 0,
		"errorTip": 1
	},
	"401": {
		"id": 401,
		"msg": {"l10n":"bqjfgz"},//读取配置错误
		"errorType": 0,
		"errorTip": 1
	},
	"402": {
		"id": 402,
		"msg": {"l10n":"-c3loyt"},//参数错误
		"errorType": 0,
		"errorTip": 1
	},
	"403": {
		"id": 403,
		"msg": {"l10n":"-l1fke7"},//请求出错
		"errorType": 0,
		"errorTip": 1
	},
	"404": {
		"id": 404,
		"msg": {"l10n":"-2ghlxi"},//传入的参数不正确或为空
		"errorType": 0,
		"errorTip": 1
	},
	"405": {
		"id": 405,
		"msg": {"l10n":"-c6iihq"},//moddo lock fail
		"errorType": 0,
		"errorTip": 1
	},
	"406": {
		"id": 406,
		"msg": {"l10n":"9mcvc8"},//保存失败
		"errorType": 0,
		"errorTip": 1
	},
	"407": {
		"id": 407,
		"msg": {"l10n":"6h4v92"},//元宝数量异常
		"errorType": 0,
		"errorTip": 1
	},
	"408": {
		"id": 408,
		"msg": {"l10n":"-tknv6o"},//货币类型在玩家身上找不到映射
		"errorType": 0,
		"errorTip": 1
	},
	"409": {
		"id": 409,
		"msg": {"l10n":"-u2oyz0"},//配置数值异常
		"errorType": 0,
		"errorTip": 1
	},
	"410": {
		"id": 410,
		"msg": {"l10n":"-biv7zl"},//功能尚未开启
		"errorType": 0,
		"errorTip": 1
	},
	"411": {
		"id": 411,
		"msg": {"l10n":"-zc85ze"},//功能封禁
		"errorType": 0,
		"errorTip": 1
	},
	"412": {
		"id": 412,
		"msg": {"l10n":"pa635l"},//设备不合法或者未在白名单中
		"errorType": 0,
		"errorTip": 1
	},
	"413": {
		"id": 413,
		"msg": {"l10n":"-s8sw2w"},//次数不足
		"errorType": 0,
		"errorTip": 1
	},
	"414": {
		"id": 414,
		"msg": {"l10n":"vre9dz"},//过多玩家请sys_timesError求，稍后再试
		"errorType": 0,
		"errorTip": 1
	},
	"415": {
		"id": 415,
		"msg": {"l10n":"-7beiic"},//服务器启动消费战斗异常
		"errorType": 0,
		"errorTip": 1
	},
	"1005": {
		"id": 1005,
		"msg": {"l10n":"5qz5zr"},//没传用户id
		"errorType": 0,
		"errorTip": 1
	},
	"1006": {
		"id": 1006,
		"msg": {"l10n":"-f0btak"},//传入的修改数值不正确
		"errorType": 0,
		"errorTip": 1
	},
	"1007": {
		"id": 1007,
		"msg": {"l10n":"o2dbgz"},//用户不存在
		"errorType": 0,
		"errorTip": 1
	},
	"1009": {
		"id": 1009,
		"msg": {"l10n":"-k39ki2"},//元宝不足
		"errorType": 0,
		"errorTip": 1
	},
	"1010": {
		"id": 1010,
		"msg": {"l10n":"-tv4y68"},//等级不足
		"errorType": 0,
		"errorTip": 1
	},
	"1011": {
		"id": 1011,
		"msg": {"l10n":"-geldp9"},//银两不足
		"errorType": 0,
		"errorTip": 1
	},
	"1012": {
		"id": 1012,
		"msg": {"l10n":"-kt1lda"},//货币不足
		"errorType": 0,
		"errorTip": 1
	},
	"1013": {
		"id": 1013,
		"msg": {"l10n":"-mpbuuy"},//道具不足
		"errorType": 0,
		"errorTip": 1
	},
	"1014": {
		"id": 1014,
		"msg": {"l10n":"-9xtg29"},//vip等级不足
		"errorType": 0,
		"errorTip": 1
	},
	"1015": {
		"id": 1015,
		"msg": {"l10n":"carxfl"},//您的特权卡已过期
		"errorType": 0,
		"errorTip": 1
	},
	"1016": {
		"id": 1016,
		"msg": {"l10n":"vy76um"},//您今天已领取
		"errorType": 0,
		"errorTip": 1
	},
	"1017": {
		"id": 1017,
		"msg": {"l10n":"ufgtwf"},//输入文本中包含敏感词或屏蔽词
		"errorType": 0,
		"errorTip": 1
	},
	"1020": {
		"id": 1020,
		"msg": {"l10n":"-ts3djq"},//政绩不足
		"errorType": 0,
		"errorTip": 1
	},
	"1021": {
		"id": 1021,
		"msg": {"l10n":"rtbz7e"},//超出最大等级
		"errorType": 0,
		"errorTip": 1
	},
	"1028": {
		"id": 1028,
		"msg": {"l10n":"-sf5n8c"},//获取用户信息异常
		"errorType": 0,
		"errorTip": 1
	},
	"1029": {
		"id": 1029,
		"msg": {"l10n":"euu8x9"},//新注册玩家限制
		"errorType": 0,
		"errorTip": 1
	},
	"1031": {
		"id": 1031,
		"msg": {"l10n":"-a6tfqd"},//您的输入太长了
		"errorType": 0,
		"errorTip": 1
	},
	"1032": {
		"id": 1032,
		"msg": {"l10n":"-wzqpss"},//名字存在敏感字符
		"errorType": 0,
		"errorTip": 1
	},
	"1033": {
		"id": 1033,
		"msg": {"l10n":"eclupe"},//昵称重复，请输入一个新的昵称
		"errorType": 0,
		"errorTip": 1
	},
	"1035": {
		"id": 1035,
		"msg": {"l10n":"n7rli2"},//官品已达上限
		"errorType": 0,
		"errorTip": 1
	},
	"1036": {
		"id": 1036,
		"msg": {"l10n":"8hvxmy"},//登录失败
		"errorType": 0,
		"errorTip": 1
	},
	"1038": {
		"id": 1038,
		"msg": {"l10n":"-6g09wg"},//已领取奖励
		"errorType": 0,
		"errorTip": 1
	},
	"1039": {
		"id": 1039,
		"msg": {"l10n":"32skao"},//该头像已过期
		"errorType": 0,
		"errorTip": 1
	},
	"1040": {
		"id": 1040,
		"msg": {"l10n":"-qbe6f"},//该头像框已过期
		"errorType": 0,
		"errorTip": 1
	},
	"1041": {
		"id": 1041,
		"msg": {"l10n":"hyi965"},//修改位置次数已达上限
		"errorType": 0,
		"errorTip": 1
	},
	"1042": {
		"id": 1042,
		"msg": {"l10n":"-tmxz5l"},//创建角色只能选取默认头像
		"errorType": 0,
		"errorTip": 1
	},
	"1043": {
		"id": 1043,
		"msg": {"l10n":"-jjibas"},//该称号已过期
		"errorType": 0,
		"errorTip": 1
	},
	"1044": {
		"id": 1044,
		"msg": {"l10n":"rhcm05"},//该时装已过期
		"errorType": 0,
		"errorTip": 1
	},
	"1045": {
		"id": 1045,
		"msg": {"l10n":"-dciowh"},//该聊天气泡已过期
		"errorType": 0,
		"errorTip": 1
	},
	"1046": {
		"id": 1046,
		"msg": {"l10n":"pqf5ca"},//时装性别不匹配
		"errorType": 0,
		"errorTip": 1
	},
	"1047": {
		"id": 1047,
		"msg": {"l10n":"-q04tv5"},//客户端数据长度超过
		"errorType": 0,
		"errorTip": 1
	},
	"1048": {
		"id": 1048,
		"msg": {"l10n":"-f5atj2"},//玩家种族不存在
		"errorType": 0,
		"errorTip": 1
	},
	"1056": {
		"id": 1056,
		"msg": {"l10n":"-poe4g4"},//官品等级不足
		"errorType": 0,
		"errorTip": 1
	},
	"1057": {
		"id": 1057,
		"msg": {"l10n":"-b40g0j"},//输入的编号或昵称不能为空
		"errorType": 0,
		"errorTip": 1
	},
	"1059": {
		"id": 1059,
		"msg": {"l10n":"voycca"},//输入的玩家名称或编号不存在
		"errorType": 0,
		"errorTip": 1
	},
	"1060": {
		"id": 1060,
		"msg": {"l10n":"-gayp9p"},//昵称未修改
		"errorType": 0,
		"errorTip": 1
	},
	"1061": {
		"id": 1061,
		"msg": {"l10n":"-p0k2in"},//玩家没有在线
		"errorType": 0,
		"errorTip": 1
	},
	"1062": {
		"id": 1062,
		"msg": {"l10n":"-38ewbo"},//输入文本中包含非法字符
		"errorType": 0,
		"errorTip": 1
	},
	"1063": {
		"id": 1063,
		"msg": {"l10n":"8dx4ps"},//突破条件不满足
		"errorType": 0,
		"errorTip": 1
	},
	"1064": {
		"id": 1064,
		"msg": {"l10n":"hmwivs"},//自由属性加点已达上限
		"errorType": 0,
		"errorTip": 1
	},
	"1065": {
		"id": 1065,
		"msg": {"l10n":"a2x4ai"},//属性果使用已达上限
		"errorType": 0,
		"errorTip": 1
	},
	"1066": {
		"id": 1066,
		"msg": {"l10n":"to9cqv"},//改名冷却中
		"errorType": 0,
		"errorTip": 1
	},
	"2001": {
		"id": 2001,
		"msg": {"l10n":"-wb8ksv"},//限购次数不足
		"errorType": 0,
		"errorTip": 1
	},
	"2002": {
		"id": 2002,
		"msg": {"l10n":"-bnamft"},//尚未充值
		"errorType": 0,
		"errorTip": 1
	},
	"2003": {
		"id": 2003,
		"msg": {"l10n":"e8abkz"},//无法领取礼包
		"errorType": 0,
		"errorTip": 1
	},
	"2004": {
		"id": 2004,
		"msg": {"l10n":"-plpunn"},//不要重复购买基金
		"errorType": 0,
		"errorTip": 1
	},
	"2005": {
		"id": 2005,
		"msg": {"l10n":"-styfwv"},//充值达到上限
		"errorType": 0,
		"errorTip": 1
	},
	"2006": {
		"id": 2006,
		"msg": {"l10n":"1e1qqq"},//已购买过高级战令
		"errorType": 0,
		"errorTip": 1
	},
	"2007": {
		"id": 2007,
		"msg": {"l10n":"khetq3"},//充值异常
		"errorType": 0,
		"errorTip": 1
	},
	"2008": {
		"id": 2008,
		"msg": {"l10n":"a1wfml"},//月卡已过期
		"errorType": 0,
		"errorTip": 1
	},
	"2009": {
		"id": 2009,
		"msg": {"l10n":"jzspv5"},//礼包不存在
		"errorType": 0,
		"errorTip": 1
	},
	"2010": {
		"id": 2010,
		"msg": {"l10n":"8ri5wx"},//礼包已过期
		"errorType": 0,
		"errorTip": 1
	},
	"3001": {
		"id": 3001,
		"msg": {"l10n":"jkj45s"},//活动已结束
		"errorType": 0,
		"errorTip": 1
	},
	"3002": {
		"id": 3002,
		"msg": {"l10n":"-s8sw2w"},//次数不足
		"errorType": 0,
		"errorTip": 1
	},
	"3003": {
		"id": 3003,
		"msg": {"l10n":"-keio27"},//活动暂未开启
		"errorType": 0,
		"errorTip": 1
	},
	"3004": {
		"id": 3004,
		"msg": {"l10n":"-hu98rg"},//奖励已领取
		"errorType": 0,
		"errorTip": 1
	},
	"3010": {
		"id": 3010,
		"msg": {"l10n":"-8aycg7"},//尚未到达领奖时间
		"errorType": 0,
		"errorTip": 1
	},
	"3011": {
		"id": 3011,
		"msg": {"l10n":"84yxti"},//活动条件不符合
		"errorType": 0,
		"errorTip": 1
	},
	"3013": {
		"id": 3013,
		"msg": {"l10n":"nw7oea"},//活动不存在
		"errorType": 0,
		"errorTip": 1
	},
	"3018": {
		"id": 3018,
		"msg": {"l10n":"s395oe"},//不满足领取条件
		"errorType": 0,
		"errorTip": 1
	},
	"3019": {
		"id": 3019,
		"msg": {"l10n":"-27w2uv"},//道具已购买
		"errorType": 0,
		"errorTip": 1
	},
	"3020": {
		"id": 3020,
		"msg": {"l10n":"-jj599f"},//未达到解锁条件
		"errorType": 0,
		"errorTip": 1
	},
	"6001": {
		"id": 6001,
		"msg": {"l10n":"6kbezg"},//已经膜拜
		"errorType": 0,
		"errorTip": 1
	},
	"6002": {
		"id": 6002,
		"msg": {"l10n":"-wpmfvs"},//没有玩家上榜，无法膜拜
		"errorType": 0,
		"errorTip": 1
	},
	"6003": {
		"id": 6003,
		"msg": {"l10n":"-oxm8mh"},//该排行榜不存在
		"errorType": 0,
		"errorTip": 1
	},
	"8001": {
		"id": 8001,
		"msg": {"l10n":"-scevng"},//玩家等级不足！
		"errorType": 0,
		"errorTip": 1
	},
	"8002": {
		"id": 8002,
		"msg": {"l10n":"-tq12y1"},//该物品无法使用！
		"errorType": 0,
		"errorTip": 1
	},
	"8004": {
		"id": 8004,
		"msg": {"l10n":"-m4fjjz"},//超出最大使用数量限制！
		"errorType": 0,
		"errorTip": 1
	},
	"8005": {
		"id": 8005,
		"msg": {"l10n":"wwp8fs"},//未实现的道具类型！
		"errorType": 0,
		"errorTip": 1
	},
	"8006": {
		"id": 8006,
		"msg": {"l10n":"x1rww7"},//超出拥有数量限制！
		"errorType": 0,
		"errorTip": 1
	},
	"8007": {
		"id": 8007,
		"msg": {"l10n":"uxodg2"},//未拥有该物品！
		"errorType": 0,
		"errorTip": 1
	},
	"9001": {
		"id": 9001,
		"msg": {"l10n":"3jtfzl"},//无购买次数
		"errorType": 0,
		"errorTip": 1
	},
	"9002": {
		"id": 9002,
		"msg": {"l10n":"jw7r18"},//等级不满足，无法购买
		"errorType": 0,
		"errorTip": 1
	},
	"9003": {
		"id": 9003,
		"msg": {"l10n":"-qikpzp"},//购买的商品不存在
		"errorType": 0,
		"errorTip": 1
	},
	"9004": {
		"id": 9004,
		"msg": {"l10n":"hng376"},//暂无该商店
		"errorType": 0,
		"errorTip": 1
	},
	"9005": {
		"id": 9005,
		"msg": {"l10n":"jbdzay"},//商品异常
		"errorType": 0,
		"errorTip": 1
	},
	"9006": {
		"id": 9006,
		"msg": {"l10n":"-5a4jdx"},//商店不能刷新
		"errorType": 0,
		"errorTip": 1
	},
	"9007": {
		"id": 9007,
		"msg": {"l10n":"-lhdw4z"},//商店无刷新次数
		"errorType": 0,
		"errorTip": 1
	},
	"9008": {
		"id": 9008,
		"msg": {"l10n":"-9jennu"},//商店暂未解锁
		"errorType": 0,
		"errorTip": 1
	},
	"11001": {
		"id": 11001,
		"msg": {"l10n":"n0at5s"},//成就任务全部完成
		"errorType": 0,
		"errorTip": 1
	},
	"11002": {
		"id": 11002,
		"msg": {"l10n":"kdepdd"},//不满足领取成就奖励条件
		"errorType": 0,
		"errorTip": 1
	},
	"11003": {
		"id": 11003,
		"msg": {"l10n":"nv0y1u"},//资历点不足
		"errorType": 0,
		"errorTip": 1
	},
	"11004": {
		"id": 11004,
		"msg": {"l10n":"-a2ydg1"},//重复领奖
		"errorType": 0,
		"errorTip": 1
	},
	"11005": {
		"id": 11005,
		"msg": {"l10n":"fazs1v"},//标签不存在
		"errorType": 0,
		"errorTip": 1
	},
	"11006": {
		"id": 11006,
		"msg": {"l10n":"-73jsbo"},//标签栏位不足
		"errorType": 0,
		"errorTip": 1
	},
	"12001": {
		"id": 12001,
		"msg": {"l10n":"-gr40hj"},//不匹配当前任务
		"errorType": 0,
		"errorTip": 1
	},
	"12002": {
		"id": 12002,
		"msg": {"l10n":"y5klk8"},//不满足领取奖励条件
		"errorType": 0,
		"errorTip": 1
	},
	"12003": {
		"id": 12003,
		"msg": {"l10n":"9zdv1l"},//任务未完成
		"errorType": 0,
		"errorTip": 1
	},
	"12004": {
		"id": 12004,
		"msg": {"l10n":"1mqd0q"},//已领奖
		"errorType": 0,
		"errorTip": 1
	},
	"12005": {
		"id": 12005,
		"msg": {"l10n":"-yuuhvv"},//活跃度不足
		"errorType": 0,
		"errorTip": 1
	},
	"12006": {
		"id": 12006,
		"msg": {"l10n":"yooq37"},//未解锁任务
		"errorType": 0,
		"errorTip": 1
	},
	"12007": {
		"id": 12007,
		"msg": {"l10n":"gc7c3j"},//任务配置索引异常
		"errorType": 0,
		"errorTip": 1
	},
	"12008": {
		"id": 12008,
		"msg": {"l10n":"n3a7u0"},//不存在的任务类型
		"errorType": 0,
		"errorTip": 1
	},
	"13001": {
		"id": 13001,
		"msg": {"l10n":"og6g5n"},//已签到领奖
		"errorType": 0,
		"errorTip": 1
	},
	"14001": {
		"id": 14001,
		"msg": {"l10n":"-b7wubu"},//兑换码无效
		"errorType": 0,
		"errorTip": 1
	},
	"14002": {
		"id": 14002,
		"msg": {"l10n":"zeshzn"},//兑换码总量已经全部发完
		"errorType": 0,
		"errorTip": 1
	},
	"14003": {
		"id": 14003,
		"msg": {"l10n":"74896x"},//兑换码格式不正确
		"errorType": 0,
		"errorTip": 1
	},
	"14004": {
		"id": 14004,
		"msg": {"l10n":"-sx1sl8"},//已经领取完了兑换码奖励
		"errorType": 0,
		"errorTip": 1
	},
	"14005": {
		"id": 14005,
		"msg": {"l10n":"qbj0qz"},//兑换码已经被使用
		"errorType": 0,
		"errorTip": 1
	},
	"14006": {
		"id": 14006,
		"msg": {"l10n":"-boke9j"},//兑换码没有奖励配置
		"errorType": 0,
		"errorTip": 1
	},
	"14007": {
		"id": 14007,
		"msg": {"l10n":"-7y9jjv"},//兑换码暂未开启
		"errorType": 0,
		"errorTip": 1
	},
	"14008": {
		"id": 14008,
		"msg": {"l10n":"28vwhc"},//兑换码验证异常
		"errorType": 0,
		"errorTip": 1
	},
	"14009": {
		"id": 14009,
		"msg": {"l10n":"-rjshc2"},//点击兑换太快了
		"errorType": 0,
		"errorTip": 1
	},
	"14010": {
		"id": 14010,
		"msg": {"l10n":"29smb9"},//兑换码已过期
		"errorType": 0,
		"errorTip": 1
	},
	"15001": {
		"id": 15001,
		"msg": {"l10n":"h7fho3"},//山头未解锁
		"errorType": 0,
		"errorTip": 1
	},
	"15002": {
		"id": 15002,
		"msg": {"l10n":"3db5xp"},//山头不存在
		"errorType": 0,
		"errorTip": 1
	},
	"15003": {
		"id": 15003,
		"msg": {"l10n":"-stdcxi"},//山头名字需小于6个字
		"errorType": 0,
		"errorTip": 1
	},
	"15004": {
		"id": 15004,
		"msg": {"l10n":"8ssnxv"},//山头宣言需小于50个字
		"errorType": 0,
		"errorTip": 1
	},
	"15005": {
		"id": 15005,
		"msg": {"l10n":"-srxafm"},//山头公告需小于50个字
		"errorType": 0,
		"errorTip": 1
	},
	"15006": {
		"id": 15006,
		"msg": {"l10n":"-iigzas"},//盟主联系方式需小于10个字
		"errorType": 0,
		"errorTip": 1
	},
	"15007": {
		"id": 15007,
		"msg": {"l10n":"cbffns"},//山头未获取该头像
		"errorType": 0,
		"errorTip": 1
	},
	"15008": {
		"id": 15008,
		"msg": {"l10n":"19fhmh"},//没有可以随机加入的山头
		"errorType": 0,
		"errorTip": 1
	},
	"15009": {
		"id": 15009,
		"msg": {"l10n":"6hnr4i"},//该玩家已经加入山头
		"errorType": 0,
		"errorTip": 1
	},
	"15011": {
		"id": 15011,
		"msg": {"l10n":"fxurct"},//您暂未加入山头
		"errorType": 0,
		"errorTip": 1
	},
	"15012": {
		"id": 15012,
		"msg": {"l10n":"-so2ah3"},//此玩家没有申请
		"errorType": 0,
		"errorTip": 1
	},
	"15014": {
		"id": 15014,
		"msg": {"l10n":"mu7gga"},//已加入过山头
		"errorType": 0,
		"errorTip": 1
	},
	"15015": {
		"id": 15015,
		"msg": {"l10n":"-x5c7ao"},//山头名称已被占用
		"errorType": 0,
		"errorTip": 1
	},
	"15016": {
		"id": 15016,
		"msg": {"l10n":"5n935w"},//退盟冷却期间无法加入山头
		"errorType": 0,
		"errorTip": 1
	},
	"15017": {
		"id": 15017,
		"msg": {"l10n":"-fk9ncc"},//山头成员已满
		"errorType": 0,
		"errorTip": 1
	},
	"15018": {
		"id": 15018,
		"msg": {"l10n":"6ka1a"},//山头暂未开放加入
		"errorType": 0,
		"errorTip": 1
	},
	"15019": {
		"id": 15019,
		"msg": {"l10n":"b9ztgd"},//您已申请过啦，请勿重复申请
		"errorType": 0,
		"errorTip": 1
	},
	"15020": {
		"id": 15020,
		"msg": {"l10n":"-8y3gaq"},//申请数量已达上限
		"errorType": 0,
		"errorTip": 1
	},
	"15021": {
		"id": 15021,
		"msg": {"l10n":"gbtuew"},//暂未拥有该权限哦~
		"errorType": 0,
		"errorTip": 1
	},
	"15022": {
		"id": 15022,
		"msg": {"l10n":"1qsnn7"},//山头职务数量已达上限
		"errorType": 0,
		"errorTip": 1
	},
	"15023": {
		"id": 15023,
		"msg": {"l10n":"-xi8kk7"},//尚未加入山头
		"errorType": 0,
		"errorTip": 1
	},
	"15024": {
		"id": 15024,
		"msg": {"l10n":"7ofvfm"},//山头内还有其他成员
		"errorType": 0,
		"errorTip": 1
	},
	"15033": {
		"id": 15033,
		"msg": {"l10n":"-83d0q4"},//该玩家加入山头不足24小时，无法转让
		"errorType": 0,
		"errorTip": 1
	},
	"15034": {
		"id": 15034,
		"msg": {"l10n":"-2kjeg4"},//盟主正在转让中
		"errorType": 0,
		"errorTip": 1
	},
	"15035": {
		"id": 15035,
		"msg": {"l10n":"14nrcy"},//您暂未申请该山头
		"errorType": 0,
		"errorTip": 1
	},
	"15036": {
		"id": 15036,
		"msg": {"l10n":"f3o9m8"},//当前未在转让中
		"errorType": 0,
		"errorTip": 1
	},
	"15037": {
		"id": 15037,
		"msg": {"l10n":"-tehp21"},//当前官品等级不足
		"errorType": 0,
		"errorTip": 1
	},
	"15038": {
		"id": 15038,
		"msg": {"l10n":"y75e2o"},//标题过长
		"errorType": 0,
		"errorTip": 1
	},
	"15039": {
		"id": 15039,
		"msg": {"l10n":"goknia"},//内容过长
		"errorType": 0,
		"errorTip": 1
	},
	"15040": {
		"id": 15040,
		"msg": {"l10n":"-3bmff"},//当前处于俘虏状态，无法操作
		"errorType": 0,
		"errorTip": 1
	},
	"15041": {
		"id": 15041,
		"msg": {"l10n":"-rsfplg"},//当前处于俘虏状态
		"errorType": 0,
		"errorTip": 1
	},
	"15042": {
		"id": 15042,
		"msg": {"l10n":"-31guv9"},//玩家已被邀请过，请勿重复邀请
		"errorType": 0,
		"errorTip": 1
	},
	"15043": {
		"id": 15043,
		"msg": {"l10n":"-tyed6h"},//您未被邀请加入
		"errorType": 0,
		"errorTip": 1
	},
	"15044": {
		"id": 15044,
		"msg": {"l10n":"mx8ion"},//建设已达上限
		"errorType": 0,
		"errorTip": 1
	},
	"15055": {
		"id": 15055,
		"msg": {"l10n":"-gdsp5o"},//分组不存在
		"errorType": 0,
		"errorTip": 1
	},
	"15056": {
		"id": 15056,
		"msg": {"l10n":"-90csnh"},//拥有职位，请先罢免
		"errorType": 0,
		"errorTip": 1
	},
	"15057": {
		"id": 15057,
		"msg": {"l10n":"c3bavf"},//职位未满足要求
		"errorType": 0,
		"errorTip": 1
	},
	"15058": {
		"id": 15058,
		"msg": {"l10n":"-fofz4o"},//今日可捐贡金超出上限
		"errorType": 0,
		"errorTip": 1
	},
	"15059": {
		"id": 15059,
		"msg": {"l10n":"-1mgx4u"},//该成员职位已变更
		"errorType": 0,
		"errorTip": 1
	},
	"15060": {
		"id": 15060,
		"msg": {"l10n":"-v851zv"},//未达开启时间
		"errorType": 0,
		"errorTip": 1
	},
	"15061": {
		"id": 15061,
		"msg": {"l10n":"510mtg"},//山头等级不足
		"errorType": 0,
		"errorTip": 1
	},
	"15062": {
		"id": 15062,
		"msg": {"l10n":"e9z9eo"},//副本已开启，请勿重复操作
		"errorType": 0,
		"errorTip": 1
	},
	"15063": {
		"id": 15063,
		"msg": {"l10n":"-ynt0lf"},//门客已出战
		"errorType": 0,
		"errorTip": 1
	},
	"15064": {
		"id": 15064,
		"msg": {"l10n":"-vl0fq8"},//boss已阵亡
		"errorType": 0,
		"errorTip": 1
	},
	"15065": {
		"id": 15065,
		"msg": {"l10n":"vd389a"},//副本未开启
		"errorType": 0,
		"errorTip": 1
	},
	"15066": {
		"id": 15066,
		"msg": {"l10n":"-buxhx1"},//修改昵称超过上限
		"errorType": 0,
		"errorTip": 1
	},
	"15067": {
		"id": 15067,
		"msg": {"l10n":"-ucr4j3"},//昵称已发布
		"errorType": 0,
		"errorTip": 1
	},
	"15068": {
		"id": 15068,
		"msg": {"l10n":"lbvdsr"},//该山头已解散
		"errorType": 0,
		"errorTip": 1
	},
	"15069": {
		"id": 15069,
		"msg": {"l10n":"nnq2rd"},//建设冷却中
		"errorType": 0,
		"errorTip": 1
	},
	"15070": {
		"id": 15070,
		"msg": {"l10n":"-aulxyq"},//无法邀请非本州玩家
		"errorType": 0,
		"errorTip": 1
	},
	"15071": {
		"id": 15071,
		"msg": {"l10n":"-jnpnx4"},//对方结盟已达上限
		"errorType": 0,
		"errorTip": 1
	},
	"15072": {
		"id": 15072,
		"msg": {"l10n":"4p404f"},//退盟冷却期间无法创建山头
		"errorType": 0,
		"errorTip": 1
	},
	"15073": {
		"id": 15073,
		"msg": {"l10n":"-bkihon"},//对方尚未解锁山头
		"errorType": 0,
		"errorTip": 1
	},
	"15074": {
		"id": 15074,
		"msg": {"l10n":"4io1lp"},//分组数量已达上限
		"errorType": 0,
		"errorTip": 1
	},
	"15075": {
		"id": 15075,
		"msg": {"l10n":"et7nhe"},//山头标记已达上限
		"errorType": 0,
		"errorTip": 1
	},
	"15076": {
		"id": 15076,
		"msg": {"l10n":"12vh8r"},//当前分组已被指派攻城计划，无法解散
		"errorType": 0,
		"errorTip": 1
	},
	"15077": {
		"id": 15077,
		"msg": {"l10n":"-m5r8z6"},//山头历练未开始
		"errorType": 0,
		"errorTip": 1
	},
	"15078": {
		"id": 15078,
		"msg": {"l10n":"njsti0"},//法阵未解锁
		"errorType": 0,
		"errorTip": 1
	},
	"15079": {
		"id": 15079,
		"msg": {"l10n":"o7rel6"},//法阵已满级
		"errorType": 0,
		"errorTip": 1
	},
	"15080": {
		"id": 15080,
		"msg": {"l10n":"-gdical"},//妖丹不足
		"errorType": 0,
		"errorTip": 1
	},
	"16001": {
		"id": 16001,
		"msg": {"l10n":"-6y7lr4"},//消息为空
		"errorType": 0,
		"errorTip": 1
	},
	"16002": {
		"id": 16002,
		"msg": {"l10n":"a6gvqc"},//聊天被禁止
		"errorType": 0,
		"errorTip": 1
	},
	"16003": {
		"id": 16003,
		"msg": {"l10n":"6w8r06"},//每10秒只能发言一次
		"errorType": 0,
		"errorTip": 1
	},
	"16004": {
		"id": 16004,
		"msg": {"l10n":"wtlrxq"},//京城聊天未解锁，请先完成历练
		"errorType": 0,
		"errorTip": 1
	},
	"16005": {
		"id": 16005,
		"msg": {"l10n":"epksjy"},//聊天分享类型错误
		"errorType": 0,
		"errorTip": 1
	},
	"16006": {
		"id": 16006,
		"msg": {"l10n":"-cl6h7l"},//聊天类型错误
		"errorType": 0,
		"errorTip": 1
	},
	"16007": {
		"id": 16007,
		"msg": {"l10n":"-wsd71k"},//每五分钟只能分享一次
		"errorType": 0,
		"errorTip": 1
	},
	"16008": {
		"id": 16008,
		"msg": {"l10n":"uvbc6z"},//聊天功能未解锁
		"errorType": 0,
		"errorTip": 1
	},
	"16009": {
		"id": 16009,
		"msg": {"l10n":"-ispaw7"},//不能和自己聊天
		"errorType": 0,
		"errorTip": 1
	},
	"16010": {
		"id": 16010,
		"msg": {"l10n":"-st9e8l"},//分享次数不足
		"errorType": 0,
		"errorTip": 1
	},
	"16011": {
		"id": 16011,
		"msg": {"l10n":"-23kk8k"},//对方还未回复，请耐心等待一下
		"errorType": 0,
		"errorTip": 1
	},
	"16012": {
		"id": 16012,
		"msg": {"l10n":"26han7"},//不要@自己
		"errorType": 0,
		"errorTip": 1
	},
	"17010": {
		"id": 17010,
		"msg": {"l10n":"-f7u6eb"},//功法已满级
		"errorType": 0,
		"errorTip": 1
	},
	"17011": {
		"id": 17011,
		"msg": {"l10n":"-nvaeak"},//功法等级不足
		"errorType": 0,
		"errorTip": 1
	},
	"17012": {
		"id": 17012,
		"msg": {"l10n":"-7hs1aj"},//妖术已满级
		"errorType": 0,
		"errorTip": 1
	},
	"17013": {
		"id": 17013,
		"msg": {"l10n":"-wlt1tj"},//妖术无需重置
		"errorType": 0,
		"errorTip": 1
	},
	"17014": {
		"id": 17014,
		"msg": {"l10n":"8dx4ps"},//突破条件不满足
		"errorType": 0,
		"errorTip": 1
	},
	"17015": {
		"id": 17015,
		"msg": {"l10n":"w04juf"},//境界等级不足
		"errorType": 0,
		"errorTip": 1
	},
	"17016": {
		"id": 17016,
		"msg": {"l10n":"32h4gl"},//功法技能未解锁
		"errorType": 0,
		"errorTip": 1
	},
	"18001": {
		"id": 18001,
		"msg": {"l10n":"jo15hi"},//未拥有该奇珍
		"errorType": 0,
		"errorTip": 1
	},
	"18002": {
		"id": 18002,
		"msg": {"l10n":"-davx55"},//所选升级材料品质不同
		"errorType": 0,
		"errorTip": 1
	},
	"18003": {
		"id": 18003,
		"msg": {"l10n":"bdr8go"},//所选升级材料数量错误
		"errorType": 0,
		"errorTip": 1
	},
	"18004": {
		"id": 18004,
		"msg": {"l10n":"nmbj0o"},//奇珍已满级
		"errorType": 0,
		"errorTip": 1
	},
	"18005": {
		"id": 18005,
		"msg": {"l10n":"pxkwq4"},//玩家等级不足
		"errorType": 0,
		"errorTip": 1
	},
	"19001": {
		"id": 19001,
		"msg": {"l10n":"56qudp"},//属性不存在
		"errorType": 0,
		"errorTip": 1
	},
	"20001": {
		"id": 20001,
		"msg": {"l10n":"hkaivz"},//未拥有该神符
		"errorType": 0,
		"errorTip": 1
	},
	"21004": {
		"id": 21004,
		"msg": {"l10n":"wzysup"},//法宝已满级
		"errorType": 0,
		"errorTip": 1
	},
	"21005": {
		"id": 21005,
		"msg": {"l10n":"-p66bid"},//坑位未开启
		"errorType": 0,
		"errorTip": 1
	},
	"21006": {
		"id": 21006,
		"msg": {"l10n":"rw4yzj"},//未拥有该神器
		"errorType": 0,
		"errorTip": 1
	},
	"22001": {
		"id": 22001,
		"msg": {"l10n":"je1lji"},//练功房刷新怪物异常
		"errorType": 0,
		"errorTip": 1
	},
	"22002": {
		"id": 22002,
		"msg": {"l10n":"-53b80l"},//快速挂机次数不够
		"errorType": 0,
		"errorTip": 1
	},
	"22003": {
		"id": 22003,
		"msg": {"l10n":"ino4p9"},//玩家等级限制，请先提升玩家等级
		"errorType": 0,
		"errorTip": 1
	},
	"22004": {
		"id": 22004,
		"msg": {"l10n":"ghw3dx"},//领取时间不对
		"errorType": 0,
		"errorTip": 1
	},
	"22005": {
		"id": 22005,
		"msg": {"l10n":"-qdusgn"},//当前精力已达上限，无法领取
		"errorType": 0,
		"errorTip": 1
	},
	"22006": {
		"id": 22006,
		"msg": {"l10n":"xu9tf9"},//当前boss关卡已通过
		"errorType": 0,
		"errorTip": 1
	},
	"22007": {
		"id": 22007,
		"msg": {"l10n":"7rzs69"},//未达到挑战boss条件
		"errorType": 0,
		"errorTip": 1
	},
	"231001": {
		"id": 231001,
		"msg": {"l10n":"nccv1h"},//该玩家没上榜
		"errorType": 0,
		"errorTip": 1
	},
	"231002": {
		"id": 231002,
		"msg": {"l10n":"tst8cc"},//您已经给该玩家点过赞了
		"errorType": 0,
		"errorTip": 1
	},
	"231003": {
		"id": 231003,
		"msg": {"l10n":"-ckbfc"},//该榜单不能被点赞
		"errorType": 0,
		"errorTip": 1
	},
	"33001": {
		"id": 33001,
		"msg": {"l10n":"tz6wz7"},//该时段不可使用该道具
		"errorType": 0,
		"errorTip": 1
	},
	"36001": {
		"id": 36001,
		"msg": {"l10n":"-thf51i"},//跨服尚未开启
		"errorType": 0,
		"errorTip": 1
	},
	"137001": {
		"id": 137001,
		"msg": {"l10n":"2nw8vi"},//对方已是好友
		"errorType": 0,
		"errorTip": 1
	},
	"137002": {
		"id": 137002,
		"msg": {"l10n":"-s7eao9"},//对方不是好友
		"errorType": 0,
		"errorTip": 1
	},
	"137003": {
		"id": 137003,
		"msg": {"l10n":"14nied"},//未申请添加对方为好友
		"errorType": 0,
		"errorTip": 1
	},
	"137004": {
		"id": 137004,
		"msg": {"l10n":"1l9na5"},//已申请添加对方为好友
		"errorType": 0,
		"errorTip": 1
	},
	"137005": {
		"id": 137005,
		"msg": {"l10n":"hpje5k"},//对方不在黑名单中
		"errorType": 0,
		"errorTip": 1
	},
	"137006": {
		"id": 137006,
		"msg": {"l10n":"-d2ycg3"},//对方已在黑名单中
		"errorType": 0,
		"errorTip": 1
	},
	"137007": {
		"id": 137007,
		"msg": {"l10n":"-ghkk68"},//已被对方拉入黑名单
		"errorType": 0,
		"errorTip": 1
	},
	"137008": {
		"id": 137008,
		"msg": {"l10n":"cmjes"},//不能添加自己为好友
		"errorType": 0,
		"errorTip": 1
	},
	"137009": {
		"id": 137009,
		"msg": {"l10n":"qxjtj6"},//对方不存在
		"errorType": 0,
		"errorTip": 1
	},
	"137010": {
		"id": 137010,
		"msg": {"l10n":"-e5z8k4"},//对方不在陌生人列表中
		"errorType": 0,
		"errorTip": 1
	},
	"137011": {
		"id": 137011,
		"msg": {"l10n":"colm9i"},//好友名单已满
		"errorType": 0,
		"errorTip": 1
	},
	"137012": {
		"id": 137012,
		"msg": {"l10n":"-bguxmp"},//好友名单已满，无法同意
		"errorType": 0,
		"errorTip": 1
	},
	"137013": {
		"id": 137013,
		"msg": {"l10n":"jrdzpl"},//对方好友名单已满
		"errorType": 0,
		"errorTip": 1
	},
	"137014": {
		"id": 137014,
		"msg": {"l10n":"vaps1m"},//对方好友名单已满，无法同意
		"errorType": 0,
		"errorTip": 1
	},
	"137015": {
		"id": 137015,
		"msg": {"l10n":"-lj06gj"},//黑名单已满
		"errorType": 0,
		"errorTip": 1
	},
	"137016": {
		"id": 137016,
		"msg": {"l10n":"-mts6yb"},//未解锁书信功能
		"errorType": 0,
		"errorTip": 1
	},
	"137017": {
		"id": 137017,
		"msg": {"l10n":"1ek4be"},//对方未解锁书信功能
		"errorType": 0,
		"errorTip": 1
	},
	"137018": {
		"id": 137018,
		"msg": {"l10n":"-r0moag"},//对方好友申请已满，无法申请
		"errorType": 0,
		"errorTip": 1
	},
	"137019": {
		"id": 137019,
		"msg": {"l10n":"26gcfh"},//超过陌生人聊天的人数上限
		"errorType": 0,
		"errorTip": 1
	},
	"150001": {
		"id": 150001,
		"msg": {"l10n":"ddoh6d"},//无奖励
		"errorType": 0,
		"errorTip": 1
	},
	"150002": {
		"id": 150002,
		"msg": {"l10n":"-k3ed33"},//邮件奖励已领取
		"errorType": 0,
		"errorTip": 1
	},
	"150003": {
		"id": 150003,
		"msg": {"l10n":"-eysdog"},//邮件已过期
		"errorType": 0,
		"errorTip": 1
	},
	"160001": {
		"id": 160001,
		"msg": {"l10n":"l775l3"},//找不到场景行为执行
		"errorType": 1,
		"errorTip": 1
	},
	"160002": {
		"id": 160002,
		"msg": {"l10n":"3lkz6y"},//找不到场景
		"errorType": 1,
		"errorTip": 1
	},
	"160003": {
		"id": 160003,
		"msg": {"l10n":"-mpe8qk"},//使用道具CD中
		"errorType": 0,
		"errorTip": 1
	},
	"160004": {
		"id": 160004,
		"msg": {"l10n":"8jfqns"},//不满足进入场景条件
		"errorType": 1,
		"errorTip": 1
	},
	"160005": {
		"id": 160005,
		"msg": {"l10n":"aunjrx"},//进入场景cd中
		"errorType": 1,
		"errorTip": 1
	},
	"160006": {
		"id": 160006,
		"msg": {"l10n":"-tv4y68"},//等级不足
		"errorType": 1,
		"errorTip": 1
	},
	"160007": {
		"id": 160007,
		"msg": {"l10n":"g3rw2g"},//你已在当前场景中
		"errorType": 1,
		"errorTip": 1
	},
	"160008": {
		"id": 160008,
		"msg": {"l10n":"-gwk3o6"},//已屏蔽过该玩家
		"errorType": 0,
		"errorTip": 1
	},
	"160009": {
		"id": 160009,
		"msg": {"l10n":"-ojka16"},//场景人数已满
		"errorType": 1,
		"errorTip": 1
	},
	"160010": {
		"id": 160010,
		"msg": {"l10n":"txuwuw"},//不能邀请同场景内的玩家
		"errorType": 0,
		"errorTip": 1
	},
	"160011": {
		"id": 160011,
		"msg": {"l10n":"t05i8u"},//当前系统不支持邀请
		"errorType": 0,
		"errorTip": 1
	},
	"160012": {
		"id": 160012,
		"msg": {"l10n":"-vhjk2j"},//当前场景不分房间
		"errorType": 1,
		"errorTip": 1
	},
	"170001": {
		"id": 170001,
		"msg": {"l10n":"nb1hxy"},//该装备已穿戴
		"errorType": 0,
		"errorTip": 1
	},
	"170002": {
		"id": 170002,
		"msg": {"l10n":"4mjlkh"},//该位置装备未穿戴
		"errorType": 0,
		"errorTip": 1
	},
	"170003": {
		"id": 170003,
		"msg": {"l10n":"kfqe7e"},//该坑位已镶嵌宝石
		"errorType": 0,
		"errorTip": 1
	},
	"170004": {
		"id": 170004,
		"msg": {"l10n":"-kc47s3"},//坑位宝石未镶嵌无法镌刻
		"errorType": 0,
		"errorTip": 1
	},
	"170005": {
		"id": 170005,
		"msg": {"l10n":"x0fu3n"},//坑位宝石无法镌刻，配置问题或已达到最大
		"errorType": 0,
		"errorTip": 1
	},
	"170006": {
		"id": 170006,
		"msg": {"l10n":"-178fpn"},//该时装未获得
		"errorType": 0,
		"errorTip": 1
	},
	"170007": {
		"id": 170007,
		"msg": {"l10n":"eewngh"},//该坑位穿戴的装备等级限制
		"errorType": 0,
		"errorTip": 1
	},
	"170008": {
		"id": 170008,
		"msg": {"l10n":"w4065b"},//装备库数据异常
		"errorType": 0,
		"errorTip": 1
	},
	"170009": {
		"id": 170009,
		"msg": {"l10n":"lrcve9"},//该装备不存在
		"errorType": 0,
		"errorTip": 1
	},
	"170010": {
		"id": 170010,
		"msg": {"l10n":"brwmud"},//打造冷却中
		"errorType": 0,
		"errorTip": 1
	},
	"170011": {
		"id": 170011,
		"msg": {"l10n":"gdwxwk"},//装备背包已满
		"errorType": 0,
		"errorTip": 1
	},
	"170012": {
		"id": 170012,
		"msg": {"l10n":"-cxgmy0"},//该装备已被拆解
		"errorType": 0,
		"errorTip": 1
	},
	"170013": {
		"id": 170013,
		"msg": {"l10n":"-9pszyf"},//神装耐久不足，无法穿戴
		"errorType": 0,
		"errorTip": 1
	},
	"180001": {
		"id": 180001,
		"msg": {"l10n":"-l2ehlk"},//已达购买上限
		"errorType": 0,
		"errorTip": 1
	},
	"180002": {
		"id": 180002,
		"msg": {"l10n":"-jj599f"},//未达到解锁条件
		"errorType": 0,
		"errorTip": 1
	},
	"190001": {
		"id": 190001,
		"msg": {"l10n":"hba2n8"},//未到领奖时间
		"errorType": 0,
		"errorTip": 1
	},
	"190002": {
		"id": 190002,
		"msg": {"l10n":"ddoh6d"},//无奖励
		"errorType": 0,
		"errorTip": 1
	},
	"190003": {
		"id": 190003,
		"msg": {"l10n":"1mqd0q"},//已领奖
		"errorType": 0,
		"errorTip": 1
	},
	"190004": {
		"id": 190004,
		"msg": {"l10n":"adehfl"},//找不到匹配信息
		"errorType": 0,
		"errorTip": 1
	},
	"190005": {
		"id": 190005,
		"msg": {"l10n":"7yzvn3"},//挑战未开放
		"errorType": 0,
		"errorTip": 1
	},
	"190006": {
		"id": 190006,
		"msg": {"l10n":"t8kx8b"},//正在挑战中
		"errorType": 0,
		"errorTip": 1
	},
	"190007": {
		"id": 190007,
		"msg": {"l10n":"2it9p7"},//挑战次数不足
		"errorType": 0,
		"errorTip": 1
	},
	"190008": {
		"id": 190008,
		"msg": {"l10n":"tuey77"},//匹配cd中
		"errorType": 0,
		"errorTip": 1
	}
}