{
	//商店表.id 商店唯一 id
	//商店表.name 商店标题
	//商店表.enName 商店英文名,程序使用
	//商店表.icon 商店看板娘图片资源
	//商店表.unlockType 商店解锁方式(1解锁对应功能后解锁,value为功能id；-1默认解锁)
	//商店表.unlockValue 解锁参数
	//商店表.showNum 商店中可展示最大商品数量(-1则无限制)
	//商店表.autoRefresh 自动刷新商店展示物品(HH:MM:SS,HH:MM:SS,-1则不自动刷新)
	//商店表.manualRefresh 手动刷新商店内容
	//商店表.content 商店内容
	//manualRefresh.id 商店唯一id
	//manualRefresh.time 刷新第X次
	//manualRefresh.costItem 消耗道具(填物品id)
	//manualRefresh.costNum 消耗数量
	//content.id 商店唯一id
	//content.goodsId 商品唯一id
	//content.propId 购买获得的道具id
	//content.num 购买获得的数量
	//content.costId 售卖的道具id
	//content.costNum 售卖的道具数量
	//content.isWeight 是否采用权重随机，1代表使用，0代表不适用
	//content.weight 权重
	//content.unlockItemType 物品解锁类型，类型1是等级解锁，参数填等级值；类型2是山头等级解锁，参数填山头等级值
	//content.unlockItemValue 解锁参数值
	//content.buyLimitType 限购种类(1每日限购，2每周限购，3每月限购，4终生限购。-1则不限购)
	//content.buyLimitNum 限购次数(-1无限次)
	//content.increase 每次购买涨价的幅度，计算为售卖价值*涨价幅度，取下整，涨价幅度为万分比
	//content.discount 客户端折扣比例,填写实际折扣倍数(如7折填70；不打折填100，-1默认不打折)
	//"salt": "2981dcde45e2edb821eb8c735c902d02"
	"1": {
		"id": 1,
		"name": {"l10n":"-h9wnwh"},//仙晶坊
		"enName": "shop",
		"unlockType": -1,
		"unlockValue": 0,
		"showNum": -1,
		"manualRefresh": [

		],
		"content": {
			"1": {
				// 1阶狂化魂石
				"id": 1,
				"goodsId": 1,
				"propId": 10501,
				"num": 1,
				"costId": 1001,
				"costNum": 200,
				"isWeight": 0,
				"weight": 0,
				"unlockItemType": 1,
				"unlockItemValue": 1,
				"buyLimitType": 2,
				"buyLimitNum": -1,
				"increase": 0,
				"discount": -1
			},
			"2": {
				// 1阶坚毅魂石
				"id": 1,
				"goodsId": 2,
				"propId": 10601,
				"num": 1,
				"costId": 1001,
				"costNum": 200,
				"isWeight": 0,
				"weight": 0,
				"unlockItemType": 1,
				"unlockItemValue": 1,
				"buyLimitType": 2,
				"buyLimitNum": -1,
				"increase": 0,
				"discount": -1
			},
			"3": {
				// 1阶延寿魂石
				"id": 1,
				"goodsId": 3,
				"propId": 10701,
				"num": 1,
				"costId": 1001,
				"costNum": 200,
				"isWeight": 0,
				"weight": 0,
				"unlockItemType": 1,
				"unlockItemValue": 1,
				"buyLimitType": 2,
				"buyLimitNum": -1,
				"increase": 0,
				"discount": -1
			},
			"4": {
				// 引魂珠
				"id": 1,
				"goodsId": 4,
				"propId": 10204,
				"num": 1,
				"costId": 1001,
				"costNum": 200,
				"isWeight": 0,
				"weight": 0,
				"unlockItemType": 1,
				"unlockItemValue": 1,
				"buyLimitType": 2,
				"buyLimitNum": -1,
				"increase": 0,
				"discount": -1
			},
			"5": {
				// 妖血
				"id": 1,
				"goodsId": 5,
				"propId": 1006,
				"num": 1,
				"costId": 1001,
				"costNum": 200,
				"isWeight": 0,
				"weight": 0,
				"unlockItemType": 1,
				"unlockItemValue": 1,
				"buyLimitType": 2,
				"buyLimitNum": 100,
				"increase": 0,
				"discount": -1
			},
			"6": {
				// 精铁
				"id": 1,
				"goodsId": 6,
				"propId": 10203,
				"num": 5000,
				"costId": 1001,
				"costNum": 1000,
				"isWeight": 0,
				"weight": 0,
				"unlockItemType": 1,
				"unlockItemValue": 1,
				"buyLimitType": 2,
				"buyLimitNum": -1,
				"increase": 0,
				"discount": -1
			},
			"7": {
				// 清心丹
				"id": 1,
				"goodsId": 7,
				"propId": 10301,
				"num": 1,
				"costId": 1001,
				"costNum": 200,
				"isWeight": 0,
				"weight": 0,
				"unlockItemType": 1,
				"unlockItemValue": 1,
				"buyLimitType": 2,
				"buyLimitNum": 10,
				"increase": 0,
				"discount": -1
			},
			"8": {
				// 活血散
				"id": 1,
				"goodsId": 8,
				"propId": 10302,
				"num": 1,
				"costId": 1001,
				"costNum": 50,
				"isWeight": 0,
				"weight": 0,
				"unlockItemType": 1,
				"unlockItemValue": 1,
				"buyLimitType": 2,
				"buyLimitNum": -1,
				"increase": 0,
				"discount": -1
			},
			"9": {
				// 通脉散
				"id": 1,
				"goodsId": 9,
				"propId": 10303,
				"num": 1,
				"costId": 1001,
				"costNum": 100,
				"isWeight": 0,
				"weight": 0,
				"unlockItemType": 1,
				"unlockItemValue": 1,
				"buyLimitType": 2,
				"buyLimitNum": 60,
				"increase": 0,
				"discount": -1
			},
			"10": {
				// 还魂丹
				"id": 1,
				"goodsId": 10,
				"propId": 10304,
				"num": 1,
				"costId": 1001,
				"costNum": 200,
				"isWeight": 0,
				"weight": 0,
				"unlockItemType": 1,
				"unlockItemValue": 1,
				"buyLimitType": 2,
				"buyLimitNum": 10,
				"increase": 0,
				"discount": -1
			}
		}
	},
	"2": {
		"id": 2,
		"name": {"l10n":"9tmi7l"},//斗胜坊
		"enName": "shopCow",
		"unlockType": 1,
		"unlockValue": 15,
		"showNum": -1,
		"manualRefresh": [

		],
		"content": {
			"1": {
				// 妖丹
				"id": 2,
				"goodsId": 1,
				"propId": 10101,
				"num": 1,
				"costId": 10106,
				"costNum": 1000,
				"isWeight": 0,
				"weight": 0,
				"unlockItemType": 1,
				"unlockItemValue": 1,
				"buyLimitType": 2,
				"buyLimitNum": 1,
				"increase": 0,
				"discount": -1
			},
			"2": {
				// 供品随机箱(地)
				"id": 2,
				"goodsId": 2,
				"propId": 8013,
				"num": 1,
				"costId": 10106,
				"costNum": 700,
				"isWeight": 0,
				"weight": 0,
				"unlockItemType": 1,
				"unlockItemValue": 1,
				"buyLimitType": 2,
				"buyLimitNum": 3,
				"increase": 0,
				"discount": -1
			},
			"3": {
				// 供品随机箱(玄)
				"id": 2,
				"goodsId": 3,
				"propId": 8012,
				"num": 1,
				"costId": 10106,
				"costNum": 150,
				"isWeight": 0,
				"weight": 0,
				"unlockItemType": 1,
				"unlockItemValue": 1,
				"buyLimitType": 2,
				"buyLimitNum": 10,
				"increase": 0,
				"discount": -1
			},
			"4": {
				// 供品随机箱(黄)
				"id": 2,
				"goodsId": 4,
				"propId": 8011,
				"num": 1,
				"costId": 10106,
				"costNum": 40,
				"isWeight": 0,
				"weight": 0,
				"unlockItemType": 1,
				"unlockItemValue": 1,
				"buyLimitType": 2,
				"buyLimitNum": 20,
				"increase": 0,
				"discount": -1
			}
		}
	},
	"3": {
		"id": 3,
		"name": {"l10n":"-aem015"},//山头坊
		"enName": "shopGuild",
		"unlockType": 1,
		"unlockValue": 8,
		"showNum": -1,
		"manualRefresh": [

		],
		"content": {
			"1": {
				// 1阶狂化魂石
				"id": 3,
				"goodsId": 1,
				"propId": 10501,
				"num": 1,
				"costId": 1007,
				"costNum": 1200,
				"isWeight": 0,
				"weight": 0,
				"unlockItemType": 2,
				"unlockItemValue": 1,
				"buyLimitType": 2,
				"buyLimitNum": 5,
				"increase": 0,
				"discount": -1
			},
			"2": {
				// 1阶坚毅魂石
				"id": 3,
				"goodsId": 2,
				"propId": 10601,
				"num": 1,
				"costId": 1007,
				"costNum": 1200,
				"isWeight": 0,
				"weight": 0,
				"unlockItemType": 2,
				"unlockItemValue": 1,
				"buyLimitType": 2,
				"buyLimitNum": 5,
				"increase": 0,
				"discount": -1
			},
			"3": {
				// 1阶延寿魂石
				"id": 3,
				"goodsId": 3,
				"propId": 10701,
				"num": 1,
				"costId": 1007,
				"costNum": 1200,
				"isWeight": 0,
				"weight": 0,
				"unlockItemType": 2,
				"unlockItemValue": 1,
				"buyLimitType": 2,
				"buyLimitNum": 5,
				"increase": 0,
				"discount": -1
			},
			"4": {
				// 妖血
				"id": 3,
				"goodsId": 4,
				"propId": 1006,
				"num": 1,
				"costId": 1007,
				"costNum": 1200,
				"isWeight": 0,
				"weight": 0,
				"unlockItemType": 2,
				"unlockItemValue": 1,
				"buyLimitType": 2,
				"buyLimitNum": 10,
				"increase": 0,
				"discount": -1
			},
			"5": {
				// 引魂珠
				"id": 3,
				"goodsId": 5,
				"propId": 10204,
				"num": 1,
				"costId": 1007,
				"costNum": 1200,
				"isWeight": 0,
				"weight": 0,
				"unlockItemType": 2,
				"unlockItemValue": 1,
				"buyLimitType": 2,
				"buyLimitNum": 20,
				"increase": 0,
				"discount": -1
			}
		}
	},
	"4": {
		"id": 4,
		"name": {"l10n":"-j9yt74"},//馈礼坊
		"enName": "shopBack",
		"unlockType": -1,
		"unlockValue": 0,
		"showNum": -1,
		"manualRefresh": [

		],
		"content": {
			"1": {
				// 妖丹
				"id": 4,
				"goodsId": 1,
				"propId": 10101,
				"num": 1,
				"costId": 1018,
				"costNum": 100,
				"isWeight": 0,
				"weight": 0,
				"unlockItemType": 1,
				"unlockItemValue": 1,
				"buyLimitType": 2,
				"buyLimitNum": 1,
				"increase": 0,
				"discount": -1
			},
			"2": {
				// 历练令
				"id": 4,
				"goodsId": 2,
				"propId": 10103,
				"num": 1,
				"costId": 1018,
				"costNum": 30,
				"isWeight": 0,
				"weight": 0,
				"unlockItemType": 1,
				"unlockItemValue": 1,
				"buyLimitType": 2,
				"buyLimitNum": 1,
				"increase": 0,
				"discount": -1
			},
			"3": {
				// 张天师发饰
				"id": 4,
				"goodsId": 3,
				"propId": 341001,
				"num": 1,
				"costId": 1018,
				"costNum": 300,
				"isWeight": 0,
				"weight": 0,
				"unlockItemType": 1,
				"unlockItemValue": 1,
				"buyLimitType": 2,
				"buyLimitNum": 1,
				"increase": 0,
				"discount": -1
			},
			"4": {
				// 张天师发型
				"id": 4,
				"goodsId": 4,
				"propId": 351001,
				"num": 1,
				"costId": 1018,
				"costNum": 300,
				"isWeight": 0,
				"weight": 0,
				"unlockItemType": 1,
				"unlockItemValue": 1,
				"buyLimitType": 2,
				"buyLimitNum": 1,
				"increase": 0,
				"discount": -1
			},
			"5": {
				// 张天师五官
				"id": 4,
				"goodsId": 5,
				"propId": 361001,
				"num": 1,
				"costId": 1018,
				"costNum": 300,
				"isWeight": 0,
				"weight": 0,
				"unlockItemType": 1,
				"unlockItemValue": 1,
				"buyLimitType": 2,
				"buyLimitNum": 1,
				"increase": 0,
				"discount": -1
			},
			"6": {
				// 张天师脸饰
				"id": 4,
				"goodsId": 6,
				"propId": 371001,
				"num": 1,
				"costId": 1018,
				"costNum": 300,
				"isWeight": 0,
				"weight": 0,
				"unlockItemType": 1,
				"unlockItemValue": 1,
				"buyLimitType": 2,
				"buyLimitNum": 1,
				"increase": 0,
				"discount": -1
			},
			"7": {
				// 九堂供果
				"id": 4,
				"goodsId": 7,
				"propId": 204001,
				"num": 1,
				"costId": 1018,
				"costNum": 250,
				"isWeight": 0,
				"weight": 0,
				"unlockItemType": 1,
				"unlockItemValue": 1,
				"buyLimitType": 2,
				"buyLimitNum": 1,
				"increase": 0,
				"discount": -1
			},
			"8": {
				// 九堂黄纸
				"id": 4,
				"goodsId": 8,
				"propId": 204002,
				"num": 1,
				"costId": 1018,
				"costNum": 250,
				"isWeight": 0,
				"weight": 0,
				"unlockItemType": 1,
				"unlockItemValue": 1,
				"buyLimitType": 2,
				"buyLimitNum": 1,
				"increase": 0,
				"discount": -1
			},
			"9": {
				// 九堂花灯
				"id": 4,
				"goodsId": 9,
				"propId": 204003,
				"num": 1,
				"costId": 1018,
				"costNum": 250,
				"isWeight": 0,
				"weight": 0,
				"unlockItemType": 1,
				"unlockItemValue": 1,
				"buyLimitType": 2,
				"buyLimitNum": 1,
				"increase": 0,
				"discount": -1
			},
			"10": {
				// 炼虚尺
				"id": 4,
				"goodsId": 10,
				"propId": 10307,
				"num": 1,
				"costId": 1018,
				"costNum": 100,
				"isWeight": 0,
				"weight": 0,
				"unlockItemType": 1,
				"unlockItemValue": 1,
				"buyLimitType": 2,
				"buyLimitNum": 1,
				"increase": 0,
				"discount": -1
			},
			"11": {
				// 灵虚尺
				"id": 4,
				"goodsId": 11,
				"propId": 10308,
				"num": 1,
				"costId": 1018,
				"costNum": 100,
				"isWeight": 0,
				"weight": 0,
				"unlockItemType": 1,
				"unlockItemValue": 1,
				"buyLimitType": 2,
				"buyLimitNum": 1,
				"increase": 0,
				"discount": -1
			}
		}
	}
}