{
	//技能.id 技能ID
	//技能.name 技能名称
	//技能.desc 技能描述
	//技能.skillIcon 技能图标
	//技能.type 技能类型1、普攻技能（出手触发）2、大招技能（主动触发）3、第二技能(触发)4、第三技能(被动)5、功能性技能（按照类型埋点释放）boss技能类型201~203
	//技能.triggerType triggerType1、攻击前触发2、攻击后触发3、被攻击后触发 功能性类型101、(神佑效果)102、(审判效果)103、(免疫效果)104、(连击效果)105、(禁疗效果)106、(沉默效果)
	//技能.costType 技能消耗类型0.不消耗任何1.消耗法力条数2.消耗boss怒气值
	//技能.costNum 技能消耗数值对应数值，没有类型时填0
	//技能.cd 技能冷却时间，单位秒；普攻不需要填
	//技能.passiveTriggerType 被动触发类型1、血量低于X触发，参数填血量万分比
	//技能.passiveTriggerTypeValue 被动触发类型参数
	//技能.triggerNum 触发次数后执行效果
	//技能.maxNum 最大增益叠加层数
	//技能.duration 大招持续时间，单位秒
	//技能.maxEffect 大招身后特效
	//技能.effects 技能效果，调用技能效果表的id
	//"salt": "a297df7eceaef84376764e504f2ce7a1"
	"100101": {
		// 1001011
		"id": 100101,
		"name": {"l10n":"-554tkb"},//怪物普攻-木
		"type": 1,
		"triggerType": 0,
		"costType": 0,
		"costNum": 0,
		"cd": 0,
		"passiveTriggerType": 0,
		"passiveTriggerTypeValue": 0,
		"triggerNum": 0,
		"maxNum": 0,
		"duration": 0,
		"maxEffect": 0,
		"effects": [
			1001011
		]
	},
	"100102": {
		// 1001021
		"id": 100102,
		"name": {"l10n":"-r3lwob"},//怪物普攻-雷
		"type": 1,
		"triggerType": 0,
		"costType": 0,
		"costNum": 0,
		"cd": 0,
		"passiveTriggerType": 0,
		"passiveTriggerTypeValue": 0,
		"triggerNum": 0,
		"maxNum": 0,
		"duration": 0,
		"maxEffect": 0,
		"effects": [
			1001021
		]
	},
	"100103": {
		// 1001031
		"id": 100103,
		"name": {"l10n":"-qja2sr"},//怪物普攻-风
		"type": 1,
		"triggerType": 0,
		"costType": 0,
		"costNum": 0,
		"cd": 0,
		"passiveTriggerType": 0,
		"passiveTriggerTypeValue": 0,
		"triggerNum": 0,
		"maxNum": 0,
		"duration": 0,
		"maxEffect": 0,
		"effects": [
			1001031
		]
	},
	"100104": {
		// 1001041
		"id": 100104,
		"name": {"l10n":"-364bzf"},//怪物普攻-水
		"type": 1,
		"triggerType": 0,
		"costType": 0,
		"costNum": 0,
		"cd": 0,
		"passiveTriggerType": 0,
		"passiveTriggerTypeValue": 0,
		"triggerNum": 0,
		"maxNum": 0,
		"duration": 0,
		"maxEffect": 0,
		"effects": [
			1001041
		]
	},
	"100105": {
		// 1001051
		"id": 100105,
		"name": {"l10n":"-20pzfv"},//怪物普攻-火
		"type": 1,
		"triggerType": 0,
		"costType": 0,
		"costNum": 0,
		"cd": 0,
		"passiveTriggerType": 0,
		"passiveTriggerTypeValue": 0,
		"triggerNum": 0,
		"maxNum": 0,
		"duration": 0,
		"maxEffect": 0,
		"effects": [
			1001051
		]
	},
	"100106": {
		// 1001061
		"id": 100106,
		"name": {"l10n":"-9ivvl7"},//怪物普攻-土
		"type": 1,
		"triggerType": 0,
		"costType": 0,
		"costNum": 0,
		"cd": 0,
		"passiveTriggerType": 0,
		"passiveTriggerTypeValue": 0,
		"triggerNum": 0,
		"maxNum": 0,
		"duration": 0,
		"maxEffect": 0,
		"effects": [
			1001061
		]
	},
	"100201": {
		// 1002011
		"id": 100201,
		"name": {"l10n":"5y06t3"},//斩心魔弹道
		"type": 1,
		"triggerType": 0,
		"costType": 0,
		"costNum": 0,
		"cd": 0,
		"passiveTriggerType": 0,
		"passiveTriggerTypeValue": 0,
		"triggerNum": 0,
		"maxNum": 0,
		"duration": 0,
		"maxEffect": 0,
		"effects": [
			1002011
		]
	},
	"100301": {
		// 1003011
		"id": 100301,
		"name": {"l10n":"rfcyyn"},//东林院弹道
		"type": 1,
		"triggerType": 0,
		"costType": 0,
		"costNum": 0,
		"cd": 0,
		"passiveTriggerType": 0,
		"passiveTriggerTypeValue": 0,
		"triggerNum": 0,
		"maxNum": 0,
		"duration": 0,
		"maxEffect": 0,
		"effects": [
			1003011
		]
	},
	"100302": {
		// 1003021
		"id": 100302,
		"name": {"l10n":"-7bmkzk"},//两禅寺弹道
		"type": 1,
		"triggerType": 0,
		"costType": 0,
		"costNum": 0,
		"cd": 0,
		"passiveTriggerType": 0,
		"passiveTriggerTypeValue": 0,
		"triggerNum": 0,
		"maxNum": 0,
		"duration": 0,
		"maxEffect": 0,
		"effects": [
			1003021
		]
	},
	"100303": {
		// 1003031
		"id": 100303,
		"name": {"l10n":"rmbgn5"},//昆仑山弹道
		"type": 1,
		"triggerType": 0,
		"costType": 0,
		"costNum": 0,
		"cd": 0,
		"passiveTriggerType": 0,
		"passiveTriggerTypeValue": 0,
		"triggerNum": 0,
		"maxNum": 0,
		"duration": 0,
		"maxEffect": 0,
		"effects": [
			1003031
		]
	},
	"100401": {
		// 1004011
		"id": 100401,
		"name": {"l10n":"-f67i0n"},//夔牛弹道
		"type": 1,
		"triggerType": 0,
		"costType": 0,
		"costNum": 0,
		"cd": 0,
		"passiveTriggerType": 0,
		"passiveTriggerTypeValue": 0,
		"triggerNum": 0,
		"maxNum": 0,
		"duration": 0,
		"maxEffect": 0,
		"effects": [
			1004011
		]
	},
	"100501": {
		// 1005011
		"id": 100501,
		"name": {"l10n":"-c4zxjj"},//梼杌弹道
		"type": 1,
		"triggerType": 0,
		"costType": 0,
		"costNum": 0,
		"cd": 0,
		"passiveTriggerType": 0,
		"passiveTriggerTypeValue": 0,
		"triggerNum": 0,
		"maxNum": 0,
		"duration": 0,
		"maxEffect": 0,
		"effects": [
			1005011
		]
	},
	"100601": {
		// 1006011
		"id": 100601,
		"name": {"l10n":"-ziwvm"},//鸟人弹道
		"type": 1,
		"triggerType": 0,
		"costType": 0,
		"costNum": 0,
		"cd": 0,
		"passiveTriggerType": 0,
		"passiveTriggerTypeValue": 0,
		"triggerNum": 0,
		"maxNum": 0,
		"duration": 0,
		"maxEffect": 0,
		"effects": [
			1006011
		]
	},
	"101001": {
		// 1010011
		"id": 101001,
		"name": {"l10n":"-tpprpb"},//蟒天蛟普攻
		"type": 1,
		"triggerType": 0,
		"costType": 0,
		"costNum": 0,
		"cd": 0,
		"passiveTriggerType": 0,
		"passiveTriggerTypeValue": 0,
		"triggerNum": 0,
		"maxNum": 0,
		"duration": 0,
		"maxEffect": 0,
		"effects": [
			1010011
		]
	},
	"102001": {
		// 1020011
		"id": 102001,
		"name": {"l10n":"jq6cs9"},//青鸾鸟普攻
		"type": 1,
		"triggerType": 0,
		"costType": 0,
		"costNum": 0,
		"cd": 0,
		"passiveTriggerType": 0,
		"passiveTriggerTypeValue": 0,
		"triggerNum": 0,
		"maxNum": 0,
		"duration": 0,
		"maxEffect": 0,
		"effects": [
			1020011
		]
	},
	"103001": {
		// 1030011
		"id": 103001,
		"name": {"l10n":"1ukydb"},//九尾狐普攻
		"type": 1,
		"triggerType": 0,
		"costType": 0,
		"costNum": 0,
		"cd": 0,
		"passiveTriggerType": 0,
		"passiveTriggerTypeValue": 0,
		"triggerNum": 0,
		"maxNum": 0,
		"duration": 0,
		"maxEffect": 0,
		"effects": [
			1030011
		]
	},
	"201001": {
		// 2010011
		"id": 201001,
		"name": {"l10n":"22zpn0"},//毒牙噬灭
		"desc": {"l10n":"-hzowxz"},//毒牙噬灭(1级)
		"skillIcon": "icon_sorcery_1_1",
		"type": 2,
		"triggerType": 0,
		"costType": 1,
		"costNum": 1,
		"cd": 0,
		"passiveTriggerType": 0,
		"passiveTriggerTypeValue": 0,
		"triggerNum": 0,
		"maxNum": 0,
		"duration": 10,
		"maxEffect": 10000,
		"effects": [
			2010011,
			2010012
		]
	},
	"201002": {
		// 2010021
		"id": 201002,
		"name": {"l10n":"22zpn0"},//毒牙噬灭
		"desc": {"l10n":"-hzt4nb"},//毒牙噬灭(2级)
		"skillIcon": "icon_sorcery_1_1",
		"type": 2,
		"triggerType": 0,
		"costType": 1,
		"costNum": 1,
		"cd": 0,
		"passiveTriggerType": 0,
		"passiveTriggerTypeValue": 0,
		"triggerNum": 0,
		"maxNum": 0,
		"duration": 10,
		"maxEffect": 10000,
		"effects": [
			2010021,
			2010022
		]
	},
	"201003": {
		// 2010031
		"id": 201003,
		"name": {"l10n":"22zpn0"},//毒牙噬灭
		"desc": {"l10n":"-hzrq2v"},//毒牙噬灭(3级)
		"skillIcon": "icon_sorcery_1_1",
		"type": 2,
		"triggerType": 0,
		"costType": 1,
		"costNum": 1,
		"cd": 0,
		"passiveTriggerType": 0,
		"passiveTriggerTypeValue": 0,
		"triggerNum": 0,
		"maxNum": 0,
		"duration": 10,
		"maxEffect": 10000,
		"effects": [
			2010031,
			2010032
		]
	},
	"201004": {
		// 2010041
		"id": 201004,
		"name": {"l10n":"22zpn0"},//毒牙噬灭
		"desc": {"l10n":"-hzkp8n"},//毒牙噬灭(4级)
		"skillIcon": "icon_sorcery_1_1",
		"type": 2,
		"triggerType": 0,
		"costType": 1,
		"costNum": 1,
		"cd": 0,
		"passiveTriggerType": 0,
		"passiveTriggerTypeValue": 0,
		"triggerNum": 0,
		"maxNum": 0,
		"duration": 10,
		"maxEffect": 10000,
		"effects": [
			2010041,
			2010042
		]
	},
	"201005": {
		// 2010051
		"id": 201005,
		"name": {"l10n":"22zpn0"},//毒牙噬灭
		"desc": {"l10n":"-hzjao7"},//毒牙噬灭(5级)
		"skillIcon": "icon_sorcery_1_1",
		"type": 2,
		"triggerType": 0,
		"costType": 1,
		"costNum": 1,
		"cd": 0,
		"passiveTriggerType": 0,
		"passiveTriggerTypeValue": 0,
		"triggerNum": 0,
		"maxNum": 0,
		"duration": 10,
		"maxEffect": 10000,
		"effects": [
			2010051,
			2010052
		]
	},
	"201006": {
		// 2010061
		"id": 201006,
		"name": {"l10n":"22zpn0"},//毒牙噬灭
		"desc": {"l10n":"-hznidj"},//毒牙噬灭(6级)
		"skillIcon": "icon_sorcery_1_1",
		"type": 2,
		"triggerType": 0,
		"costType": 1,
		"costNum": 1,
		"cd": 0,
		"passiveTriggerType": 0,
		"passiveTriggerTypeValue": 0,
		"triggerNum": 0,
		"maxNum": 0,
		"duration": 10,
		"maxEffect": 10000,
		"effects": [
			2010061,
			2010062
		]
	},
	"201007": {
		// 2010071
		"id": 201007,
		"name": {"l10n":"22zpn0"},//毒牙噬灭
		"desc": {"l10n":"-hzm3t3"},//毒牙噬灭(7级)
		"skillIcon": "icon_sorcery_1_1",
		"type": 2,
		"triggerType": 0,
		"costType": 1,
		"costNum": 1,
		"cd": 0,
		"passiveTriggerType": 0,
		"passiveTriggerTypeValue": 0,
		"triggerNum": 0,
		"maxNum": 0,
		"duration": 10,
		"maxEffect": 10000,
		"effects": [
			2010071,
			2010072
		]
	},
	"201008": {
		// 2010081
		"id": 201008,
		"name": {"l10n":"22zpn0"},//毒牙噬灭
		"desc": {"l10n":"-i01k1z"},//毒牙噬灭(8级)
		"skillIcon": "icon_sorcery_1_1",
		"type": 2,
		"triggerType": 0,
		"costType": 1,
		"costNum": 1,
		"cd": 0,
		"passiveTriggerType": 0,
		"passiveTriggerTypeValue": 0,
		"triggerNum": 0,
		"maxNum": 0,
		"duration": 10,
		"maxEffect": 10000,
		"effects": [
			2010081,
			2010082
		]
	},
	"201009": {
		// 2010091
		"id": 201009,
		"name": {"l10n":"22zpn0"},//毒牙噬灭
		"desc": {"l10n":"-i005hj"},//毒牙噬灭(9级)
		"skillIcon": "icon_sorcery_1_1",
		"type": 2,
		"triggerType": 0,
		"costType": 1,
		"costNum": 1,
		"cd": 0,
		"passiveTriggerType": 0,
		"passiveTriggerTypeValue": 0,
		"triggerNum": 0,
		"maxNum": 0,
		"duration": 10,
		"maxEffect": 10000,
		"effects": [
			2010091,
			2010092
		]
	},
	"201010": {
		// 2010101
		"id": 201010,
		"name": {"l10n":"22zpn0"},//毒牙噬灭
		"desc": {"l10n":"-30yq5p"},//毒牙噬灭(10级)
		"skillIcon": "icon_sorcery_1_1",
		"type": 2,
		"triggerType": 0,
		"costType": 1,
		"costNum": 1,
		"cd": 0,
		"passiveTriggerType": 0,
		"passiveTriggerTypeValue": 0,
		"triggerNum": 0,
		"maxNum": 0,
		"duration": 10,
		"maxEffect": 10000,
		"effects": [
			2010101,
			2010102
		]
	},
	"2010012": {
		// 20100121
		"id": 2010012,
		"name": {"l10n":"22zpn0"},//毒牙噬灭
		"desc": {"l10n":"-syxee1"},//毒牙噬灭(1级)普攻
		"type": 1,
		"triggerType": 0,
		"costType": 0,
		"costNum": 0,
		"cd": 0,
		"passiveTriggerType": 0,
		"passiveTriggerTypeValue": 0,
		"triggerNum": 0,
		"maxNum": 0,
		"duration": 0,
		"maxEffect": 0,
		"effects": [
			20100121
		]
	},
	"2010022": {
		// 20100221
		"id": 2010022,
		"name": {"l10n":"22zpn0"},//毒牙噬灭
		"desc": {"l10n":"-skri8p"},//毒牙噬灭(2级)普攻
		"type": 1,
		"triggerType": 0,
		"costType": 0,
		"costNum": 0,
		"cd": 0,
		"passiveTriggerType": 0,
		"passiveTriggerTypeValue": 0,
		"triggerNum": 0,
		"maxNum": 0,
		"duration": 0,
		"maxEffect": 0,
		"effects": [
			20100221
		]
	},
	"2010032": {
		// 20100321
		"id": 2010032,
		"name": {"l10n":"22zpn0"},//毒牙噬灭
		"desc": {"l10n":"-t11921"},//毒牙噬灭(3级)普攻
		"type": 1,
		"triggerType": 0,
		"costType": 0,
		"costNum": 0,
		"cd": 0,
		"passiveTriggerType": 0,
		"passiveTriggerTypeValue": 0,
		"triggerNum": 0,
		"maxNum": 0,
		"duration": 0,
		"maxEffect": 0,
		"effects": [
			20100321
		]
	},
	"2010042": {
		// 20100421
		"id": 2010042,
		"name": {"l10n":"22zpn0"},//毒牙噬灭
		"desc": {"l10n":"-sshmop"},//毒牙噬灭(4级)普攻
		"type": 1,
		"triggerType": 0,
		"costType": 0,
		"costNum": 0,
		"cd": 0,
		"passiveTriggerType": 0,
		"passiveTriggerTypeValue": 0,
		"triggerNum": 0,
		"maxNum": 0,
		"duration": 0,
		"maxEffect": 0,
		"effects": [
			20100421
		]
	},
	"2010052": {
		// 20100521
		"id": 2010052,
		"name": {"l10n":"22zpn0"},//毒牙噬灭
		"desc": {"l10n":"-strzfd"},//毒牙噬灭(5级)普攻
		"type": 1,
		"triggerType": 0,
		"costType": 0,
		"costNum": 0,
		"cd": 0,
		"passiveTriggerType": 0,
		"passiveTriggerTypeValue": 0,
		"triggerNum": 0,
		"maxNum": 0,
		"duration": 0,
		"maxEffect": 0,
		"effects": [
			20100521
		]
	},
	"2010062": {
		// 20100621
		"id": 2010062,
		"name": {"l10n":"22zpn0"},//毒牙噬灭
		"desc": {"l10n":"-sv7yft"},//毒牙噬灭(6级)普攻
		"type": 1,
		"triggerType": 0,
		"costType": 0,
		"costNum": 0,
		"cd": 0,
		"passiveTriggerType": 0,
		"passiveTriggerTypeValue": 0,
		"triggerNum": 0,
		"maxNum": 0,
		"duration": 0,
		"maxEffect": 0,
		"effects": [
			20100621
		]
	},
	"2010072": {
		// 20100721
		"id": 2010072,
		"name": {"l10n":"22zpn0"},//毒牙噬灭
		"desc": {"l10n":"-swib6h"},//毒牙噬灭(7级)普攻
		"type": 1,
		"triggerType": 0,
		"costType": 0,
		"costNum": 0,
		"cd": 0,
		"passiveTriggerType": 0,
		"passiveTriggerTypeValue": 0,
		"triggerNum": 0,
		"maxNum": 0,
		"duration": 0,
		"maxEffect": 0,
		"effects": [
			20100721
		]
	},
	"2010082": {
		// 20100821
		"id": 2010082,
		"name": {"l10n":"22zpn0"},//毒牙噬灭
		"desc": {"l10n":"-ssc0ex"},//毒牙噬灭(8级)普攻
		"type": 1,
		"triggerType": 0,
		"costType": 0,
		"costNum": 0,
		"cd": 0,
		"passiveTriggerType": 0,
		"passiveTriggerTypeValue": 0,
		"triggerNum": 0,
		"maxNum": 0,
		"duration": 0,
		"maxEffect": 0,
		"effects": [
			20100821
		]
	},
	"2010092": {
		// 20100921
		"id": 2010092,
		"name": {"l10n":"22zpn0"},//毒牙噬灭
		"desc": {"l10n":"-somkgp"},//毒牙噬灭(9级)普攻
		"type": 1,
		"triggerType": 0,
		"costType": 0,
		"costNum": 0,
		"cd": 0,
		"passiveTriggerType": 0,
		"passiveTriggerTypeValue": 0,
		"triggerNum": 0,
		"maxNum": 0,
		"duration": 0,
		"maxEffect": 0,
		"effects": [
			20100921
		]
	},
	"2010102": {
		// 20101021
		"id": 2010102,
		"name": {"l10n":"22zpn0"},//毒牙噬灭
		"desc": {"l10n":"ce2igs"},//毒牙噬灭(10级)普攻
		"type": 1,
		"triggerType": 0,
		"costType": 0,
		"costNum": 0,
		"cd": 0,
		"passiveTriggerType": 0,
		"passiveTriggerTypeValue": 0,
		"triggerNum": 0,
		"maxNum": 0,
		"duration": 0,
		"maxEffect": 0,
		"effects": [
			20101021
		]
	},
	"201101": {
		// 2011011
		"id": 201101,
		"name": {"l10n":"svwxcw"},//厄毒绞缠
		"desc": {"l10n":"-osgds1"},//厄毒绞缠(1级)
		"skillIcon": "icon_sorcery_1_2",
		"type": 3,
		"triggerType": 1,
		"costType": 0,
		"costNum": 0,
		"cd": 0,
		"passiveTriggerType": 0,
		"passiveTriggerTypeValue": 0,
		"triggerNum": 5,
		"maxNum": 0,
		"duration": 0,
		"maxEffect": 0,
		"effects": [
			2011011,
			2011012
		]
	},
	"201102": {
		// 2011021
		"id": 201102,
		"name": {"l10n":"svwxcw"},//厄毒绞缠
		"desc": {"l10n":"-osklhd"},//厄毒绞缠(2级)
		"skillIcon": "icon_sorcery_1_2",
		"type": 3,
		"triggerType": 1,
		"costType": 0,
		"costNum": 0,
		"cd": 0,
		"passiveTriggerType": 0,
		"passiveTriggerTypeValue": 0,
		"triggerNum": 5,
		"maxNum": 0,
		"duration": 0,
		"maxEffect": 0,
		"effects": [
			2011021,
			2011022
		]
	},
	"201103": {
		// 2011031
		"id": 201103,
		"name": {"l10n":"svwxcw"},//厄毒绞缠
		"desc": {"l10n":"-osj6wx"},//厄毒绞缠(3级)
		"skillIcon": "icon_sorcery_1_2",
		"type": 3,
		"triggerType": 1,
		"costType": 0,
		"costNum": 0,
		"cd": 0,
		"passiveTriggerType": 0,
		"passiveTriggerTypeValue": 0,
		"triggerNum": 5,
		"maxNum": 0,
		"duration": 0,
		"maxEffect": 0,
		"effects": [
			2011031,
			2011032
		]
	},
	"201104": {
		// 2011041
		"id": 201104,
		"name": {"l10n":"svwxcw"},//厄毒绞缠
		"desc": {"l10n":"-osc62p"},//厄毒绞缠(4级)
		"skillIcon": "icon_sorcery_1_2",
		"type": 3,
		"triggerType": 1,
		"costType": 0,
		"costNum": 0,
		"cd": 0,
		"passiveTriggerType": 0,
		"passiveTriggerTypeValue": 0,
		"triggerNum": 5,
		"maxNum": 0,
		"duration": 0,
		"maxEffect": 0,
		"effects": [
			2011041,
			2011042
		]
	},
	"201105": {
		// 2011051
		"id": 201105,
		"name": {"l10n":"svwxcw"},//厄毒绞缠
		"desc": {"l10n":"-osari9"},//厄毒绞缠(5级)
		"skillIcon": "icon_sorcery_1_2",
		"type": 3,
		"triggerType": 1,
		"costType": 0,
		"costNum": 0,
		"cd": 0,
		"passiveTriggerType": 0,
		"passiveTriggerTypeValue": 0,
		"triggerNum": 5,
		"maxNum": 0,
		"duration": 0,
		"maxEffect": 0,
		"effects": [
			2011051,
			2011052
		]
	},
	"201106": {
		// 2011061
		"id": 201106,
		"name": {"l10n":"svwxcw"},//厄毒绞缠
		"desc": {"l10n":"-osez7l"},//厄毒绞缠(6级)
		"skillIcon": "icon_sorcery_1_2",
		"type": 3,
		"triggerType": 1,
		"costType": 0,
		"costNum": 0,
		"cd": 0,
		"passiveTriggerType": 0,
		"passiveTriggerTypeValue": 0,
		"triggerNum": 5,
		"maxNum": 0,
		"duration": 0,
		"maxEffect": 0,
		"effects": [
			2011061,
			2011062
		]
	},
	"201107": {
		// 2011071
		"id": 201107,
		"name": {"l10n":"svwxcw"},//厄毒绞缠
		"desc": {"l10n":"-osdkn5"},//厄毒绞缠(7级)
		"skillIcon": "icon_sorcery_1_2",
		"type": 3,
		"triggerType": 1,
		"costType": 0,
		"costNum": 0,
		"cd": 0,
		"passiveTriggerType": 0,
		"passiveTriggerTypeValue": 0,
		"triggerNum": 5,
		"maxNum": 0,
		"duration": 0,
		"maxEffect": 0,
		"effects": [
			2011071,
			2011072
		]
	},
	"201108": {
		// 2011081
		"id": 201108,
		"name": {"l10n":"svwxcw"},//厄毒绞缠
		"desc": {"l10n":"-os6jsx"},//厄毒绞缠(8级)
		"skillIcon": "icon_sorcery_1_2",
		"type": 3,
		"triggerType": 1,
		"costType": 0,
		"costNum": 0,
		"cd": 0,
		"passiveTriggerType": 0,
		"passiveTriggerTypeValue": 0,
		"triggerNum": 5,
		"maxNum": 0,
		"duration": 0,
		"maxEffect": 0,
		"effects": [
			2011081,
			2011082
		]
	},
	"201109": {
		// 2011091
		"id": 201109,
		"name": {"l10n":"svwxcw"},//厄毒绞缠
		"desc": {"l10n":"-os558h"},//厄毒绞缠(9级)
		"skillIcon": "icon_sorcery_1_2",
		"type": 3,
		"triggerType": 1,
		"costType": 0,
		"costNum": 0,
		"cd": 0,
		"passiveTriggerType": 0,
		"passiveTriggerTypeValue": 0,
		"triggerNum": 5,
		"maxNum": 0,
		"duration": 0,
		"maxEffect": 0,
		"effects": [
			2011091,
			2011092
		]
	},
	"201110": {
		// 2011101
		"id": 201110,
		"name": {"l10n":"svwxcw"},//厄毒绞缠
		"desc": {"l10n":"-1x4zqs"},//厄毒绞缠(10级)
		"skillIcon": "icon_sorcery_1_2",
		"type": 3,
		"triggerType": 1,
		"costType": 0,
		"costNum": 0,
		"cd": 0,
		"passiveTriggerType": 0,
		"passiveTriggerTypeValue": 0,
		"triggerNum": 5,
		"maxNum": 0,
		"duration": 0,
		"maxEffect": 0,
		"effects": [
			2011101,
			2011102
		]
	},
	"2011012": {
		// 20110121
		"id": 2011012,
		"name": {"l10n":"svwxcw"},//厄毒绞缠
		"desc": {"l10n":"84yfxa"},//厄毒绞缠(1级)的普攻
		"type": 1,
		"triggerType": 0,
		"costType": 0,
		"costNum": 0,
		"cd": 0,
		"passiveTriggerType": 0,
		"passiveTriggerTypeValue": 0,
		"triggerNum": 0,
		"maxNum": 0,
		"duration": 0,
		"maxEffect": 0,
		"effects": [
			20110121
		]
	},
	"2011022": {
		// 20110221
		"id": 2011022,
		"name": {"l10n":"svwxcw"},//厄毒绞缠
		"desc": {"l10n":"88wba6"},//厄毒绞缠(2级)的普攻
		"type": 1,
		"triggerType": 0,
		"costType": 0,
		"costNum": 0,
		"cd": 0,
		"passiveTriggerType": 0,
		"passiveTriggerTypeValue": 0,
		"triggerNum": 0,
		"maxNum": 0,
		"duration": 0,
		"maxEffect": 0,
		"effects": [
			20110221
		]
	},
	"2011032": {
		// 20110321
		"id": 2011032,
		"name": {"l10n":"svwxcw"},//厄毒绞缠
		"desc": {"l10n":"87j5em"},//厄毒绞缠(3级)的普攻
		"type": 1,
		"triggerType": 0,
		"costType": 0,
		"costNum": 0,
		"cd": 0,
		"passiveTriggerType": 0,
		"passiveTriggerTypeValue": 0,
		"triggerNum": 0,
		"maxNum": 0,
		"duration": 0,
		"maxEffect": 0,
		"effects": [
			20110321
		]
	},
	"2011042": {
		// 20110421
		"id": 2011042,
		"name": {"l10n":"svwxcw"},//厄毒绞缠
		"desc": {"l10n":"8b5s7y"},//厄毒绞缠(4级)的普攻
		"type": 1,
		"triggerType": 0,
		"costType": 0,
		"costNum": 0,
		"cd": 0,
		"passiveTriggerType": 0,
		"passiveTriggerTypeValue": 0,
		"triggerNum": 0,
		"maxNum": 0,
		"duration": 0,
		"maxEffect": 0,
		"effects": [
			20110421
		]
	},
	"2011052": {
		// 20110521
		"id": 2011052,
		"name": {"l10n":"svwxcw"},//厄毒绞缠
		"desc": {"l10n":"89smce"},//厄毒绞缠(5级)的普攻
		"type": 1,
		"triggerType": 0,
		"costType": 0,
		"costNum": 0,
		"cd": 0,
		"passiveTriggerType": 0,
		"passiveTriggerTypeValue": 0,
		"triggerNum": 0,
		"maxNum": 0,
		"duration": 0,
		"maxEffect": 0,
		"effects": [
			20110521
		]
	},
	"2011062": {
		// 20110621
		"id": 2011062,
		"name": {"l10n":"svwxcw"},//厄毒绞缠
		"desc": {"l10n":"8dqhpa"},//厄毒绞缠(6级)的普攻
		"type": 1,
		"triggerType": 0,
		"costType": 0,
		"costNum": 0,
		"cd": 0,
		"passiveTriggerType": 0,
		"passiveTriggerTypeValue": 0,
		"triggerNum": 0,
		"maxNum": 0,
		"duration": 0,
		"maxEffect": 0,
		"effects": [
			20110621
		]
	},
	"2011072": {
		// 20110721
		"id": 2011072,
		"name": {"l10n":"svwxcw"},//厄毒绞缠
		"desc": {"l10n":"8cdbtq"},//厄毒绞缠(7级)的普攻
		"type": 1,
		"triggerType": 0,
		"costType": 0,
		"costNum": 0,
		"cd": 0,
		"passiveTriggerType": 0,
		"passiveTriggerTypeValue": 0,
		"triggerNum": 0,
		"maxNum": 0,
		"duration": 0,
		"maxEffect": 0,
		"effects": [
			20110721
		]
	},
	"2011082": {
		// 20110821
		"id": 2011082,
		"name": {"l10n":"svwxcw"},//厄毒绞缠
		"desc": {"l10n":"7c1l3y"},//厄毒绞缠(8级)的普攻
		"type": 1,
		"triggerType": 0,
		"costType": 0,
		"costNum": 0,
		"cd": 0,
		"passiveTriggerType": 0,
		"passiveTriggerTypeValue": 0,
		"triggerNum": 0,
		"maxNum": 0,
		"duration": 0,
		"maxEffect": 0,
		"effects": [
			20110821
		]
	},
	"2011092": {
		// 20110921
		"id": 2011092,
		"name": {"l10n":"svwxcw"},//厄毒绞缠
		"desc": {"l10n":"7jf2fy"},//厄毒绞缠(9级)的普攻
		"type": 1,
		"triggerType": 0,
		"costType": 0,
		"costNum": 0,
		"cd": 0,
		"passiveTriggerType": 0,
		"passiveTriggerTypeValue": 0,
		"triggerNum": 0,
		"maxNum": 0,
		"duration": 0,
		"maxEffect": 0,
		"effects": [
			20110921
		]
	},
	"2011102": {
		// 20111021
		"id": 2011102,
		"name": {"l10n":"svwxcw"},//厄毒绞缠
		"desc": {"l10n":"k9c8ma"},//厄毒绞缠(10级)的普攻
		"type": 1,
		"triggerType": 0,
		"costType": 0,
		"costNum": 0,
		"cd": 0,
		"passiveTriggerType": 0,
		"passiveTriggerTypeValue": 0,
		"triggerNum": 0,
		"maxNum": 0,
		"duration": 0,
		"maxEffect": 0,
		"effects": [
			20111021
		]
	},
	"201201": {
		// 2012011
		"id": 201201,
		"name": {"l10n":"-1erpbd"},//幽泉煞诀
		"desc": {"l10n":"nwfvy8"},//幽泉煞诀(1级)
		"skillIcon": "icon_sorcery_1_3",
		"type": 4,
		"triggerType": 2,
		"costType": 0,
		"costNum": 0,
		"cd": 0,
		"passiveTriggerType": 0,
		"passiveTriggerTypeValue": 0,
		"triggerNum": 1,
		"maxNum": 10,
		"duration": 3,
		"maxEffect": 0,
		"effects": [
			2012011
		]
	},
	"201202": {
		// 2012021
		"id": 201202,
		"name": {"l10n":"-1erpbd"},//幽泉煞诀
		"desc": {"l10n":"nwhaio"},//幽泉煞诀(2级)
		"skillIcon": "icon_sorcery_1_3",
		"type": 4,
		"triggerType": 2,
		"costType": 0,
		"costNum": 0,
		"cd": 0,
		"passiveTriggerType": 0,
		"passiveTriggerTypeValue": 0,
		"triggerNum": 1,
		"maxNum": 10,
		"duration": 3,
		"maxEffect": 0,
		"effects": [
			2012021
		]
	},
	"201203": {
		// 2012031
		"id": 201203,
		"name": {"l10n":"-1erpbd"},//幽泉煞诀
		"desc": {"l10n":"nwip34"},//幽泉煞诀(3级)
		"skillIcon": "icon_sorcery_1_3",
		"type": 4,
		"triggerType": 2,
		"costType": 0,
		"costNum": 0,
		"cd": 0,
		"passiveTriggerType": 0,
		"passiveTriggerTypeValue": 0,
		"triggerNum": 1,
		"maxNum": 10,
		"duration": 3,
		"maxEffect": 0,
		"effects": [
			2012031
		]
	},
	"201204": {
		// 2012041
		"id": 201204,
		"name": {"l10n":"-1erpbd"},//幽泉煞诀
		"desc": {"l10n":"nw8v40"},//幽泉煞诀(4级)
		"skillIcon": "icon_sorcery_1_3",
		"type": 4,
		"triggerType": 2,
		"costType": 0,
		"costNum": 0,
		"cd": 0,
		"passiveTriggerType": 0,
		"passiveTriggerTypeValue": 0,
		"triggerNum": 1,
		"maxNum": 10,
		"duration": 3,
		"maxEffect": 0,
		"effects": [
			2012041
		]
	},
	"201205": {
		// 2012051
		"id": 201205,
		"name": {"l10n":"-1erpbd"},//幽泉煞诀
		"desc": {"l10n":"nwa9og"},//幽泉煞诀(5级)
		"skillIcon": "icon_sorcery_1_3",
		"type": 4,
		"triggerType": 2,
		"costType": 0,
		"costNum": 0,
		"cd": 0,
		"passiveTriggerType": 0,
		"passiveTriggerTypeValue": 0,
		"triggerNum": 1,
		"maxNum": 10,
		"duration": 3,
		"maxEffect": 0,
		"effects": [
			2012051
		]
	},
	"201206": {
		// 2012061
		"id": 201206,
		"name": {"l10n":"-1erpbd"},//幽泉煞诀
		"desc": {"l10n":"nwbo8w"},//幽泉煞诀(6级)
		"skillIcon": "icon_sorcery_1_3",
		"type": 4,
		"triggerType": 2,
		"costType": 0,
		"costNum": 0,
		"cd": 0,
		"passiveTriggerType": 0,
		"passiveTriggerTypeValue": 0,
		"triggerNum": 1,
		"maxNum": 10,
		"duration": 3,
		"maxEffect": 0,
		"effects": [
			2012061
		]
	},
	"201207": {
		// 2012071
		"id": 201207,
		"name": {"l10n":"-1erpbd"},//幽泉煞诀
		"desc": {"l10n":"nwd2tc"},//幽泉煞诀(7级)
		"skillIcon": "icon_sorcery_1_3",
		"type": 4,
		"triggerType": 2,
		"costType": 0,
		"costNum": 0,
		"cd": 0,
		"passiveTriggerType": 0,
		"passiveTriggerTypeValue": 0,
		"triggerNum": 1,
		"maxNum": 10,
		"duration": 3,
		"maxEffect": 0,
		"effects": [
			2012071
		]
	},
	"201208": {
		// 2012081
		"id": 201208,
		"name": {"l10n":"-1erpbd"},//幽泉煞诀
		"desc": {"l10n":"nw38u8"},//幽泉煞诀(8级)
		"skillIcon": "icon_sorcery_1_3",
		"type": 4,
		"triggerType": 2,
		"costType": 0,
		"costNum": 0,
		"cd": 0,
		"passiveTriggerType": 0,
		"passiveTriggerTypeValue": 0,
		"triggerNum": 1,
		"maxNum": 10,
		"duration": 3,
		"maxEffect": 0,
		"effects": [
			2012081
		]
	},
	"201209": {
		// 2012091
		"id": 201209,
		"name": {"l10n":"-1erpbd"},//幽泉煞诀
		"desc": {"l10n":"nw4neo"},//幽泉煞诀(9级)
		"skillIcon": "icon_sorcery_1_3",
		"type": 4,
		"triggerType": 2,
		"costType": 0,
		"costNum": 0,
		"cd": 0,
		"passiveTriggerType": 0,
		"passiveTriggerTypeValue": 0,
		"triggerNum": 1,
		"maxNum": 10,
		"duration": 3,
		"maxEffect": 0,
		"effects": [
			2012091
		]
	},
	"201210": {
		// 2012101
		"id": 201210,
		"name": {"l10n":"-1erpbd"},//幽泉煞诀
		"desc": {"l10n":"-6r3sn0"},//幽泉煞诀(10级)
		"skillIcon": "icon_sorcery_1_3",
		"type": 4,
		"triggerType": 2,
		"costType": 0,
		"costNum": 0,
		"cd": 0,
		"passiveTriggerType": 0,
		"passiveTriggerTypeValue": 0,
		"triggerNum": 1,
		"maxNum": 10,
		"duration": 3,
		"maxEffect": 0,
		"effects": [
			2012101
		]
	},
	"301001": {
		// 3010011
		"id": 301001,
		"name": {"l10n":"-fc6bn5"},//风云玉露
		"desc": {"l10n":"plan1l"},//风云玉露(1级)
		"skillIcon": "icon_sorcery_2_1",
		"type": 2,
		"triggerType": 0,
		"costType": 1,
		"costNum": 1,
		"cd": 0,
		"passiveTriggerType": 0,
		"passiveTriggerTypeValue": 0,
		"triggerNum": 0,
		"maxNum": 0,
		"duration": 10,
		"maxEffect": 20000,
		"effects": [
			3010011,
			3010012,
			3010013
		]
	},
	"301002": {
		// 3010021
		"id": 301002,
		"name": {"l10n":"-fc6bn5"},//风云玉露
		"desc": {"l10n":"pl98h5"},//风云玉露(2级)
		"skillIcon": "icon_sorcery_2_1",
		"type": 2,
		"triggerType": 0,
		"costType": 1,
		"costNum": 1,
		"cd": 0,
		"passiveTriggerType": 0,
		"passiveTriggerTypeValue": 0,
		"triggerNum": 0,
		"maxNum": 0,
		"duration": 10,
		"maxEffect": 20000,
		"effects": [
			3010021,
			3010022,
			3010023
		]
	},
	"301003": {
		// 3010031
		"id": 301003,
		"name": {"l10n":"-fc6bn5"},//风云玉露
		"desc": {"l10n":"pl7twp"},//风云玉露(3级)
		"skillIcon": "icon_sorcery_2_1",
		"type": 2,
		"triggerType": 0,
		"costType": 1,
		"costNum": 1,
		"cd": 0,
		"passiveTriggerType": 0,
		"passiveTriggerTypeValue": 0,
		"triggerNum": 0,
		"maxNum": 0,
		"duration": 10,
		"maxEffect": 20000,
		"effects": [
			3010031,
			3010032,
			3010033
		]
	},
	"301004": {
		// 3010041
		"id": 301004,
		"name": {"l10n":"-fc6bn5"},//风云玉露
		"desc": {"l10n":"plhnvt"},//风云玉露(4级)
		"skillIcon": "icon_sorcery_2_1",
		"type": 2,
		"triggerType": 0,
		"costType": 1,
		"costNum": 1,
		"cd": 0,
		"passiveTriggerType": 0,
		"passiveTriggerTypeValue": 0,
		"triggerNum": 0,
		"maxNum": 0,
		"duration": 10,
		"maxEffect": 20000,
		"effects": [
			3010041,
			3010042,
			3010043
		]
	},
	"301005": {
		// 3010051
		"id": 301005,
		"name": {"l10n":"-fc6bn5"},//风云玉露
		"desc": {"l10n":"plg9bd"},//风云玉露(5级)
		"skillIcon": "icon_sorcery_2_1",
		"type": 2,
		"triggerType": 0,
		"costType": 1,
		"costNum": 1,
		"cd": 0,
		"passiveTriggerType": 0,
		"passiveTriggerTypeValue": 0,
		"triggerNum": 0,
		"maxNum": 0,
		"duration": 10,
		"maxEffect": 20000,
		"effects": [
			3010051,
			3010052,
			3010053
		]
	},
	"301006": {
		// 3010061
		"id": 301006,
		"name": {"l10n":"-fc6bn5"},//风云玉露
		"desc": {"l10n":"pleuqx"},//风云玉露(6级)
		"skillIcon": "icon_sorcery_2_1",
		"type": 2,
		"triggerType": 0,
		"costType": 1,
		"costNum": 1,
		"cd": 0,
		"passiveTriggerType": 0,
		"passiveTriggerTypeValue": 0,
		"triggerNum": 0,
		"maxNum": 0,
		"duration": 10,
		"maxEffect": 20000,
		"effects": [
			3010061,
			3010062,
			3010063
		]
	},
	"301007": {
		// 3010071
		"id": 301007,
		"name": {"l10n":"-fc6bn5"},//风云玉露
		"desc": {"l10n":"pldg6h"},//风云玉露(7级)
		"skillIcon": "icon_sorcery_2_1",
		"type": 2,
		"triggerType": 0,
		"costType": 1,
		"costNum": 1,
		"cd": 0,
		"passiveTriggerType": 0,
		"passiveTriggerTypeValue": 0,
		"triggerNum": 0,
		"maxNum": 0,
		"duration": 10,
		"maxEffect": 20000,
		"effects": [
			3010071,
			3010072,
			3010073
		]
	},
	"301008": {
		// 3010081
		"id": 301008,
		"name": {"l10n":"-fc6bn5"},//风云玉露
		"desc": {"l10n":"pl0t2h"},//风云玉露(8级)
		"skillIcon": "icon_sorcery_2_1",
		"type": 2,
		"triggerType": 0,
		"costType": 1,
		"costNum": 1,
		"cd": 0,
		"passiveTriggerType": 0,
		"passiveTriggerTypeValue": 0,
		"triggerNum": 0,
		"maxNum": 0,
		"duration": 10,
		"maxEffect": 20000,
		"effects": [
			3010081,
			3010082,
			3010083
		]
	},
	"301009": {
		// 3010091
		"id": 301009,
		"name": {"l10n":"-fc6bn5"},//风云玉露
		"desc": {"l10n":"pkzei1"},//风云玉露(9级)
		"skillIcon": "icon_sorcery_2_1",
		"type": 2,
		"triggerType": 0,
		"costType": 1,
		"costNum": 1,
		"cd": 0,
		"passiveTriggerType": 0,
		"passiveTriggerTypeValue": 0,
		"triggerNum": 0,
		"maxNum": 0,
		"duration": 10,
		"maxEffect": 20000,
		"effects": [
			3010091,
			3010092,
			3010093
		]
	},
	"301010": {
		// 3010101
		"id": 301010,
		"name": {"l10n":"-fc6bn5"},//风云玉露
		"desc": {"l10n":"-q4bh81"},//风云玉露(10级)
		"skillIcon": "icon_sorcery_2_1",
		"type": 2,
		"triggerType": 0,
		"costType": 1,
		"costNum": 1,
		"cd": 0,
		"passiveTriggerType": 0,
		"passiveTriggerTypeValue": 0,
		"triggerNum": 0,
		"maxNum": 0,
		"duration": 10,
		"maxEffect": 20000,
		"effects": [
			3010101,
			3010102,
			3010103
		]
	},
	"3010012": {
		// 30100121
		"id": 3010012,
		"name": {"l10n":"-fc6bn5"},//风云玉露
		"desc": {"l10n":"-22cywl"},//风云玉露(1级)普攻
		"type": 1,
		"triggerType": 0,
		"costType": 0,
		"costNum": 0,
		"cd": 0,
		"passiveTriggerType": 0,
		"passiveTriggerTypeValue": 0,
		"triggerNum": 0,
		"maxNum": 0,
		"duration": 0,
		"maxEffect": 0,
		"effects": [
			30100121
		]
	},
	"3010022": {
		// 30100221
		"id": 3010022,
		"name": {"l10n":"-fc6bn5"},//风云玉露
		"desc": {"l10n":"-212m5x"},//风云玉露(2级)普攻
		"type": 1,
		"triggerType": 0,
		"costType": 0,
		"costNum": 0,
		"cd": 0,
		"passiveTriggerType": 0,
		"passiveTriggerTypeValue": 0,
		"triggerNum": 0,
		"maxNum": 0,
		"duration": 0,
		"maxEffect": 0,
		"effects": [
			30100221
		]
	},
	"3010032": {
		// 30100321
		"id": 3010032,
		"name": {"l10n":"-fc6bn5"},//风云玉露
		"desc": {"l10n":"-1ksvcl"},//风云玉露(3级)普攻
		"type": 1,
		"triggerType": 0,
		"costType": 0,
		"costNum": 0,
		"cd": 0,
		"passiveTriggerType": 0,
		"passiveTriggerTypeValue": 0,
		"triggerNum": 0,
		"maxNum": 0,
		"duration": 0,
		"maxEffect": 0,
		"effects": [
			30100321
		]
	},
	"3010042": {
		// 30100421
		"id": 3010042,
		"name": {"l10n":"-fc6bn5"},//风云玉露
		"desc": {"l10n":"-1u4l2t"},//风云玉露(4级)普攻
		"type": 1,
		"triggerType": 0,
		"costType": 0,
		"costNum": 0,
		"cd": 0,
		"passiveTriggerType": 0,
		"passiveTriggerTypeValue": 0,
		"triggerNum": 0,
		"maxNum": 0,
		"duration": 0,
		"maxEffect": 0,
		"effects": [
			30100421
		]
	},
	"3010052": {
		// 30100521
		"id": 3010052,
		"name": {"l10n":"-fc6bn5"},//风云玉露
		"desc": {"l10n":"-1xu111"},//风云玉露(5级)普攻
		"type": 1,
		"triggerType": 0,
		"costType": 0,
		"costNum": 0,
		"cd": 0,
		"passiveTriggerType": 0,
		"passiveTriggerTypeValue": 0,
		"triggerNum": 0,
		"maxNum": 0,
		"duration": 0,
		"maxEffect": 0,
		"effects": [
			30100521
		]
	},
	"3010062": {
		// 30100621
		"id": 3010062,
		"name": {"l10n":"-fc6bn5"},//风云玉露
		"desc": {"l10n":"-1wjoad"},//风云玉露(6级)普攻
		"type": 1,
		"triggerType": 0,
		"costType": 0,
		"costNum": 0,
		"cd": 0,
		"passiveTriggerType": 0,
		"passiveTriggerTypeValue": 0,
		"triggerNum": 0,
		"maxNum": 0,
		"duration": 0,
		"maxEffect": 0,
		"effects": [
			30100621
		]
	},
	"3010072": {
		// 30100721
		"id": 3010072,
		"name": {"l10n":"-fc6bn5"},//风云玉露
		"desc": {"l10n":"-20948l"},//风云玉露(7级)普攻
		"type": 1,
		"triggerType": 0,
		"costType": 0,
		"costNum": 0,
		"cd": 0,
		"passiveTriggerType": 0,
		"passiveTriggerTypeValue": 0,
		"triggerNum": 0,
		"maxNum": 0,
		"duration": 0,
		"maxEffect": 0,
		"effects": [
			30100721
		]
	},
	"3010082": {
		// 30100821
		"id": 3010082,
		"name": {"l10n":"-fc6bn5"},//风云玉露
		"desc": {"l10n":"-1tchpx"},//风云玉露(8级)普攻
		"type": 1,
		"triggerType": 0,
		"costType": 0,
		"costNum": 0,
		"cd": 0,
		"passiveTriggerType": 0,
		"passiveTriggerTypeValue": 0,
		"triggerNum": 0,
		"maxNum": 0,
		"duration": 0,
		"maxEffect": 0,
		"effects": [
			30100821
		]
	},
	"3010092": {
		// 30100921
		"id": 3010092,
		"name": {"l10n":"-fc6bn5"},//风云玉露
		"desc": {"l10n":"-1s24z9"},//风云玉露(9级)普攻
		"type": 1,
		"triggerType": 0,
		"costType": 0,
		"costNum": 0,
		"cd": 0,
		"passiveTriggerType": 0,
		"passiveTriggerTypeValue": 0,
		"triggerNum": 0,
		"maxNum": 0,
		"duration": 0,
		"maxEffect": 0,
		"effects": [
			30100921
		]
	},
	"3010102": {
		// 30101021
		"id": 3010102,
		"name": {"l10n":"-fc6bn5"},//风云玉露
		"desc": {"l10n":"-khyhk3"},//风云玉露(10级)普攻
		"type": 1,
		"triggerType": 0,
		"costType": 0,
		"costNum": 0,
		"cd": 0,
		"passiveTriggerType": 0,
		"passiveTriggerTypeValue": 0,
		"triggerNum": 0,
		"maxNum": 0,
		"duration": 0,
		"maxEffect": 0,
		"effects": [
			30101021
		]
	},
	"301101": {
		// 3011011
		"id": 301101,
		"name": {"l10n":"-vptj8x"},//狂岚清雨
		"desc": {"l10n":"-kx2tdd"},//狂岚清雨(1级)
		"skillIcon": "icon_sorcery_2_2",
		"type": 3,
		"triggerType": 1,
		"costType": 0,
		"costNum": 0,
		"cd": 0,
		"passiveTriggerType": 0,
		"passiveTriggerTypeValue": 0,
		"triggerNum": 5,
		"maxNum": 0,
		"duration": 0,
		"maxEffect": 0,
		"effects": [
			3011011,
			3011012,
			3011013
		]
	},
	"301102": {
		// 3011021
		"id": 301102,
		"name": {"l10n":"-vptj8x"},//狂岚清雨
		"desc": {"l10n":"-kx712p"},//狂岚清雨(2级)
		"skillIcon": "icon_sorcery_2_2",
		"type": 3,
		"triggerType": 1,
		"costType": 0,
		"costNum": 0,
		"cd": 0,
		"passiveTriggerType": 0,
		"passiveTriggerTypeValue": 0,
		"triggerNum": 5,
		"maxNum": 0,
		"duration": 0,
		"maxEffect": 0,
		"effects": [
			3011021,
			3011022,
			3011023
		]
	},
	"301103": {
		// 3011031
		"id": 301103,
		"name": {"l10n":"-vptj8x"},//狂岚清雨
		"desc": {"l10n":"-kx5mi9"},//狂岚清雨(3级)
		"skillIcon": "icon_sorcery_2_2",
		"type": 3,
		"triggerType": 1,
		"costType": 0,
		"costNum": 0,
		"cd": 0,
		"passiveTriggerType": 0,
		"passiveTriggerTypeValue": 0,
		"triggerNum": 5,
		"maxNum": 0,
		"duration": 0,
		"maxEffect": 0,
		"effects": [
			3011031,
			3011032,
			3011033
		]
	},
	"301104": {
		// 3011041
		"id": 301104,
		"name": {"l10n":"-vptj8x"},//狂岚清雨
		"desc": {"l10n":"-kx9u7l"},//狂岚清雨(4级)
		"skillIcon": "icon_sorcery_2_2",
		"type": 3,
		"triggerType": 1,
		"costType": 0,
		"costNum": 0,
		"cd": 0,
		"passiveTriggerType": 0,
		"passiveTriggerTypeValue": 0,
		"triggerNum": 5,
		"maxNum": 0,
		"duration": 0,
		"maxEffect": 0,
		"effects": [
			3011041,
			3011042,
			3011043
		]
	},
	"301105": {
		// 3011051
		"id": 301105,
		"name": {"l10n":"-vptj8x"},//狂岚清雨
		"desc": {"l10n":"-kx8fn5"},//狂岚清雨(5级)
		"skillIcon": "icon_sorcery_2_2",
		"type": 3,
		"triggerType": 1,
		"costType": 0,
		"costNum": 0,
		"cd": 0,
		"passiveTriggerType": 0,
		"passiveTriggerTypeValue": 0,
		"triggerNum": 5,
		"maxNum": 0,
		"duration": 0,
		"maxEffect": 0,
		"effects": [
			3011051,
			3011052,
			3011053
		]
	},
	"301106": {
		// 3011061
		"id": 301106,
		"name": {"l10n":"-vptj8x"},//狂岚清雨
		"desc": {"l10n":"-kxcnch"},//狂岚清雨(6级)
		"skillIcon": "icon_sorcery_2_2",
		"type": 3,
		"triggerType": 1,
		"costType": 0,
		"costNum": 0,
		"cd": 0,
		"passiveTriggerType": 0,
		"passiveTriggerTypeValue": 0,
		"triggerNum": 5,
		"maxNum": 0,
		"duration": 0,
		"maxEffect": 0,
		"effects": [
			3011061,
			3011062,
			3011063
		]
	},
	"301107": {
		// 3011071
		"id": 301107,
		"name": {"l10n":"-vptj8x"},//狂岚清雨
		"desc": {"l10n":"-kxb8s1"},//狂岚清雨(7级)
		"skillIcon": "icon_sorcery_2_2",
		"type": 3,
		"triggerType": 1,
		"costType": 0,
		"costNum": 0,
		"cd": 0,
		"passiveTriggerType": 0,
		"passiveTriggerTypeValue": 0,
		"triggerNum": 5,
		"maxNum": 0,
		"duration": 0,
		"maxEffect": 0,
		"effects": [
			3011071,
			3011072,
			3011073
		]
	},
	"301108": {
		// 3011081
		"id": 301108,
		"name": {"l10n":"-vptj8x"},//狂岚清雨
		"desc": {"l10n":"-kwsze9"},//狂岚清雨(8级)
		"skillIcon": "icon_sorcery_2_2",
		"type": 3,
		"triggerType": 1,
		"costType": 0,
		"costNum": 0,
		"cd": 0,
		"passiveTriggerType": 0,
		"passiveTriggerTypeValue": 0,
		"triggerNum": 5,
		"maxNum": 0,
		"duration": 0,
		"maxEffect": 0,
		"effects": [
			3011081,
			3011082,
			3011083
		]
	},
	"301109": {
		// 3011091
		"id": 301109,
		"name": {"l10n":"-vptj8x"},//狂岚清雨
		"desc": {"l10n":"-kwrktt"},//狂岚清雨(9级)
		"skillIcon": "icon_sorcery_2_2",
		"type": 3,
		"triggerType": 1,
		"costType": 0,
		"costNum": 0,
		"cd": 0,
		"passiveTriggerType": 0,
		"passiveTriggerTypeValue": 0,
		"triggerNum": 5,
		"maxNum": 0,
		"duration": 0,
		"maxEffect": 0,
		"effects": [
			3011091,
			3011092,
			3011093
		]
	},
	"301110": {
		// 3011101
		"id": 301110,
		"name": {"l10n":"-vptj8x"},//狂岚清雨
		"desc": {"l10n":"-7itw0d"},//狂岚清雨(10级)
		"skillIcon": "icon_sorcery_2_2",
		"type": 3,
		"triggerType": 1,
		"costType": 0,
		"costNum": 0,
		"cd": 0,
		"passiveTriggerType": 0,
		"passiveTriggerTypeValue": 0,
		"triggerNum": 5,
		"maxNum": 0,
		"duration": 0,
		"maxEffect": 0,
		"effects": [
			3011101,
			3011102,
			3011103
		]
	},
	"3011012": {
		// 30110121
		"id": 3011012,
		"name": {"l10n":"-vptj8x"},//狂岚清雨
		"desc": {"l10n":"mhwtw5"},//狂岚清雨(1级)的普攻
		"type": 1,
		"triggerType": 0,
		"costType": 0,
		"costNum": 0,
		"cd": 0,
		"passiveTriggerType": 0,
		"passiveTriggerTypeValue": 0,
		"triggerNum": 0,
		"maxNum": 0,
		"duration": 0,
		"maxEffect": 0,
		"effects": [
			30110121
		]
	},
	"3011022": {
		// 30110221
		"id": 3011022,
		"name": {"l10n":"-vptj8x"},//狂岚清雨
		"desc": {"l10n":"mbv3v9"},//狂岚清雨(2级)的普攻
		"type": 1,
		"triggerType": 0,
		"costType": 0,
		"costNum": 0,
		"cd": 0,
		"passiveTriggerType": 0,
		"passiveTriggerTypeValue": 0,
		"triggerNum": 0,
		"maxNum": 0,
		"duration": 0,
		"maxEffect": 0,
		"effects": [
			30110221
		]
	},
	"3011032": {
		// 30110321
		"id": 3011032,
		"name": {"l10n":"-vptj8x"},//狂岚清雨
		"desc": {"l10n":"mahxzp"},//狂岚清雨(3级)的普攻
		"type": 1,
		"triggerType": 0,
		"costType": 0,
		"costNum": 0,
		"cd": 0,
		"passiveTriggerType": 0,
		"passiveTriggerTypeValue": 0,
		"triggerNum": 0,
		"maxNum": 0,
		"duration": 0,
		"maxEffect": 0,
		"effects": [
			30110321
		]
	},
	"3011042": {
		// 30110421
		"id": 3011042,
		"name": {"l10n":"-vptj8x"},//狂岚清雨
		"desc": {"l10n":"meftcl"},//狂岚清雨(4级)的普攻
		"type": 1,
		"triggerType": 0,
		"costType": 0,
		"costNum": 0,
		"cd": 0,
		"passiveTriggerType": 0,
		"passiveTriggerTypeValue": 0,
		"triggerNum": 0,
		"maxNum": 0,
		"duration": 0,
		"maxEffect": 0,
		"effects": [
			30110421
		]
	},
	"3011052": {
		// 30110521
		"id": 3011052,
		"name": {"l10n":"-vptj8x"},//狂岚清雨
		"desc": {"l10n":"md2nh1"},//狂岚清雨(5级)的普攻
		"type": 1,
		"triggerType": 0,
		"costType": 0,
		"costNum": 0,
		"cd": 0,
		"passiveTriggerType": 0,
		"passiveTriggerTypeValue": 0,
		"triggerNum": 0,
		"maxNum": 0,
		"duration": 0,
		"maxEffect": 0,
		"effects": [
			30110521
		]
	},
	"3011062": {
		// 30110621
		"id": 3011062,
		"name": {"l10n":"-vptj8x"},//狂岚清雨
		"desc": {"l10n":"m70xg5"},//狂岚清雨(6级)的普攻
		"type": 1,
		"triggerType": 0,
		"costType": 0,
		"costNum": 0,
		"cd": 0,
		"passiveTriggerType": 0,
		"passiveTriggerTypeValue": 0,
		"triggerNum": 0,
		"maxNum": 0,
		"duration": 0,
		"maxEffect": 0,
		"effects": [
			30110621
		]
	},
	"3011072": {
		// 30110721
		"id": 3011072,
		"name": {"l10n":"-vptj8x"},//狂岚清雨
		"desc": {"l10n":"m5nrkl"},//狂岚清雨(7级)的普攻
		"type": 1,
		"triggerType": 0,
		"costType": 0,
		"costNum": 0,
		"cd": 0,
		"passiveTriggerType": 0,
		"passiveTriggerTypeValue": 0,
		"triggerNum": 0,
		"maxNum": 0,
		"duration": 0,
		"maxEffect": 0,
		"effects": [
			30110721
		]
	},
	"3011082": {
		// 30110821
		"id": 3011082,
		"name": {"l10n":"-vptj8x"},//狂岚清雨
		"desc": {"l10n":"lnr0wl"},//狂岚清雨(8级)的普攻
		"type": 1,
		"triggerType": 0,
		"costType": 0,
		"costNum": 0,
		"cd": 0,
		"passiveTriggerType": 0,
		"passiveTriggerTypeValue": 0,
		"triggerNum": 0,
		"maxNum": 0,
		"duration": 0,
		"maxEffect": 0,
		"effects": [
			30110821
		]
	},
	"3011092": {
		// 30110921
		"id": 3011092,
		"name": {"l10n":"-vptj8x"},//狂岚清雨
		"desc": {"l10n":"lmdv11"},//狂岚清雨(9级)的普攻
		"type": 1,
		"triggerType": 0,
		"costType": 0,
		"costNum": 0,
		"cd": 0,
		"passiveTriggerType": 0,
		"passiveTriggerTypeValue": 0,
		"triggerNum": 0,
		"maxNum": 0,
		"duration": 0,
		"maxEffect": 0,
		"effects": [
			30110921
		]
	},
	"3011102": {
		// 30111021
		"id": 3011102,
		"name": {"l10n":"-vptj8x"},//狂岚清雨
		"desc": {"l10n":"-usep09"},//狂岚清雨(10级)的普攻
		"type": 1,
		"triggerType": 0,
		"costType": 0,
		"costNum": 0,
		"cd": 0,
		"passiveTriggerType": 0,
		"passiveTriggerTypeValue": 0,
		"triggerNum": 0,
		"maxNum": 0,
		"duration": 0,
		"maxEffect": 0,
		"effects": [
			30111021
		]
	},
	"301201": {
		// 3012011
		"id": 301201,
		"name": {"l10n":"v3ou99"},//风舞结界
		"desc": {"l10n":"4124hq"},//风舞结界(1级)
		"skillIcon": "icon_sorcery_2_3",
		"type": 4,
		"triggerType": 3,
		"costType": 0,
		"costNum": 0,
		"cd": 0,
		"passiveTriggerType": 0,
		"passiveTriggerTypeValue": 0,
		"triggerNum": 1,
		"maxNum": 10,
		"duration": 3,
		"maxEffect": 0,
		"effects": [
			3012011
		]
	},
	"301202": {
		// 3012021
		"id": 301202,
		"name": {"l10n":"v3ou99"},//风舞结界
		"desc": {"l10n":"40xwse"},//风舞结界(2级)
		"skillIcon": "icon_sorcery_2_3",
		"type": 4,
		"triggerType": 3,
		"costType": 0,
		"costNum": 0,
		"cd": 0,
		"passiveTriggerType": 0,
		"passiveTriggerTypeValue": 0,
		"triggerNum": 1,
		"maxNum": 10,
		"duration": 3,
		"maxEffect": 0,
		"effects": [
			3012021
		]
	},
	"301203": {
		// 3012031
		"id": 301203,
		"name": {"l10n":"v3ou99"},//风舞结界
		"desc": {"l10n":"40zbcu"},//风舞结界(3级)
		"skillIcon": "icon_sorcery_2_3",
		"type": 4,
		"triggerType": 3,
		"costType": 0,
		"costNum": 0,
		"cd": 0,
		"passiveTriggerType": 0,
		"passiveTriggerTypeValue": 0,
		"triggerNum": 1,
		"maxNum": 10,
		"duration": 3,
		"maxEffect": 0,
		"effects": [
			3012031
		]
	},
	"301204": {
		// 3012041
		"id": 301204,
		"name": {"l10n":"v3ou99"},//风舞结界
		"desc": {"l10n":"40v3ni"},//风舞结界(4级)
		"skillIcon": "icon_sorcery_2_3",
		"type": 4,
		"triggerType": 3,
		"costType": 0,
		"costNum": 0,
		"cd": 0,
		"passiveTriggerType": 0,
		"passiveTriggerTypeValue": 0,
		"triggerNum": 1,
		"maxNum": 10,
		"duration": 3,
		"maxEffect": 0,
		"effects": [
			3012041
		]
	},
	"301205": {
		// 3012051
		"id": 301205,
		"name": {"l10n":"v3ou99"},//风舞结界
		"desc": {"l10n":"40wi7y"},//风舞结界(5级)
		"skillIcon": "icon_sorcery_2_3",
		"type": 4,
		"triggerType": 3,
		"costType": 0,
		"costNum": 0,
		"cd": 0,
		"passiveTriggerType": 0,
		"passiveTriggerTypeValue": 0,
		"triggerNum": 1,
		"maxNum": 10,
		"duration": 3,
		"maxEffect": 0,
		"effects": [
			3012051
		]
	},
	"301206": {
		// 3012061
		"id": 301206,
		"name": {"l10n":"v3ou99"},//风舞结界
		"desc": {"l10n":"40saim"},//风舞结界(6级)
		"skillIcon": "icon_sorcery_2_3",
		"type": 4,
		"triggerType": 3,
		"costType": 0,
		"costNum": 0,
		"cd": 0,
		"passiveTriggerType": 0,
		"passiveTriggerTypeValue": 0,
		"triggerNum": 1,
		"maxNum": 10,
		"duration": 3,
		"maxEffect": 0,
		"effects": [
			3012061
		]
	},
	"301207": {
		// 3012071
		"id": 301207,
		"name": {"l10n":"v3ou99"},//风舞结界
		"desc": {"l10n":"40tp32"},//风舞结界(7级)
		"skillIcon": "icon_sorcery_2_3",
		"type": 4,
		"triggerType": 3,
		"costType": 0,
		"costNum": 0,
		"cd": 0,
		"passiveTriggerType": 0,
		"passiveTriggerTypeValue": 0,
		"triggerNum": 1,
		"maxNum": 10,
		"duration": 3,
		"maxEffect": 0,
		"effects": [
			3012071
		]
	},
	"301208": {
		// 3012081
		"id": 301208,
		"name": {"l10n":"v3ou99"},//风舞结界
		"desc": {"l10n":"40phdq"},//风舞结界(8级)
		"skillIcon": "icon_sorcery_2_3",
		"type": 4,
		"triggerType": 3,
		"costType": 0,
		"costNum": 0,
		"cd": 0,
		"passiveTriggerType": 0,
		"passiveTriggerTypeValue": 0,
		"triggerNum": 1,
		"maxNum": 10,
		"duration": 3,
		"maxEffect": 0,
		"effects": [
			3012081
		]
	},
	"301209": {
		// 3012091
		"id": 301209,
		"name": {"l10n":"v3ou99"},//风舞结界
		"desc": {"l10n":"40qvy6"},//风舞结界(9级)
		"skillIcon": "icon_sorcery_2_3",
		"type": 4,
		"triggerType": 3,
		"costType": 0,
		"costNum": 0,
		"cd": 0,
		"passiveTriggerType": 0,
		"passiveTriggerTypeValue": 0,
		"triggerNum": 1,
		"maxNum": 10,
		"duration": 3,
		"maxEffect": 0,
		"effects": [
			3012091
		]
	},
	"301210": {
		// 3012101
		"id": 301210,
		"name": {"l10n":"v3ou99"},//风舞结界
		"desc": {"l10n":"-i5duhb"},//风舞结界(10级)
		"skillIcon": "icon_sorcery_2_3",
		"type": 4,
		"triggerType": 3,
		"costType": 0,
		"costNum": 0,
		"cd": 0,
		"passiveTriggerType": 0,
		"passiveTriggerTypeValue": 0,
		"triggerNum": 1,
		"maxNum": 10,
		"duration": 3,
		"maxEffect": 0,
		"effects": [
			3012101
		]
	},
	"401001": {
		// 4010011
		"id": 401001,
		"name": {"l10n":"-7oz8qi"},//暝瞳幻杀
		"desc": {"l10n":"bo8odr"},//暝瞳幻杀(1级)
		"skillIcon": "icon_sorcery_3_1",
		"type": 2,
		"triggerType": 0,
		"costType": 1,
		"costNum": 1,
		"cd": 0,
		"passiveTriggerType": 0,
		"passiveTriggerTypeValue": 0,
		"triggerNum": 0,
		"maxNum": 0,
		"duration": 10,
		"maxEffect": 30000,
		"effects": [
			4010011,
			4010012,
			4010013
		]
	},
	"401002": {
		// 4010021
		"id": 401002,
		"name": {"l10n":"-7oz8qi"},//暝瞳幻杀
		"desc": {"l10n":"bo79tb"},//暝瞳幻杀(2级)
		"skillIcon": "icon_sorcery_3_1",
		"type": 2,
		"triggerType": 0,
		"costType": 1,
		"costNum": 1,
		"cd": 0,
		"passiveTriggerType": 0,
		"passiveTriggerTypeValue": 0,
		"triggerNum": 0,
		"maxNum": 0,
		"duration": 10,
		"maxEffect": 30000,
		"effects": [
			4010021,
			4010022,
			4010023
		]
	},
	"401003": {
		// 4010031
		"id": 401003,
		"name": {"l10n":"-7oz8qi"},//暝瞳幻杀
		"desc": {"l10n":"bo5v8v"},//暝瞳幻杀(3级)
		"skillIcon": "icon_sorcery_3_1",
		"type": 2,
		"triggerType": 0,
		"costType": 1,
		"costNum": 1,
		"cd": 0,
		"passiveTriggerType": 0,
		"passiveTriggerTypeValue": 0,
		"triggerNum": 0,
		"maxNum": 0,
		"duration": 10,
		"maxEffect": 30000,
		"effects": [
			4010031,
			4010032,
			4010033
		]
	},
	"401004": {
		// 4010041
		"id": 401004,
		"name": {"l10n":"-7oz8qi"},//暝瞳幻杀
		"desc": {"l10n":"bo4gof"},//暝瞳幻杀(4级)
		"skillIcon": "icon_sorcery_3_1",
		"type": 2,
		"triggerType": 0,
		"costType": 1,
		"costNum": 1,
		"cd": 0,
		"passiveTriggerType": 0,
		"passiveTriggerTypeValue": 0,
		"triggerNum": 0,
		"maxNum": 0,
		"duration": 10,
		"maxEffect": 30000,
		"effects": [
			4010041,
			4010042,
			4010043
		]
	},
	"401005": {
		// 4010051
		"id": 401005,
		"name": {"l10n":"-7oz8qi"},//暝瞳幻杀
		"desc": {"l10n":"bo323z"},//暝瞳幻杀(5级)
		"skillIcon": "icon_sorcery_3_1",
		"type": 2,
		"triggerType": 0,
		"costType": 1,
		"costNum": 1,
		"cd": 0,
		"passiveTriggerType": 0,
		"passiveTriggerTypeValue": 0,
		"triggerNum": 0,
		"maxNum": 0,
		"duration": 10,
		"maxEffect": 30000,
		"effects": [
			4010051,
			4010052,
			4010053
		]
	},
	"401006": {
		// 4010061
		"id": 401006,
		"name": {"l10n":"-7oz8qi"},//暝瞳幻杀
		"desc": {"l10n":"bo1njj"},//暝瞳幻杀(6级)
		"skillIcon": "icon_sorcery_3_1",
		"type": 2,
		"triggerType": 0,
		"costType": 1,
		"costNum": 1,
		"cd": 0,
		"passiveTriggerType": 0,
		"passiveTriggerTypeValue": 0,
		"triggerNum": 0,
		"maxNum": 0,
		"duration": 10,
		"maxEffect": 30000,
		"effects": [
			4010061,
			4010062,
			4010063
		]
	},
	"401007": {
		// 4010071
		"id": 401007,
		"name": {"l10n":"-7oz8qi"},//暝瞳幻杀
		"desc": {"l10n":"bo08z3"},//暝瞳幻杀(7级)
		"skillIcon": "icon_sorcery_3_1",
		"type": 2,
		"triggerType": 0,
		"costType": 1,
		"costNum": 1,
		"cd": 0,
		"passiveTriggerType": 0,
		"passiveTriggerTypeValue": 0,
		"triggerNum": 0,
		"maxNum": 0,
		"duration": 10,
		"maxEffect": 30000,
		"effects": [
			4010071,
			4010072,
			4010073
		]
	},
	"401008": {
		// 4010081
		"id": 401008,
		"name": {"l10n":"-7oz8qi"},//暝瞳幻杀
		"desc": {"l10n":"bnyuen"},//暝瞳幻杀(8级)
		"skillIcon": "icon_sorcery_3_1",
		"type": 2,
		"triggerType": 0,
		"costType": 1,
		"costNum": 1,
		"cd": 0,
		"passiveTriggerType": 0,
		"passiveTriggerTypeValue": 0,
		"triggerNum": 0,
		"maxNum": 0,
		"duration": 10,
		"maxEffect": 30000,
		"effects": [
			4010081,
			4010082,
			4010083
		]
	},
	"401009": {
		// 4010091
		"id": 401009,
		"name": {"l10n":"-7oz8qi"},//暝瞳幻杀
		"desc": {"l10n":"bnxfu7"},//暝瞳幻杀(9级)
		"skillIcon": "icon_sorcery_3_1",
		"type": 2,
		"triggerType": 0,
		"costType": 1,
		"costNum": 1,
		"cd": 0,
		"passiveTriggerType": 0,
		"passiveTriggerTypeValue": 0,
		"triggerNum": 0,
		"maxNum": 0,
		"duration": 10,
		"maxEffect": 30000,
		"effects": [
			4010091,
			4010092,
			4010093
		]
	},
	"401010": {
		// 4010101
		"id": 401010,
		"name": {"l10n":"-7oz8qi"},//暝瞳幻杀
		"desc": {"l10n":"lv3v1t"},//暝瞳幻杀(10级)
		"skillIcon": "icon_sorcery_3_1",
		"type": 2,
		"triggerType": 0,
		"costType": 1,
		"costNum": 1,
		"cd": 0,
		"passiveTriggerType": 0,
		"passiveTriggerTypeValue": 0,
		"triggerNum": 0,
		"maxNum": 0,
		"duration": 10,
		"maxEffect": 30000,
		"effects": [
			4010101,
			4010102,
			4010103
		]
	},
	"4010012": {
		// 40100121
		"id": 4010012,
		"name": {"l10n":"-7oz8qi"},//暝瞳幻杀
		"desc": {"l10n":"9nujux"},//暝瞳幻杀(1级)普攻
		"type": 1,
		"triggerType": 0,
		"costType": 0,
		"costNum": 0,
		"cd": 0,
		"passiveTriggerType": 0,
		"passiveTriggerTypeValue": 0,
		"triggerNum": 0,
		"maxNum": 0,
		"duration": 0,
		"maxEffect": 0,
		"effects": [
			40100121
		]
	},
	"4010022": {
		// 40100221
		"id": 4010022,
		"name": {"l10n":"-7oz8qi"},//暝瞳幻杀
		"desc": {"l10n":"9p4wll"},//暝瞳幻杀(2级)普攻
		"type": 1,
		"triggerType": 0,
		"costType": 0,
		"costNum": 0,
		"cd": 0,
		"passiveTriggerType": 0,
		"passiveTriggerTypeValue": 0,
		"triggerNum": 0,
		"maxNum": 0,
		"duration": 0,
		"maxEffect": 0,
		"effects": [
			40100221
		]
	},
	"4010032": {
		// 40100321
		"id": 4010032,
		"name": {"l10n":"-7oz8qi"},//暝瞳幻杀
		"desc": {"l10n":"9l483t"},//暝瞳幻杀(3级)普攻
		"type": 1,
		"triggerType": 0,
		"costType": 0,
		"costNum": 0,
		"cd": 0,
		"passiveTriggerType": 0,
		"passiveTriggerTypeValue": 0,
		"triggerNum": 0,
		"maxNum": 0,
		"duration": 0,
		"maxEffect": 0,
		"effects": [
			40100321
		]
	},
	"4010042": {
		// 40100421
		"id": 4010042,
		"name": {"l10n":"-7oz8qi"},//暝瞳幻杀
		"desc": {"l10n":"9mekuh"},//暝瞳幻杀(4级)普攻
		"type": 1,
		"triggerType": 0,
		"costType": 0,
		"costNum": 0,
		"cd": 0,
		"passiveTriggerType": 0,
		"passiveTriggerTypeValue": 0,
		"triggerNum": 0,
		"maxNum": 0,
		"duration": 0,
		"maxEffect": 0,
		"effects": [
			40100421
		]
	},
	"4010052": {
		// 40100521
		"id": 4010052,
		"name": {"l10n":"-7oz8qi"},//暝瞳幻杀
		"desc": {"l10n":"6qt72h"},//暝瞳幻杀(5级)普攻
		"type": 1,
		"triggerType": 0,
		"costType": 0,
		"costNum": 0,
		"cd": 0,
		"passiveTriggerType": 0,
		"passiveTriggerTypeValue": 0,
		"triggerNum": 0,
		"maxNum": 0,
		"duration": 0,
		"maxEffect": 0,
		"effects": [
			40100521
		]
	},
	"4010062": {
		// 40100621
		"id": 4010062,
		"name": {"l10n":"-7oz8qi"},//暝瞳幻杀
		"desc": {"l10n":"6s3jt5"},//暝瞳幻杀(6级)普攻
		"type": 1,
		"triggerType": 0,
		"costType": 0,
		"costNum": 0,
		"cd": 0,
		"passiveTriggerType": 0,
		"passiveTriggerTypeValue": 0,
		"triggerNum": 0,
		"maxNum": 0,
		"duration": 0,
		"maxEffect": 0,
		"effects": [
			40100621
		]
	},
	"4010072": {
		// 40100721
		"id": 4010072,
		"name": {"l10n":"-7oz8qi"},//暝瞳幻杀
		"desc": {"l10n":"6opceh"},//暝瞳幻杀(7级)普攻
		"type": 1,
		"triggerType": 0,
		"costType": 0,
		"costNum": 0,
		"cd": 0,
		"passiveTriggerType": 0,
		"passiveTriggerTypeValue": 0,
		"triggerNum": 0,
		"maxNum": 0,
		"duration": 0,
		"maxEffect": 0,
		"effects": [
			40100721
		]
	},
	"4010082": {
		// 40100821
		"id": 4010082,
		"name": {"l10n":"-7oz8qi"},//暝瞳幻杀
		"desc": {"l10n":"6kzwg9"},//暝瞳幻杀(8级)普攻
		"type": 1,
		"triggerType": 0,
		"costType": 0,
		"costNum": 0,
		"cd": 0,
		"passiveTriggerType": 0,
		"passiveTriggerTypeValue": 0,
		"triggerNum": 0,
		"maxNum": 0,
		"duration": 0,
		"maxEffect": 0,
		"effects": [
			40100821
		]
	},
	"4010092": {
		// 40100921
		"id": 4010092,
		"name": {"l10n":"-7oz8qi"},//暝瞳幻杀
		"desc": {"l10n":"6ma96x"},//暝瞳幻杀(9级)普攻
		"type": 1,
		"triggerType": 0,
		"costType": 0,
		"costNum": 0,
		"cd": 0,
		"passiveTriggerType": 0,
		"passiveTriggerTypeValue": 0,
		"triggerNum": 0,
		"maxNum": 0,
		"duration": 0,
		"maxEffect": 0,
		"effects": [
			40100921
		]
	},
	"4010102": {
		// 40101021
		"id": 4010102,
		"name": {"l10n":"-7oz8qi"},//暝瞳幻杀
		"desc": {"l10n":"-vn86wm"},//暝瞳幻杀(10级)普攻
		"type": 1,
		"triggerType": 0,
		"costType": 0,
		"costNum": 0,
		"cd": 0,
		"passiveTriggerType": 0,
		"passiveTriggerTypeValue": 0,
		"triggerNum": 0,
		"maxNum": 0,
		"duration": 0,
		"maxEffect": 0,
		"effects": [
			40101021
		]
	},
	"401101": {
		// 4011011
		"id": 401101,
		"name": {"l10n":"-76g3kh"},//玄炎幻咒
		"desc": {"l10n":"-yx4idu"},//玄炎幻咒(1级)
		"skillIcon": "icon_sorcery_3_2",
		"type": 3,
		"triggerType": 1,
		"costType": 0,
		"costNum": 0,
		"cd": 0,
		"passiveTriggerType": 0,
		"passiveTriggerTypeValue": 0,
		"triggerNum": 5,
		"maxNum": 0,
		"duration": 0,
		"maxEffect": 0,
		"effects": [
			4011011,
			4011012,
			4011013
		]
	},
	"401102": {
		// 4011021
		"id": 401102,
		"name": {"l10n":"-76g3kh"},//玄炎幻咒
		"desc": {"l10n":"-yx8q36"},//玄炎幻咒(2级)
		"skillIcon": "icon_sorcery_3_2",
		"type": 3,
		"triggerType": 1,
		"costType": 0,
		"costNum": 0,
		"cd": 0,
		"passiveTriggerType": 0,
		"passiveTriggerTypeValue": 0,
		"triggerNum": 5,
		"maxNum": 0,
		"duration": 0,
		"maxEffect": 0,
		"effects": [
			4011021,
			4011022,
			4011023
		]
	},
	"401103": {
		// 4011031
		"id": 401103,
		"name": {"l10n":"-76g3kh"},//玄炎幻咒
		"desc": {"l10n":"-yx7biq"},//玄炎幻咒(3级)
		"skillIcon": "icon_sorcery_3_2",
		"type": 3,
		"triggerType": 1,
		"costType": 0,
		"costNum": 0,
		"cd": 0,
		"passiveTriggerType": 0,
		"passiveTriggerTypeValue": 0,
		"triggerNum": 5,
		"maxNum": 0,
		"duration": 0,
		"maxEffect": 0,
		"effects": [
			4011031,
			4011032,
			4011033
		]
	},
	"401104": {
		// 4011041
		"id": 401104,
		"name": {"l10n":"-76g3kh"},//玄炎幻咒
		"desc": {"l10n":"-yx0aoi"},//玄炎幻咒(4级)
		"skillIcon": "icon_sorcery_3_2",
		"type": 3,
		"triggerType": 1,
		"costType": 0,
		"costNum": 0,
		"cd": 0,
		"passiveTriggerType": 0,
		"passiveTriggerTypeValue": 0,
		"triggerNum": 5,
		"maxNum": 0,
		"duration": 0,
		"maxEffect": 0,
		"effects": [
			4011041,
			4011042,
			4011043
		]
	},
	"401105": {
		// 4011051
		"id": 401105,
		"name": {"l10n":"-76g3kh"},//玄炎幻咒
		"desc": {"l10n":"-ywyw42"},//玄炎幻咒(5级)
		"skillIcon": "icon_sorcery_3_2",
		"type": 3,
		"triggerType": 1,
		"costType": 0,
		"costNum": 0,
		"cd": 0,
		"passiveTriggerType": 0,
		"passiveTriggerTypeValue": 0,
		"triggerNum": 5,
		"maxNum": 0,
		"duration": 0,
		"maxEffect": 0,
		"effects": [
			4011051,
			4011052,
			4011053
		]
	},
	"401106": {
		// 4011061
		"id": 401106,
		"name": {"l10n":"-76g3kh"},//玄炎幻咒
		"desc": {"l10n":"-yx33te"},//玄炎幻咒(6级)
		"skillIcon": "icon_sorcery_3_2",
		"type": 3,
		"triggerType": 1,
		"costType": 0,
		"costNum": 0,
		"cd": 0,
		"passiveTriggerType": 0,
		"passiveTriggerTypeValue": 0,
		"triggerNum": 5,
		"maxNum": 0,
		"duration": 0,
		"maxEffect": 0,
		"effects": [
			4011061,
			4011062,
			4011063
		]
	},
	"401107": {
		// 4011071
		"id": 401107,
		"name": {"l10n":"-76g3kh"},//玄炎幻咒
		"desc": {"l10n":"-yx1p8y"},//玄炎幻咒(7级)
		"skillIcon": "icon_sorcery_3_2",
		"type": 3,
		"triggerType": 1,
		"costType": 0,
		"costNum": 0,
		"cd": 0,
		"passiveTriggerType": 0,
		"passiveTriggerTypeValue": 0,
		"triggerNum": 5,
		"maxNum": 0,
		"duration": 0,
		"maxEffect": 0,
		"effects": [
			4011071,
			4011072,
			4011073
		]
	},
	"401108": {
		// 4011081
		"id": 401108,
		"name": {"l10n":"-76g3kh"},//玄炎幻咒
		"desc": {"l10n":"-ywuoeq"},//玄炎幻咒(8级)
		"skillIcon": "icon_sorcery_3_2",
		"type": 3,
		"triggerType": 1,
		"costType": 0,
		"costNum": 0,
		"cd": 0,
		"passiveTriggerType": 0,
		"passiveTriggerTypeValue": 0,
		"triggerNum": 5,
		"maxNum": 0,
		"duration": 0,
		"maxEffect": 0,
		"effects": [
			4011081,
			4011082,
			4011083
		]
	},
	"401109": {
		// 4011091
		"id": 401109,
		"name": {"l10n":"-76g3kh"},//玄炎幻咒
		"desc": {"l10n":"-ywt9ua"},//玄炎幻咒(9级)
		"skillIcon": "icon_sorcery_3_2",
		"type": 3,
		"triggerType": 1,
		"costType": 0,
		"costNum": 0,
		"cd": 0,
		"passiveTriggerType": 0,
		"passiveTriggerTypeValue": 0,
		"triggerNum": 5,
		"maxNum": 0,
		"duration": 0,
		"maxEffect": 0,
		"effects": [
			4011091,
			4011092,
			4011093
		]
	},
	"401110": {
		// 4011101
		"id": 401110,
		"name": {"l10n":"-76g3kh"},//玄炎幻咒
		"desc": {"l10n":"-j5khlb"},//玄炎幻咒(10级)
		"skillIcon": "icon_sorcery_3_2",
		"type": 3,
		"triggerType": 1,
		"costType": 0,
		"costNum": 0,
		"cd": 0,
		"passiveTriggerType": 0,
		"passiveTriggerTypeValue": 0,
		"triggerNum": 5,
		"maxNum": 0,
		"duration": 0,
		"maxEffect": 0,
		"effects": [
			4011101,
			4011102,
			4011103
		]
	},
	"4011012": {
		// 40110121
		"id": 4011012,
		"name": {"l10n":"-76g3kh"},//玄炎幻咒
		"desc": {"l10n":"-mapih4"},//玄炎幻咒(1级)的普攻
		"type": 1,
		"triggerType": 0,
		"costType": 0,
		"costNum": 0,
		"cd": 0,
		"passiveTriggerType": 0,
		"passiveTriggerTypeValue": 0,
		"triggerNum": 0,
		"maxNum": 0,
		"duration": 0,
		"maxEffect": 0,
		"effects": [
			40110121
		]
	},
	"4011022": {
		// 40110221
		"id": 4011022,
		"name": {"l10n":"-76g3kh"},//玄炎幻咒
		"desc": {"l10n":"-mgr8i0"},//玄炎幻咒(2级)的普攻
		"type": 1,
		"triggerType": 0,
		"costType": 0,
		"costNum": 0,
		"cd": 0,
		"passiveTriggerType": 0,
		"passiveTriggerTypeValue": 0,
		"triggerNum": 0,
		"maxNum": 0,
		"duration": 0,
		"maxEffect": 0,
		"effects": [
			40110221
		]
	},
	"4011032": {
		// 40110321
		"id": 4011032,
		"name": {"l10n":"-76g3kh"},//玄炎幻咒
		"desc": {"l10n":"-m84szs"},//玄炎幻咒(3级)的普攻
		"type": 1,
		"triggerType": 0,
		"costType": 0,
		"costNum": 0,
		"cd": 0,
		"passiveTriggerType": 0,
		"passiveTriggerTypeValue": 0,
		"triggerNum": 0,
		"maxNum": 0,
		"duration": 0,
		"maxEffect": 0,
		"effects": [
			40110321
		]
	},
	"4011042": {
		// 40110421
		"id": 4011042,
		"name": {"l10n":"-76g3kh"},//玄炎幻咒
		"desc": {"l10n":"-m4i66g"},//玄炎幻咒(4级)的普攻
		"type": 1,
		"triggerType": 0,
		"costType": 0,
		"costNum": 0,
		"cd": 0,
		"passiveTriggerType": 0,
		"passiveTriggerTypeValue": 0,
		"triggerNum": 0,
		"maxNum": 0,
		"duration": 0,
		"maxEffect": 0,
		"effects": [
			40110421
		]
	},
	"4011052": {
		// 40110521
		"id": 4011052,
		"name": {"l10n":"-76g3kh"},//玄炎幻咒
		"desc": {"l10n":"-m5vc20"},//玄炎幻咒(5级)的普攻
		"type": 1,
		"triggerType": 0,
		"costType": 0,
		"costNum": 0,
		"cd": 0,
		"passiveTriggerType": 0,
		"passiveTriggerTypeValue": 0,
		"triggerNum": 0,
		"maxNum": 0,
		"duration": 0,
		"maxEffect": 0,
		"effects": [
			40110521
		]
	},
	"4011062": {
		// 40110621
		"id": 4011062,
		"name": {"l10n":"-76g3kh"},//玄炎幻咒
		"desc": {"l10n":"-mbx22w"},//玄炎幻咒(6级)的普攻
		"type": 1,
		"triggerType": 0,
		"costType": 0,
		"costNum": 0,
		"cd": 0,
		"passiveTriggerType": 0,
		"passiveTriggerTypeValue": 0,
		"triggerNum": 0,
		"maxNum": 0,
		"duration": 0,
		"maxEffect": 0,
		"effects": [
			40110621
		]
	},
	"4011072": {
		// 40110721
		"id": 4011072,
		"name": {"l10n":"-76g3kh"},//玄炎幻咒
		"desc": {"l10n":"-m3amko"},//玄炎幻咒(7级)的普攻
		"type": 1,
		"triggerType": 0,
		"costType": 0,
		"costNum": 0,
		"cd": 0,
		"passiveTriggerType": 0,
		"passiveTriggerTypeValue": 0,
		"triggerNum": 0,
		"maxNum": 0,
		"duration": 0,
		"maxEffect": 0,
		"effects": [
			40110721
		]
	},
	"4011082": {
		// 40110821
		"id": 4011082,
		"name": {"l10n":"-76g3kh"},//玄炎幻咒
		"desc": {"l10n":"-lznzrc"},//玄炎幻咒(8级)的普攻
		"type": 1,
		"triggerType": 0,
		"costType": 0,
		"costNum": 0,
		"cd": 0,
		"passiveTriggerType": 0,
		"passiveTriggerTypeValue": 0,
		"triggerNum": 0,
		"maxNum": 0,
		"duration": 0,
		"maxEffect": 0,
		"effects": [
			40110821
		]
	},
	"4011092": {
		// 40110921
		"id": 4011092,
		"name": {"l10n":"-76g3kh"},//玄炎幻咒
		"desc": {"l10n":"-m115mw"},//玄炎幻咒(9级)的普攻
		"type": 1,
		"triggerType": 0,
		"costType": 0,
		"costNum": 0,
		"cd": 0,
		"passiveTriggerType": 0,
		"passiveTriggerTypeValue": 0,
		"triggerNum": 0,
		"maxNum": 0,
		"duration": 0,
		"maxEffect": 0,
		"effects": [
			40110921
		]
	},
	"4011102": {
		// 40111021
		"id": 4011102,
		"name": {"l10n":"-76g3kh"},//玄炎幻咒
		"desc": {"l10n":"-sms6y"},//玄炎幻咒(10级)的普攻
		"type": 1,
		"triggerType": 0,
		"costType": 0,
		"costNum": 0,
		"cd": 0,
		"passiveTriggerType": 0,
		"passiveTriggerTypeValue": 0,
		"triggerNum": 0,
		"maxNum": 0,
		"duration": 0,
		"maxEffect": 0,
		"effects": [
			40111021
		]
	},
	"401201": {
		// 4012011
		"id": 401201,
		"name": {"l10n":"-8ugbpx"},//啸月幻闪
		"desc": {"l10n":"w1bcic"},//啸月幻闪(1级)
		"skillIcon": "icon_sorcery_3_3",
		"type": 4,
		"triggerType": 3,
		"costType": 0,
		"costNum": 0,
		"cd": 0,
		"passiveTriggerType": 0,
		"passiveTriggerTypeValue": 0,
		"triggerNum": 1,
		"maxNum": 10,
		"duration": 3,
		"maxEffect": 0,
		"effects": [
			4012011
		]
	},
	"401202": {
		// 4012021
		"id": 401202,
		"name": {"l10n":"-8ugbpx"},//啸月幻闪
		"desc": {"l10n":"w19xxw"},//啸月幻闪(2级)
		"skillIcon": "icon_sorcery_3_3",
		"type": 4,
		"triggerType": 3,
		"costType": 0,
		"costNum": 0,
		"cd": 0,
		"passiveTriggerType": 0,
		"passiveTriggerTypeValue": 0,
		"triggerNum": 1,
		"maxNum": 10,
		"duration": 3,
		"maxEffect": 0,
		"effects": [
			4012021
		]
	},
	"401203": {
		// 4012031
		"id": 401203,
		"name": {"l10n":"-8ugbpx"},//啸月幻闪
		"desc": {"l10n":"w18jdg"},//啸月幻闪(3级)
		"skillIcon": "icon_sorcery_3_3",
		"type": 4,
		"triggerType": 3,
		"costType": 0,
		"costNum": 0,
		"cd": 0,
		"passiveTriggerType": 0,
		"passiveTriggerTypeValue": 0,
		"triggerNum": 1,
		"maxNum": 10,
		"duration": 3,
		"maxEffect": 0,
		"effects": [
			4012031
		]
	},
	"401204": {
		// 4012041
		"id": 401204,
		"name": {"l10n":"-8ugbpx"},//啸月幻闪
		"desc": {"l10n":"w1idck"},//啸月幻闪(4级)
		"skillIcon": "icon_sorcery_3_3",
		"type": 4,
		"triggerType": 3,
		"costType": 0,
		"costNum": 0,
		"cd": 0,
		"passiveTriggerType": 0,
		"passiveTriggerTypeValue": 0,
		"triggerNum": 1,
		"maxNum": 10,
		"duration": 3,
		"maxEffect": 0,
		"effects": [
			4012041
		]
	},
	"401205": {
		// 4012051
		"id": 401205,
		"name": {"l10n":"-8ugbpx"},//啸月幻闪
		"desc": {"l10n":"w1gys4"},//啸月幻闪(5级)
		"skillIcon": "icon_sorcery_3_3",
		"type": 4,
		"triggerType": 3,
		"costType": 0,
		"costNum": 0,
		"cd": 0,
		"passiveTriggerType": 0,
		"passiveTriggerTypeValue": 0,
		"triggerNum": 1,
		"maxNum": 10,
		"duration": 3,
		"maxEffect": 0,
		"effects": [
			4012051
		]
	},
	"401206": {
		// 4012061
		"id": 401206,
		"name": {"l10n":"-8ugbpx"},//啸月幻闪
		"desc": {"l10n":"w1fk7o"},//啸月幻闪(6级)
		"skillIcon": "icon_sorcery_3_3",
		"type": 4,
		"triggerType": 3,
		"costType": 0,
		"costNum": 0,
		"cd": 0,
		"passiveTriggerType": 0,
		"passiveTriggerTypeValue": 0,
		"triggerNum": 1,
		"maxNum": 10,
		"duration": 3,
		"maxEffect": 0,
		"effects": [
			4012061
		]
	},
	"401207": {
		// 4012071
		"id": 401207,
		"name": {"l10n":"-8ugbpx"},//啸月幻闪
		"desc": {"l10n":"w1e5n8"},//啸月幻闪(7级)
		"skillIcon": "icon_sorcery_3_3",
		"type": 4,
		"triggerType": 3,
		"costType": 0,
		"costNum": 0,
		"cd": 0,
		"passiveTriggerType": 0,
		"passiveTriggerTypeValue": 0,
		"triggerNum": 1,
		"maxNum": 10,
		"duration": 3,
		"maxEffect": 0,
		"effects": [
			4012071
		]
	},
	"401208": {
		// 4012081
		"id": 401208,
		"name": {"l10n":"-8ugbpx"},//啸月幻闪
		"desc": {"l10n":"w11ij8"},//啸月幻闪(8级)
		"skillIcon": "icon_sorcery_3_3",
		"type": 4,
		"triggerType": 3,
		"costType": 0,
		"costNum": 0,
		"cd": 0,
		"passiveTriggerType": 0,
		"passiveTriggerTypeValue": 0,
		"triggerNum": 1,
		"maxNum": 10,
		"duration": 3,
		"maxEffect": 0,
		"effects": [
			4012081
		]
	},
	"401209": {
		// 4012091
		"id": 401209,
		"name": {"l10n":"-8ugbpx"},//啸月幻闪
		"desc": {"l10n":"w103ys"},//啸月幻闪(9级)
		"skillIcon": "icon_sorcery_3_3",
		"type": 4,
		"triggerType": 3,
		"costType": 0,
		"costNum": 0,
		"cd": 0,
		"passiveTriggerType": 0,
		"passiveTriggerTypeValue": 0,
		"triggerNum": 1,
		"maxNum": 10,
		"duration": 3,
		"maxEffect": 0,
		"effects": [
			4012091
		]
	},
	"401210": {
		// 4012101
		"id": 401210,
		"name": {"l10n":"-8ugbpx"},//啸月幻闪
		"desc": {"l10n":"-cbkkb5"},//啸月幻闪(10级)
		"skillIcon": "icon_sorcery_3_3",
		"type": 4,
		"triggerType": 3,
		"costType": 0,
		"costNum": 0,
		"cd": 0,
		"passiveTriggerType": 0,
		"passiveTriggerTypeValue": 0,
		"triggerNum": 1,
		"maxNum": 10,
		"duration": 3,
		"maxEffect": 0,
		"effects": [
			4012101
		]
	},
	"901001": {
		// 9010011
		"id": 901001,
		"name": {"l10n":"5asjci"},//神佑
		"type": 5,
		"triggerType": 101,
		"costType": 0,
		"costNum": 0,
		"cd": 0,
		"passiveTriggerType": 0,
		"passiveTriggerTypeValue": 0,
		"triggerNum": 0,
		"maxNum": 0,
		"duration": 0,
		"maxEffect": 0,
		"effects": [
			9010011
		]
	},
	"902001": {
		// 9020011
		"id": 902001,
		"name": {"l10n":"-3h3pd"},//审判
		"type": 5,
		"triggerType": 102,
		"costType": 0,
		"costNum": 0,
		"cd": 0,
		"passiveTriggerType": 0,
		"passiveTriggerTypeValue": 0,
		"triggerNum": 0,
		"maxNum": 0,
		"duration": 0,
		"maxEffect": 0,
		"effects": [
			9020011
		]
	},
	"903001": {
		// 9030011
		"id": 903001,
		"name": {"l10n":"-b1oh0d"},//免疫
		"type": 5,
		"triggerType": 103,
		"costType": 0,
		"costNum": 0,
		"cd": 0,
		"passiveTriggerType": 0,
		"passiveTriggerTypeValue": 0,
		"triggerNum": 0,
		"maxNum": 0,
		"duration": 0,
		"maxEffect": 0,
		"effects": [
			9030011
		]
	},
	"904001": {
		// 9040011
		"id": 904001,
		"name": {"l10n":"-yzngu"},//连击
		"type": 5,
		"triggerType": 104,
		"costType": 0,
		"costNum": 0,
		"cd": 0,
		"passiveTriggerType": 0,
		"passiveTriggerTypeValue": 0,
		"triggerNum": 0,
		"maxNum": 0,
		"duration": 0,
		"maxEffect": 0,
		"effects": [
			9040011
		]
	},
	"905001": {
		// 9050011
		"id": 905001,
		"name": {"l10n":"-b0a1gh"},//禁疗
		"type": 5,
		"triggerType": 105,
		"costType": 0,
		"costNum": 0,
		"cd": 0,
		"passiveTriggerType": 0,
		"passiveTriggerTypeValue": 0,
		"triggerNum": 0,
		"maxNum": 0,
		"duration": 0,
		"maxEffect": 0,
		"effects": [
			9050011
		]
	},
	"906001": {
		// 9060011
		"id": 906001,
		"name": {"l10n":"irljxj"},//沉默
		"type": 5,
		"triggerType": 106,
		"costType": 0,
		"costNum": 0,
		"cd": 0,
		"passiveTriggerType": 0,
		"passiveTriggerTypeValue": 0,
		"triggerNum": 0,
		"maxNum": 0,
		"duration": 0,
		"maxEffect": 0,
		"effects": [
			9060011
		]
	},
	"202101": {
		// 2021011
		"id": 202101,
		"name": {"l10n":"-3s8qzw"},//正一雷法
		"desc": {"l10n":"-3s8qzw"},//正一雷法
		"skillIcon": "icon_sorcery_1_1",
		"type": 2,
		"triggerType": 0,
		"costType": 1,
		"costNum": 1,
		"cd": 30,
		"passiveTriggerType": 0,
		"passiveTriggerTypeValue": 0,
		"triggerNum": 0,
		"maxNum": 0,
		"duration": 10,
		"maxEffect": 311001,
		"effects": [
			2021011,
			2021012
		]
	},
	"202201": {
		// 2022011
		"id": 202201,
		"name": {"l10n":"-cou7ju"},//三昧真火
		"desc": {"l10n":"-cou7ju"},//三昧真火
		"skillIcon": "icon_sorcery_1_1",
		"type": 2,
		"triggerType": 0,
		"costType": 1,
		"costNum": 1,
		"cd": 30,
		"passiveTriggerType": 0,
		"passiveTriggerTypeValue": 0,
		"triggerNum": 0,
		"maxNum": 0,
		"duration": 10,
		"maxEffect": 312001,
		"effects": [
			2022011,
			2022012
		]
	},
	"202301": {
		// 2023011
		"id": 202301,
		"name": {"l10n":"7fsfk9"},//九转玄功
		"desc": {"l10n":"7fsfk9"},//九转玄功
		"skillIcon": "icon_sorcery_1_1",
		"type": 2,
		"triggerType": 0,
		"costType": 1,
		"costNum": 1,
		"cd": 30,
		"passiveTriggerType": 0,
		"passiveTriggerTypeValue": 0,
		"triggerNum": 0,
		"maxNum": 0,
		"duration": 10,
		"maxEffect": 313001,
		"effects": [
			2023011,
			2023012
		]
	},
	"202401": {
		// 2024011
		"id": 202401,
		"name": {"l10n":"-n17eza"},//鬼神玄功
		"desc": {"l10n":"-n17eza"},//鬼神玄功
		"skillIcon": "icon_sorcery_1_1",
		"type": 2,
		"triggerType": 0,
		"costType": 1,
		"costNum": 1,
		"cd": 30,
		"passiveTriggerType": 0,
		"passiveTriggerTypeValue": 0,
		"triggerNum": 0,
		"maxNum": 0,
		"duration": 10,
		"maxEffect": 314001,
		"effects": [
			2024011,
			2024012
		]
	},
	"2021012": {
		// 20210121
		"id": 2021012,
		"name": {"l10n":"-3s8qzw"},//正一雷法
		"desc": {"l10n":"-3s8qzw"},//正一雷法
		"type": 1,
		"triggerType": 0,
		"costType": 0,
		"costNum": 0,
		"cd": 0,
		"passiveTriggerType": 0,
		"passiveTriggerTypeValue": 0,
		"triggerNum": 0,
		"maxNum": 0,
		"duration": 0,
		"maxEffect": 0,
		"effects": [
			20210121
		]
	},
	"2022012": {
		// 20220121
		"id": 2022012,
		"name": {"l10n":"-cou7ju"},//三昧真火
		"desc": {"l10n":"-cou7ju"},//三昧真火
		"type": 1,
		"triggerType": 0,
		"costType": 0,
		"costNum": 0,
		"cd": 0,
		"passiveTriggerType": 0,
		"passiveTriggerTypeValue": 0,
		"triggerNum": 0,
		"maxNum": 0,
		"duration": 0,
		"maxEffect": 0,
		"effects": [
			20220121
		]
	},
	"2023012": {
		// 20230121
		"id": 2023012,
		"name": {"l10n":"7fsfk9"},//九转玄功
		"desc": {"l10n":"7fsfk9"},//九转玄功
		"type": 1,
		"triggerType": 0,
		"costType": 0,
		"costNum": 0,
		"cd": 0,
		"passiveTriggerType": 0,
		"passiveTriggerTypeValue": 0,
		"triggerNum": 0,
		"maxNum": 0,
		"duration": 0,
		"maxEffect": 0,
		"effects": [
			20230121
		]
	},
	"2024012": {
		// 20240121
		"id": 2024012,
		"name": {"l10n":"-n17eza"},//鬼神玄功
		"desc": {"l10n":"-n17eza"},//鬼神玄功
		"type": 1,
		"triggerType": 0,
		"costType": 0,
		"costNum": 0,
		"cd": 0,
		"passiveTriggerType": 0,
		"passiveTriggerTypeValue": 0,
		"triggerNum": 0,
		"maxNum": 0,
		"duration": 0,
		"maxEffect": 0,
		"effects": [
			20240121
		]
	},
	"801001": {
		// 8010011
		"id": 801001,
		"name": {"l10n":"-4g02jh"},//BOSS群攻
		"type": 201,
		"triggerType": 3,
		"costType": 2,
		"costNum": 60,
		"cd": 0,
		"passiveTriggerType": 0,
		"passiveTriggerTypeValue": 0,
		"triggerNum": 0,
		"maxNum": 0,
		"duration": 0,
		"maxEffect": 0,
		"effects": [
			8010011
		]
	},
	"801002": {
		// 8010021
		"id": 801002,
		"name": {"l10n":"-8dg0nd"},//BOSS被动1
		"type": 202,
		"triggerType": 3,
		"costType": 0,
		"costNum": 0,
		"cd": 0,
		"passiveTriggerType": 0,
		"passiveTriggerTypeValue": 0,
		"triggerNum": 0,
		"maxNum": 0,
		"duration": 0,
		"maxEffect": 0,
		"effects": [
			8010021
		]
	},
	"801003": {
		// 8010031
		"id": 801003,
		"name": {"l10n":"-5eow03"},//BOSS狂暴
		"type": 203,
		"triggerType": 3,
		"costType": 0,
		"costNum": 0,
		"cd": 0,
		"passiveTriggerType": 1,
		"passiveTriggerTypeValue": 3000,
		"triggerNum": 0,
		"maxNum": 0,
		"duration": 0,
		"maxEffect": 0,
		"effects": [
			8010031,
			8010032,
			8010033
		]
	}
}