{
	//素罗皮肤.id 皮肤id，跟物品id一样
	//素罗皮肤.isShow 是否在素萝领取次数位置展示
	//素罗皮肤.skinType 皮肤类型1:境界皮肤2:活动皮肤
	//素罗皮肤.quality 品质
	//素罗皮肤.spine 形象资源
	//素罗皮肤.name 名字
	//素罗皮肤.desc 描述
	//素罗皮肤.award 拥有后每日赠送资源
	//award.id 皮肤id，跟物品id一样
	//award.propId 奖励道具
	//award.num 奖励数量
	//"salt": "e90f536f86652a3ef0b781563202f15d"
	"500001": {
		"id": 500001,
		"isShow": 1,
		"skinType": 1,
		"quality": 1,
		"spine": 500001,
		"name": {"l10n":"-jpvcax"},//素萝境界皮肤
		"desc": {"l10n":"-cwy1h9"},//素萝境界皮肤，拥有后每日可领取1000次助攻次数
		"award": [
			{
				"id": 500001,
				"propId": 1021,
				"num": 1000
			}
		]
	},
	"500002": {
		"id": 500002,
		"isShow": 1,
		"skinType": 1,
		"quality": 2,
		"spine": 500002,
		"name": {"l10n":"-jpvcax"},//素萝境界皮肤
		"desc": {"l10n":"-cwy1h9"},//素萝境界皮肤，拥有后每日可领取1000次助攻次数
		"award": [
			{
				"id": 500002,
				"propId": 1021,
				"num": 1000
			}
		]
	},
	"500003": {
		"id": 500003,
		"isShow": 1,
		"skinType": 1,
		"quality": 3,
		"spine": 500003,
		"name": {"l10n":"-jpvcax"},//素萝境界皮肤
		"desc": {"l10n":"-cwy1h9"},//素萝境界皮肤，拥有后每日可领取1000次助攻次数
		"award": [
			{
				"id": 500003,
				"propId": 1021,
				"num": 1000
			}
		]
	},
	"504001": {
		"id": 504001,
		"isShow": 0,
		"skinType": 2,
		"quality": 3,
		"spine": 500003,
		"name": {"l10n":"-jpvcax"},//素萝境界皮肤
		"desc": {"l10n":"-3u5s4s"},//素萝境界皮肤，拥有后每日可领取100次助攻次数
		"award": [
			{
				"id": 504001,
				"propId": 1021,
				"num": 100
			}
		]
	},
	"504002": {
		"id": 504002,
		"isShow": 0,
		"skinType": 2,
		"quality": 3,
		"spine": 500003,
		"name": {"l10n":"-jpvcax"},//素萝境界皮肤
		"desc": {"l10n":"-3u5s4s"},//素萝境界皮肤，拥有后每日可领取100次助攻次数
		"award": [
			{
				"id": 504002,
				"propId": 1021,
				"num": 100
			}
		]
	}
}