{
	//神秘人突破.id 突破等级(境界等级)
	//神秘人突破.level 限制等级客户端展示
	//神秘人突破.costPropId 消耗道具，升到下一级
	//神秘人突破.costNum 消耗数量
	//神秘人突破.atk 额外增加攻击力，突破的等级对应的攻击值加上神秘人等级的攻击值=最终攻击值
	//神秘人突破.effect 特效
	//神秘人突破.skinId 皮肤id
	//神秘人突破.click 单次点击收益
	//神秘人突破.iconNum 花朵数量
	//click.id 突破等级
	//click.propId 奖励道具
	//click.num 奖励数量
	//"salt": "c24b020d01569ce70c13772c75219abc"
	"1": {
		"id": 1,
		"level": 3,
		"costPropId": 1019,
		"costNum": 90,
		"atk": 0,
		"skinId": 500001,
		"click": [
			{
				"id": 1,
				"propId": 1002,
				"num": 5
			},
			{
				"id": 1,
				"propId": 10202,
				"num": 1
			}
		],
		"iconNum": 3
	},
	"2": {
		"id": 2,
		"level": 6,
		"costPropId": 1019,
		"costNum": 90,
		"atk": 0,
		"skinId": 500002,
		"click": [
			{
				"id": 2,
				"propId": 1002,
				"num": 5
			},
			{
				"id": 2,
				"propId": 10202,
				"num": 2
			}
		],
		"iconNum": 3
	},
	"3": {
		"id": 3,
		"level": 9,
		"costPropId": 1019,
		"costNum": 90,
		"atk": 0,
		"skinId": 500003,
		"click": [
			{
				"id": 3,
				"propId": 1002,
				"num": 5
			},
			{
				"id": 3,
				"propId": 10202,
				"num": 3
			}
		],
		"iconNum": 3
	},
	"4": {
		"id": 4,
		"level": 12,
		"costPropId": 1019,
		"costNum": 90,
		"atk": 0,
		"skinId": 500003,
		"click": [
			{
				"id": 4,
				"propId": 1002,
				"num": 5
			},
			{
				"id": 4,
				"propId": 10202,
				"num": 4
			}
		],
		"iconNum": 3
	},
	"5": {
		"id": 5,
		"level": 15,
		"costPropId": 1019,
		"costNum": 90,
		"atk": 0,
		"skinId": 500003,
		"click": [
			{
				"id": 5,
				"propId": 1002,
				"num": 5
			},
			{
				"id": 5,
				"propId": 10202,
				"num": 5
			}
		],
		"iconNum": 3
	},
	"6": {
		"id": 6,
		"level": 18,
		"costPropId": 1019,
		"costNum": 90,
		"atk": 0,
		"skinId": 500003,
		"click": [
			{
				"id": 6,
				"propId": 1002,
				"num": 5
			},
			{
				"id": 6,
				"propId": 10202,
				"num": 6
			}
		],
		"iconNum": 3
	},
	"7": {
		"id": 7,
		"level": 0,
		"costPropId": 0,
		"costNum": 0,
		"atk": 0,
		"skinId": 500003,
		"click": [
			{
				"id": 7,
				"propId": 1002,
				"num": 5
			},
			{
				"id": 7,
				"propId": 10202,
				"num": 7
			}
		],
		"iconNum": 0
	}
}