{
	//神秘人.id 等级
	//神秘人.name 名字
	//神秘人.level 玩家等级限制
	//神秘人.realm 境界
	//神秘人.costPropId 消耗道具，升到下一级
	//神秘人.costNum 消耗数量
	//神秘人.atk 攻击力
	//神秘人.breakThrough 突破
	//"salt": "c218e0d3bf805a2664b10276d5682852"
	"1": {
		"id": 1,
		"name": {"l10n":"khtwg0"},//素萝
		"level": 1,
		"realm": 1,
		"costPropId": 1019,
		"costNum": 1,
		"atk": 600,
		"breakThrough": 0
	},
	"2": {
		"id": 2,
		"name": {"l10n":"khtwg0"},//素萝
		"level": 1,
		"realm": 1,
		"costPropId": 1019,
		"costNum": 1,
		"atk": 1200,
		"breakThrough": 0
	},
	"3": {
		"id": 3,
		"name": {"l10n":"khtwg0"},//素萝
		"level": 1,
		"realm": 1,
		"costPropId": 1019,
		"costNum": 1,
		"atk": 1800,
		"breakThrough": 2
	},
	"4": {
		"id": 4,
		"name": {"l10n":"khtwg0"},//素萝
		"level": 1,
		"realm": 1,
		"costPropId": 1019,
		"costNum": 1,
		"atk": 2400,
		"breakThrough": 0
	},
	"5": {
		"id": 5,
		"name": {"l10n":"khtwg0"},//素萝
		"level": 1,
		"realm": 1,
		"costPropId": 1019,
		"costNum": 1,
		"atk": 3000,
		"breakThrough": 0
	},
	"6": {
		"id": 6,
		"name": {"l10n":"khtwg0"},//素萝
		"level": 1,
		"realm": 1,
		"costPropId": 1019,
		"costNum": 1,
		"atk": 3600,
		"breakThrough": 3
	},
	"7": {
		"id": 7,
		"name": {"l10n":"khtwg0"},//素萝
		"level": 1,
		"realm": 1,
		"costPropId": 1019,
		"costNum": 1,
		"atk": 4200,
		"breakThrough": 0
	},
	"8": {
		"id": 8,
		"name": {"l10n":"khtwg0"},//素萝
		"level": 1,
		"realm": 1,
		"costPropId": 1019,
		"costNum": 1,
		"atk": 4800,
		"breakThrough": 0
	},
	"9": {
		"id": 9,
		"name": {"l10n":"khtwg0"},//素萝
		"level": 1,
		"realm": 1,
		"costPropId": 1019,
		"costNum": 1,
		"atk": 5400,
		"breakThrough": 4
	},
	"10": {
		"id": 10,
		"name": {"l10n":"khtwg0"},//素萝
		"level": 1,
		"realm": 1,
		"costPropId": 1019,
		"costNum": 1,
		"atk": 6000,
		"breakThrough": 0
	},
	"11": {
		"id": 11,
		"name": {"l10n":"khtwg0"},//素萝
		"level": 1,
		"realm": 1,
		"costPropId": 1019,
		"costNum": 1,
		"atk": 6600,
		"breakThrough": 0
	},
	"12": {
		"id": 12,
		"name": {"l10n":"khtwg0"},//素萝
		"level": 1,
		"realm": 1,
		"costPropId": 1019,
		"costNum": 1,
		"atk": 7200,
		"breakThrough": 5
	},
	"13": {
		"id": 13,
		"name": {"l10n":"khtwg0"},//素萝
		"level": 1,
		"realm": 1,
		"costPropId": 1019,
		"costNum": 1,
		"atk": 7800,
		"breakThrough": 0
	},
	"14": {
		"id": 14,
		"name": {"l10n":"khtwg0"},//素萝
		"level": 1,
		"realm": 1,
		"costPropId": 1019,
		"costNum": 1,
		"atk": 8400,
		"breakThrough": 0
	},
	"15": {
		"id": 15,
		"name": {"l10n":"khtwg0"},//素萝
		"level": 1,
		"realm": 1,
		"costPropId": 1019,
		"costNum": 1,
		"atk": 9000,
		"breakThrough": 6
	},
	"16": {
		"id": 16,
		"name": {"l10n":"khtwg0"},//素萝
		"level": 1,
		"realm": 1,
		"costPropId": 1019,
		"costNum": 1,
		"atk": 9600,
		"breakThrough": 0
	},
	"17": {
		"id": 17,
		"name": {"l10n":"khtwg0"},//素萝
		"level": 1,
		"realm": 1,
		"costPropId": 1019,
		"costNum": 1,
		"atk": 10200,
		"breakThrough": 0
	},
	"18": {
		"id": 18,
		"name": {"l10n":"khtwg0"},//素萝
		"level": 1,
		"realm": 1,
		"costPropId": 1019,
		"costNum": 1,
		"atk": 10800,
		"breakThrough": 7
	}
}