{
	//Sheet1.id 唯一id
	//Sheet1.type 1、世界频道2、系统频道3、山头频道4、跑马灯5、玩家日志（战斗流水）6、怪物日志（战斗流水）7、其他日志（战斗流水）8、弹窗9、TIP10、邮件11、山头日志12、竞技场13、历练（可以填数组）
	//Sheet1.title 邮件标题
	//Sheet1.desc 描述
	//"salt": "e3a50794f901aa1ea874674e43a6ea7a"
	"1": {
		// 个人历练奖励次数足够击杀boss，{0}境界，{1}怪物名.{2}怪物所有的掉落和对应数量，按照品质依次排序
		"id": 1,
		"type": [
			6
		],
		"desc": {"l10n":"3zbrrw"}//您以[color=#a4fd77]{0}[/color]修为击败了[color=#ff7166]{1}[/color]，搜获秘宝：{2}
	},
	"2": {
		// 个人历练奖励次数不足，也不满足爱心值获取条件击杀boss，{0}境界，{1}怪物名.
		"id": 2,
		"type": [
			6
		],
		"desc": {"l10n":"jgk7xd"}//您以[color=#a4fd77]{0}[/color]修为击败了[color=#ff7166]{1}[/color]，因机缘耗尽，您无法搜获秘宝。
	},
	"3": {
		// 个人历练满足爱心值获取条件击杀boss，{0}境界，{1}怪物名，{2}怪物所有的掉落和对应数量，按照品质依次排序
		"id": 3,
		"type": [
			6
		],
		"desc": {"l10n":"-ae40l4"}//您以[color=#a4fd77]{0}[/color]修为帮助其他修士击败了[color=#ff7166]{1}[/color]，获得{2}
	},
	"4": {
		// 个人历练满足爱心值获取条件，但爱心值获取次数达上限，{0}境界，{1}怪物名.
		"id": 4,
		"type": [
			6
		],
		"desc": {"l10n":"-m8qzof"}//您以[color=#a4fd77]{0}[/color]修为击败了[color=#ff7166]{1}[/color]，因本日机缘耗尽，您无法搜获秘宝。
	},
	"5": {
		// 个人历练被BOSS击杀，{0}境界，{1}怪物名.
		"id": 5,
		"type": [
			6
		],
		"desc": {"l10n":"-7ltxdb"}//您一时大意，被[color=#a4fd77]{0}[/color]敌人[color=#ff7166]{1}[/color]重创
	},
	"6": {
		// 活动历练归属者击杀boss,{0}怪物名，{1}怪物掉落奖励，{2}归属奖励
		"id": 6,
		"type": [
			6
		],
		"desc": {"l10n":"-bzpa5a"}//您以[color=#a4fd77]归属者[/color]身份击败了[color=#ff7166]{0}[/color]，搜获秘宝：{1},归属者额外搜获秘宝：{2}
	},
	"7": {
		// 活动历练归属山头成员击杀，{0}山头名，{1}怪物名，{2}怪物掉落奖励，{3}归属奖励
		"id": 7,
		"type": [
			6
		],
		"desc": {"l10n":"-epajwr"}//您与[color=#fed471]{0}[/color]的妖友以[color=#a4fd77]归属者[/color]身份携手击败了[color=#ff7166]{1}[/color]，搜获秘宝：{2}，归属盟会额外搜获秘宝：{3}
	},
	"8": {
		// 活动历练非归属山头成员击杀boss,{0}境界,{1}怪物名
		"id": 8,
		"type": [
			6
		],
		"desc": {"l10n":"udk6xq"}//您以[color=#a4fd77]{0}[/color]修为击败[color=#ff7166]{1}[/color]，因本日机缘耗尽，您无法搜获秘宝
	},
	"9": {
		// 活动历练击杀非归属的其他玩家,{0}自身境界，{1}被击杀玩家境界，{2}被击杀玩家名
		"id": 9,
		"type": [
			5
		],
		"desc": {"l10n":"u8g79s"}//您以[color=#a4fd77]{0}[/color]修为击败了[color=#a4fd77]{1}[/color]修士[color=#ff7166]{2}[/color]
	},
	"12": {
		// 活动历练被BOSS击杀{0}怪物境界,{1}怪物名
		"id": 12,
		"type": [
			6
		],
		"desc": {"l10n":"-7ltxdb"}//您一时大意，被[color=#a4fd77]{0}[/color]敌人[color=#ff7166]{1}[/color]重创
	},
	"13": {
		// 活动历练击杀归属的其他玩家，{0}玩家境界,{1}被击杀的玩家境界{2}被击杀玩家名{3}怪物名
		"id": 13,
		"type": [
			5
		],
		"desc": {"l10n":"u8z5u3"}//您以[color=#a4fd77]{0}[/color]修为击败了[color=#a4fd77]{1}[/color]修士[color=#ff7166]{2}[/color]，获得了[color=#ff7166]{3}[/color]的归属
	},
	"14": {
		// 活动历练被其他玩家击杀，{0}击杀者境界,{1}击杀者名字
		"id": 14,
		"type": [
			5
		],
		"desc": {"l10n":"f7rh2u"}//您一时大意，被[color=#a4fd77]{0}[/color]修士[color=#ff7166]{1}[/color]重创
	},
	"17": {
		// 多人修炼击杀怪物,{0}怪物名,{1}杀死怪物扣除的体力,{2}怪物掉落奖励
		"id": 17,
		"type": [
			6
		],
		"desc": {"l10n":"d0f033"}//您成功击败了[color=#a4fd77]{0}[/color][color=#fed471]({1})[/color]，并搜获秘宝：{2}
	},
	"18": {
		// 多人修炼体力不足击杀怪物，{0}怪物名
		"id": 18,
		"type": [
			6
		],
		"desc": {"l10n":"2n7bhy"}//您成功击败了[color=#a4fd77]{0}[/color]，因体力不足，无法搜获秘宝
	},
	"19": {
		// 多人修炼被怪物击杀，{0}怪物境界{1}怪物名
		"id": 19,
		"type": [
			6
		],
		"desc": {"l10n":"-7ltxdb"}//您一时大意，被[color=#a4fd77]{0}[/color]敌人[color=#ff7166]{1}[/color]重创
	},
	"20": {
		// 玩家抽取到橙色以上装备，{0}玩家名{1}抽到的装备名
		"id": 20,
		"type": [
			2,
			4
		],
		"desc": {"l10n":"-x1k4y"}//[color=#a4fd77]{0}[/color]妖缘深厚，鸿运当头，在装备抽取中获得了{1}！
	},
	"21": {
		// 玩家被移出了山头
		"id": 21,
		"type": [
			8
		],
		"desc": {"l10n":"8d9rbg"}//您被移出了山头
	},
	"22": {
		// 玩家所在的山头解散
		"id": 22,
		"type": [
			8
		],
		"desc": {"l10n":"2nvydh"}//您的山头已解散
	},
	"23": {
		// 玩家被移出了山头，{0}山头名
		"id": 23,
		"type": [
			8,
			10
		],
		"title": {"l10n":"-dx3rv4"},//移出山头通知
		"desc": {"l10n":"wss63i"}//您已被移出了山头{0}
	},
	"24": {
		// 玩家所在的山头解散，{0}山头名
		"id": 24,
		"type": [
			10
		],
		"title": {"l10n":"ic7ru2"},//山头解散
		"desc": {"l10n":"-jt72af"}//您的山头{0}已解散
	},
	"25": {
		// 玩家被任命山头职称，{0}山头内职称名
		"id": 25,
		"type": [
			9
		],
		"desc": {"l10n":"nrnfyr"}//您被任命为[color=#a4fd77]{0}[/color]
	},
	"26": {
		// 玩家所在的山头有新成员加入，{0}新成员名
		"id": 26,
		"type": [
			9
		],
		"desc": {"l10n":"7k3h9b"}//[color=#a4fd77]{0}[/color]加入了本山头
	},
	"27": {
		// 玩家加入了山头，{0}山头名
		"id": 27,
		"type": [
			9
		],
		"desc": {"l10n":"-vuab9m"}//您已加入山头[color=#a4fd77]{0}[/color]
	},
	"28": {
		// 血脉契印切换，{0}法阵名
		"id": 28,
		"type": [
			9
		],
		"desc": {"l10n":"-c8ll61"}//血脉契印已切换为[color=#fed471]{0}[/color]
	},
	"29": {
		// 玩家等级不足以申请山头
		"id": 29,
		"type": [
			9
		],
		"desc": {"l10n":"-l0yr5n"}//未达到等级条件，无法加入该山头
	},
	"30": {
		// 山头内有玩家捐献了山头令，{0}捐献玩家名{1}本次捐献的山头令及数目
		"id": 30,
		"type": [
			3
		],
		"desc": {"l10n":"vupq2m"}//[color=#a4fd77]{0}[/color]捐纳了{1}
	},
	"31": {
		// 山头内有玩家修改了山头名称，{0}执行玩家名{1}山头名称
		"id": 31,
		"type": [
			3
		],
		"desc": {"l10n":"u29xok"}//[color=#a4fd77]{0}[/color]将山头名称修改为[color=#a4fd77]{1}[/color]
	},
	"32": {
		// 山头对内公告修改，{0}山头公告
		"id": 32,
		"type": [
			3
		],
		"desc": {"l10n":"-pz1s9d"}//山头公告修改为：{0}
	},
	"33": {
		// 山头内有玩家被任命职称，{0}执行玩家名{1}被任命玩家名{2}被任命职称名
		"id": 33,
		"type": [
			3
		],
		"desc": {"l10n":"-brzjfv"}//[color=#a4fd77]{0}[/color]将[color=#a4fd77]{1}[/color]任命为[color=#a4fd77]{2}[/color]
	},
	"34": {
		// 山头有新玩家加入，{0}玩家名称
		"id": 34,
		"type": [
			3,
			8
		],
		"desc": {"l10n":"7k3h9b"}//[color=#a4fd77]{0}[/color]加入了本山头
	},
	"35": {
		// 山头有玩家退出，{0}玩家名称
		"id": 35,
		"type": [
			3
		],
		"desc": {"l10n":"-9ps5oh"}//[color=#a4fd77]{0}[/color]退出了本山头
	},
	"36": {
		// 山头有玩家被踢，{0}执行玩家名{1}被踢玩家名
		"id": 36,
		"type": [
			3
		],
		"desc": {"l10n":"-pf0nhh"}//[color=#a4fd77]{0}[/color]将[color=#a4fd77]{1}[/color]移出了山头
	},
	"37": {
		// 山头大王转让，{0}前大王名{1}现大王名
		"id": 37,
		"type": [
			3
		],
		"desc": {"l10n":"smp8hy"}//[color=#a4fd77]{0}[/color]将大王转让给[color=#a4fd77]{1}[/color]
	},
	"38": {
		// 血脉契印有人投入妖丹，{0}玩家名称{1}本次投入的妖丹与数量
		"id": 38,
		"type": [
			3
		],
		"desc": {"l10n":"-es42rw"}//[color=#a4fd77]{0}[/color]向血脉契印内投入了{1}
	},
	"39": {
		// 山头有人切换法阵，{0}玩家名称{1}切换后法阵名称
		"id": 39,
		"type": [
			3
		],
		"desc": {"l10n":"f6oxsn"}//[color=#a4fd77]{0}[/color]将血脉契印切换为[color=#fed471]{1}[/color]
	},
	"40": {
		// 山头捐献内捐献记录文本，{0}玩家名称{1}本次捐献的山头令与数量{2}本次捐献获得与数量，山头经验在前，个人贡献在后
		"id": 40,
		"type": [
			11
		],
		"desc": {"l10n":"kd1gs1"}//[color=#a4fd77]{0}[/color]捐纳了{1}，获得：{2}
	},
	"41": {
		// 血脉契印升级，{0}升级的血脉契印名{1}该血脉契印升级后的等级
		"id": 41,
		"type": [
			3
		],
		"desc": {"l10n":"-20rt63"}//经过山头众人的努力，将[color=#fed471]{0}[/color]提升到[color=#a4fd77]{1}[/color]级
	},
	"42": {
		// 山头大王上线，{0}山头大王名
		"id": 42,
		"type": [
			3
		],
		"desc": {"l10n":"aq6x1p"}//大王[color=#a4fd77]{0}[/color]已上线
	},
	"43": {
		// 装备背包满发送邮件
		"id": 43,
		"type": [
			10
		],
		"title": {"l10n":"gdwxwk"},//装备背包已满
		"desc": {"l10n":"bmeidb"}//亲爱的妖友，您的装备背包已满，以下是您获取的装备，请查收
	},
	"44": {
		// 游戏帮助
		"id": 44,
		"type": [
			4
		],
		"desc": {"l10n":"tu9b5b"}//修炼可获得大量功法点，功法为立身之本，可大幅提升妖友评分。
	},
	"45": {
		// 游戏帮助
		"id": 45,
		"type": [
			4
		],
		"desc": {"l10n":"-o1wn11"}//消耗精力可恢复法力值，从而释放主动技能。
	},
	"46": {
		// 游戏帮助
		"id": 46,
		"type": [
			4
		],
		"desc": {"l10n":"-dv6vv3"}//单人修炼时点击屏幕，可获得素萝助战，素萝助战每日有次数限制哦~
	},
	"47": {
		// 游戏帮助
		"id": 47,
		"type": [
			4
		],
		"desc": {"l10n":"mg2a8t"}//参与历练可获得大量养成资源，历练次数每日更新，不要忘记哦~
	},
	"48": {
		// 玩家个人境界突破，{0}玩家名，{1}突破后的境界名
		"id": 48,
		"type": [
			2,
			4
		],
		"desc": {"l10n":"-39p6qm"}//[color=#a4fd77]{0}[/color]通过不懈努力，将个人境界突破至{1}
	},
	"49": {
		// 夔牛活动即将开启，开启前5分钟时播放
		"id": 49,
		"type": [
			1,
			2,
			4
		],
		"desc": {"l10n":"f6nj8j"}//夔牛将在5分钟后出现，请各位妖友做好准备！
	},
	"50": {
		// 夔牛活动开启
		"id": 50,
		"type": [
			1,
			2,
			4
		],
		"desc": {"l10n":"ln52ar"}//夔牛已出现，妖友们可前往进行截击！
	},
	"51": {
		// 夔牛被击败
		"id": 51,
		"type": [
			1,
			4
		],
		"desc": {"l10n":"-6g5h70"}//在众位妖友的努力下，夔牛已被重创逃跑！
	},
	"52": {
		// 山头CD中，无法申请加入山头
		"id": 52,
		"type": [
			9
		],
		"desc": {"l10n":"-8l5bjb"}//处于加入山头冷却时间中，暂无法申请
	},
	"53": {
		// 玩家抽取到红色装备，{0}玩家名{1}抽到的红色装备名
		"id": 53,
		"type": [
			4
		],
		"desc": {"l10n":"nunqns"}//{0}妖缘深厚，鸿运当头，在装备抽取中获得了[color=#fc5b5b]{1}[/color]！
	},
	"54": {
		// 冲榜活动排行奖励补发邮件，{0}为冲榜活动类型，读取rank表榜单名字配置；{1}为玩家名次
		"id": 54,
		"type": [
			10
		],
		"title": {"l10n":"-xylhe7"},//活动奖励
		"desc": {"l10n":"-si8v2r"}//恭喜您在[color=#fed471]{0}[/color]中获得第[color=#fed471]{1}[/color]名。这是您获得的奖励，请查收！
	},
	"55": {
		// 伤害爆炸：单次伤害最高玩家，{0}玩家名，{1}伤害
		"id": 55,
		"type": [
			12
		],
		"desc": {"l10n":"-12ggrc"}//{0}一次就打出了{1}点伤害！
	},
	"56": {
		// 奶量充足：单场伤害总治疗最高玩家,
		"id": 56,
		"type": [
			12
		],
		"desc": {"l10n":"-hv62m7"}//{0}单场战斗奶了{1}点血量！
	},
	"57": {
		// 控制大师：单场战斗造成控制最多玩家，{0}玩家名，{1}控制时间
		"id": 57,
		"type": [
			12
		],
		"desc": {"l10n":"vnocnx"}//{0}一场战斗居然制作了{1}控制时间！
	},
	"58": {
		// 以弱胜强：挑战对手战力/玩家自身战力≥125%时获得胜利，{0}玩家名，{1}战力差距
		"id": 58,
		"type": [
			12
		],
		"desc": {"l10n":"fl6wx2"}//{0}跨越了{1}%评分差距击败了强敌！
	},
	"59": {
		// 运气王：单场战斗触发成功装备特效/时装/神器效果最多的玩家，{0}玩家名，{1}触发次数
		"id": 59,
		"type": [
			12
		],
		"desc": {"l10n":"-xjbbf2"}//{0}在一局战斗中触发了{1}次特殊效果！
	},
	"60": {
		// 绝地翻盘：在某一刻对方血量高于50%，自身血量低于30%的情况下完成胜利，{0}玩家名
		"id": 60,
		"type": [
			12
		],
		"desc": {"l10n":"mw6fpm"}//{0}在大劣势中极限翻盘！
	},
	"61": {
		// 论道台每日奖励，{0}代表排名
		"id": 61,
		"type": [
			10
		],
		"title": {"l10n":"-6s7eb1"},//论道台每日奖励
		"desc": {"l10n":"-6x2f7f"}//亲爱的妖友，您昨日论道台排行{0}名，排行奖励已发放，请查收。
	},
	"62": {
		// 论道台每日奖励，{0}代表排名
		"id": 62,
		"type": [
			10
		],
		"title": {"l10n":"u4pcel"},//论道台赛季奖励
		"desc": {"l10n":"1sbc3u"}//亲爱的妖友，您上赛季论道台排行{0}名，排行奖励已发放，请查收。
	},
	"63": {
		// 历练NPC日常对话-东林院id：1
		"id": 63,
		"type": [
			13
		],
		"desc": {"l10n":"gijkvd"}//干掉这些东林院恶贼！
	},
	"64": {
		// 历练NPC日常对话-昆仑山id：2
		"id": 64,
		"type": [
			13
		],
		"desc": {"l10n":"se4mz0"}//跟昆仑山的妖人拼了！
	},
	"65": {
		// 历练NPC日常对话-两禅寺id：3
		"id": 65,
		"type": [
			13
		],
		"desc": {"l10n":"-b1rdx"}//端了这些秃驴的老巢！
	},
	"66": {
		// 玩家抽取到带有彩色变异词条时，{0}玩家名{1}抽到的装备名
		"id": 66,
		"type": [
			2,
			4
		],
		"desc": {"l10n":"wqnp21"}//[color=#a4fd77]{0}[/color]妖缘深厚，鸿运当头，获得了稀有的彩色变异装备{1}！
	},
	"67": {
		// 活动区服排行奖励补发邮件，{0}为活动名；{1}为玩家所在区服名次
		"id": 67,
		"type": [
			10
		],
		"title": {"l10n":"-xylhe7"},//活动奖励
		"desc": {"l10n":"ig85fm"}//恭喜您所在的区服在[color=#fed471]{0}[/color]中获得第[color=#fed471]{1}[/color]名。这是您获得的奖励，请查收！
	},
	"68": {
		// 玩家在罗刹鬼市中抽取到橙色及以上供品，{0}玩家名{1}抽到的供品名
		"id": 68,
		"type": [
			2,
			4
		],
		"desc": {"l10n":"5mfsnm"}//[color=#a4fd77]{0}[/color]吉星高照，鸿运当头，在罗刹鬼市中获得了{1}！
	},
	"69": {
		// 玩家发给山头的入盟申请被拒绝，{0}为拒绝该申请的山头名
		"id": 69,
		"type": [
			9
		],
		"desc": {"l10n":"in4ynv"}//{0}拒绝了您的入山申请
	},
	"70": {
		// 玩家领取邮件时，装备背包剩余量不足以领取该封邮件
		"id": 70,
		"type": [
			9
		],
		"desc": {"l10n":"1fydwy"}//背包容量不足，请先熔炼装备
	}
}