{
	//data.id 系统id
	//data.systemName 系统名称
	//data.name 中文名
	//data.sort 排序值
	//data.bigIcon 图标
	//data.smallIcon 小图标资源id
	//data.widgetName 界面预制体名称
	//data.preferenceId 偏好组id
	//data.required 解锁条件
	//data.redDot 红点
	//data.open 是否开启1开始2关闭
	//data.unlockAuto 解锁弹窗是否自动打开0-否/1-是
	//data.unlockTip 解锁提示
	//data.desc 系统解锁界面的描述
	//data.isActivity 是否活动
	//data.canRevive 是否可以复活
	//data.canBossRun Boss是否可以逃跑
	//data.bossAtkSpeed Boss攻速特殊个人修炼为波次boss
	//data.hidePosAndPlayer 隐藏右上角人数和地点
	//data.isShow 是否显示0-否/1-是
	//data.canGrabOwner 是否可以抢夺归属0-否/1-是
	//data.topRes 顶部资源显示道具
	//data.bottomBtn 底部按钮(1自动2偏好3邀请)
	//data.hideBottomAll 底部全隐藏
	//data.autoFight 自动战斗
	//data.shortcut 修炼界面功能快捷栏入口展示(不填或填0不展示，填1展示在上方，填2展示在下方)
	//data.guideName 引导名字
	//data.award 引导奖励内容
	//required.id id
	//required.type 调用任务类型表的id
	//required.value 条件值
	//required.param1 参数值
	//required.param2 参数值
	//award.id 系统id
	//award.propId 升到下一重数的奖励道具
	//award.num 奖励数量
	//"salt": "3e1f27bbd02f62407b94ec336f424fd9"
	"1": {
		"id": 1,
		"systemName": "Practice",
		"name": {"l10n":"z01boa"},//个人修炼
		"sort": 1,
		"bigIcon": 1,
		"smallIcon": 0,
		"widgetName": "Practice",
		"preferenceId": 1,
		"required": [

		],
		"open": 1,
		"unlockAuto": 0,
		"isActivity": 0,
		"canRevive": 0,
		"canBossRun": 0,
		"bossAtkSpeed": 500,
		"hidePosAndPlayer": 0,
		"isShow": 1,
		"canGrabOwner": 0,
		"hideBottomAll": 0,
		"autoFight": 0,
		"shortcut": 0,
		"award": [

		]
	},
	"2": {
		"id": 2,
		"systemName": "PracticeMulti",
		"name": {"l10n":"z018qy"},//多人修炼
		"sort": 2,
		"bigIcon": 2,
		"smallIcon": 0,
		"widgetName": "PracticeMulti",
		"preferenceId": 1,
		"required": [
			{
				// 多人修炼
				"id": 2,
				"type": 1002,
				"value": 10,
				"param1": 0,
				"param2": 0
			}
		],
		"open": 1,
		"unlockAuto": 0,
		"unlockTip": {"l10n":"mqaq19"},//10级解锁
		"isActivity": 0,
		"canRevive": 1,
		"canBossRun": 0,
		"bossAtkSpeed": 500,
		"hidePosAndPlayer": 0,
		"isShow": 1,
		"canGrabOwner": 0,
		"topRes": [
			1003
		],
		"bottomBtn": [
			1,
			2,
			3
		],
		"hideBottomAll": 0,
		"autoFight": 1,
		"shortcut": 0,
		"award": [

		]
	},
	"3": {
		"id": 3,
		"systemName": "Gong",
		"name": {"l10n":"-7gkftv"},//元神
		"sort": 3,
		"bigIcon": 3,
		"smallIcon": 0,
		"widgetName": "Gong",
		"preferenceId": 0,
		"required": [
			{
				// 元神
				"id": 3,
				"type": 1065,
				"value": 17,
				"param1": 0,
				"param2": 0
			}
		],
		"open": 1,
		"unlockAuto": 0,
		"unlockTip": {"l10n":"8dktff"},//完成任务17解锁
		"desc": {"l10n":"-tcbe77"},//修炼元神，得大自在
		"isActivity": 0,
		"canRevive": 0,
		"canBossRun": 0,
		"bossAtkSpeed": 500,
		"hidePosAndPlayer": 0,
		"isShow": 1,
		"canGrabOwner": 0,
		"hideBottomAll": 0,
		"autoFight": 0,
		"shortcut": 0,
		"award": [

		]
	},
	"4": {
		"id": 4,
		"systemName": "Weapon",
		"name": {"l10n":"1rlegb"},//法宝
		"sort": 4,
		"bigIcon": 4,
		"smallIcon": 0,
		"widgetName": "Weapon",
		"preferenceId": 0,
		"required": [
			{
				// 法宝
				"id": 4,
				"type": 1065,
				"value": 48,
				"param1": 0,
				"param2": 0
			}
		],
		"open": 1,
		"unlockAuto": 0,
		"unlockTip": {"l10n":"8e09o8"},//完成任务48解锁
		"desc": {"l10n":"-qcvcte"},//十年磨一剑，霜刃未曾试
		"isActivity": 0,
		"canRevive": 0,
		"canBossRun": 0,
		"bossAtkSpeed": 500,
		"hidePosAndPlayer": 0,
		"isShow": 1,
		"canGrabOwner": 0,
		"hideBottomAll": 0,
		"autoFight": 0,
		"shortcut": 0,
		"award": [

		]
	},
	"5": {
		"id": 5,
		"systemName": "Equip",
		"name": {"l10n":"1bkmsb"},//装备
		"sort": 5,
		"bigIcon": 5,
		"smallIcon": 0,
		"widgetName": "Equip",
		"preferenceId": 0,
		"required": [

		],
		"open": 1,
		"unlockAuto": 0,
		"desc": {"l10n":"-1m1wkg"},//武装自己，获取无限可能
		"isActivity": 0,
		"canRevive": 0,
		"canBossRun": 0,
		"bossAtkSpeed": 500,
		"hidePosAndPlayer": 0,
		"isShow": 1,
		"canGrabOwner": 0,
		"hideBottomAll": 0,
		"autoFight": 0,
		"shortcut": 0,
		"award": [

		]
	},
	"6": {
		"id": 6,
		"systemName": "KuiCow",
		"name": {"l10n":"-8ue5hw"},//夔牛
		"sort": 6,
		"bigIcon": 6,
		"smallIcon": 0,
		"widgetName": "KuiCow",
		"preferenceId": 4,
		"required": [

		],
		"open": 1,
		"unlockAuto": 1,
		"isActivity": 0,
		"canRevive": 1,
		"canBossRun": 1,
		"bossAtkSpeed": 500,
		"hidePosAndPlayer": 0,
		"isShow": 1,
		"canGrabOwner": 1,
		"bottomBtn": [
			1,
			2,
			3
		],
		"hideBottomAll": 0,
		"autoFight": 1,
		"shortcut": 0,
		"award": [

		]
	},
	"7": {
		"id": 7,
		"systemName": "Chat",
		"name": {"l10n":"1avb3a"},//聊天
		"sort": 7,
		"bigIcon": 7,
		"smallIcon": 0,
		"widgetName": "Chat",
		"preferenceId": 0,
		"required": [

		],
		"open": 1,
		"unlockAuto": 1,
		"isActivity": 0,
		"canRevive": 0,
		"canBossRun": 0,
		"bossAtkSpeed": 500,
		"hidePosAndPlayer": 0,
		"isShow": 1,
		"canGrabOwner": 0,
		"hideBottomAll": 0,
		"autoFight": 0,
		"shortcut": 0,
		"award": [

		]
	},
	"8": {
		"id": 8,
		"systemName": "Guild",
		"name": {"l10n":"1b3bgv"},//山头
		"sort": 8,
		"bigIcon": 8,
		"smallIcon": 0,
		"widgetName": "Guild",
		"preferenceId": 0,
		"required": [
			{
				// 山头
				"id": 8,
				"type": 1065,
				"value": 77,
				"param1": 0,
				"param2": 0
			}
		],
		"open": 1,
		"unlockAuto": 0,
		"unlockTip": {"l10n":"mqapzf"},//30级解锁
		"desc": {"l10n":"7fl3yi"},//在无垠的妖界中，加入山头共同进步攻守同盟！
		"isActivity": 0,
		"canRevive": 0,
		"canBossRun": 0,
		"bossAtkSpeed": 500,
		"hidePosAndPlayer": 0,
		"isShow": 1,
		"canGrabOwner": 0,
		"hideBottomAll": 0,
		"autoFight": 0,
		"shortcut": 0,
		"award": [

		]
	},
	"9": {
		"id": 9,
		"systemName": "Achievement",
		"name": {"l10n":"h8ng0"},//成就
		"sort": 9,
		"bigIcon": 9,
		"smallIcon": 0,
		"widgetName": "AchieveMain",
		"preferenceId": 0,
		"required": [

		],
		"redDot": "Achieve",
		"open": 1,
		"unlockAuto": 0,
		"isActivity": 0,
		"canRevive": 0,
		"canBossRun": 0,
		"bossAtkSpeed": 500,
		"hidePosAndPlayer": 0,
		"isShow": 1,
		"canGrabOwner": 0,
		"hideBottomAll": 0,
		"autoFight": 0,
		"shortcut": 1,
		"guideName": "btn_achieve",
		"award": [

		]
	},
	"10": {
		"id": 10,
		"systemName": "Task",
		"name": {"l10n":"-8cm23"},//任务
		"sort": 10,
		"bigIcon": 10,
		"smallIcon": 0,
		"widgetName": "Task",
		"preferenceId": 0,
		"required": [
			{
				// 任务
				"id": 10,
				"type": 1002,
				"value": 30,
				"param1": 0,
				"param2": 0
			}
		],
		"open": 1,
		"unlockAuto": 0,
		"isActivity": 0,
		"canRevive": 0,
		"canBossRun": 0,
		"bossAtkSpeed": 500,
		"hidePosAndPlayer": 0,
		"isShow": 1,
		"canGrabOwner": 0,
		"hideBottomAll": 0,
		"autoFight": 0,
		"shortcut": 0,
		"award": [

		]
	},
	"11": {
		"id": 11,
		"systemName": "Rank",
		"name": {"l10n":"dlikqk"},//排行榜
		"sort": 11,
		"bigIcon": 11,
		"smallIcon": 0,
		"widgetName": "Rank",
		"preferenceId": 0,
		"required": [

		],
		"open": 1,
		"unlockAuto": 0,
		"isActivity": 0,
		"canRevive": 0,
		"canBossRun": 0,
		"bossAtkSpeed": 500,
		"hidePosAndPlayer": 0,
		"isShow": 1,
		"canGrabOwner": 0,
		"hideBottomAll": 0,
		"autoFight": 0,
		"shortcut": 1,
		"guideName": "btn_rank",
		"award": [

		]
	},
	"12": {
		"id": 12,
		"systemName": "Friend",
		"name": {"l10n":"-ed0dp"},//好友
		"sort": 12,
		"bigIcon": 12,
		"smallIcon": 0,
		"widgetName": "Friend",
		"preferenceId": 0,
		"required": [

		],
		"open": 1,
		"unlockAuto": 0,
		"isActivity": 0,
		"canRevive": 0,
		"canBossRun": 0,
		"bossAtkSpeed": 500,
		"hidePosAndPlayer": 0,
		"isShow": 1,
		"canGrabOwner": 0,
		"hideBottomAll": 0,
		"autoFight": 0,
		"shortcut": 0,
		"award": [

		]
	},
	"13": {
		"id": 13,
		"systemName": "Bag",
		"name": {"l10n":"-ca5y4"},//背包
		"sort": 13,
		"bigIcon": 13,
		"smallIcon": 0,
		"widgetName": "Bag",
		"preferenceId": 0,
		"required": [

		],
		"redDot": "Bag",
		"open": 1,
		"unlockAuto": 0,
		"isActivity": 0,
		"canRevive": 0,
		"canBossRun": 0,
		"bossAtkSpeed": 500,
		"hidePosAndPlayer": 0,
		"isShow": 1,
		"canGrabOwner": 0,
		"hideBottomAll": 0,
		"autoFight": 0,
		"shortcut": 1,
		"guideName": "btn_bag",
		"award": [

		]
	},
	"14": {
		"id": 14,
		"systemName": "Mail",
		"name": {"l10n":"5ebfuq"},//邮件
		"sort": 14,
		"bigIcon": 14,
		"smallIcon": 0,
		"widgetName": "Mail",
		"preferenceId": 0,
		"required": [

		],
		"open": 1,
		"unlockAuto": 0,
		"isActivity": 0,
		"canRevive": 0,
		"canBossRun": 0,
		"bossAtkSpeed": 500,
		"hidePosAndPlayer": 0,
		"isShow": 1,
		"canGrabOwner": 0,
		"hideBottomAll": 0,
		"autoFight": 0,
		"shortcut": 0,
		"award": [

		]
	},
	"15": {
		"id": 15,
		"systemName": "Mission",
		"name": {"l10n":"7jwo7m"},//个人历练
		"sort": 15,
		"bigIcon": 15,
		"smallIcon": 0,
		"widgetName": "Mission",
		"preferenceId": 1,
		"required": [
			{
				// 个人历练
				"id": 15,
				"type": 1065,
				"value": 90,
				"param1": 0,
				"param2": 0
			}
		],
		"open": 1,
		"unlockAuto": 1,
		"unlockTip": {"l10n":"8dp14z"},//完成任务90解锁
		"desc": {"l10n":"uo9rg0"},//人族欺妖太甚，讨伐虚伪的人族，是为妖族历练!
		"isActivity": 0,
		"canRevive": 1,
		"canBossRun": 0,
		"bossAtkSpeed": 500,
		"hidePosAndPlayer": 0,
		"isShow": 1,
		"canGrabOwner": 0,
		"bottomBtn": [
			1,
			2,
			3
		],
		"hideBottomAll": 0,
		"autoFight": 1,
		"shortcut": 0,
		"award": [

		]
	},
	"16": {
		"id": 16,
		"systemName": "HeartDemon",
		"name": {"l10n":"-fzl7o3"},//斩心魔
		"sort": 16,
		"bigIcon": 16,
		"smallIcon": 0,
		"widgetName": "HeartDemon",
		"preferenceId": 1,
		"required": [
			{
				// 斩心魔
				"id": 16,
				"type": 1065,
				"value": 108,
				"param1": 0,
				"param2": 0
			}
		],
		"open": 1,
		"unlockAuto": 0,
		"unlockTip": {"l10n":"5c1p58"},//完成任务108解锁
		"isActivity": 0,
		"canRevive": 0,
		"canBossRun": 0,
		"bossAtkSpeed": 500,
		"hidePosAndPlayer": 0,
		"isShow": 1,
		"canGrabOwner": 0,
		"topRes": [
			1004
		],
		"hideBottomAll": 1,
		"autoFight": 1,
		"shortcut": 0,
		"award": [

		]
	},
	"17": {
		"id": 17,
		"systemName": "Arena",
		"name": {"l10n":"x7adfn"},//斗法台
		"sort": 17,
		"bigIcon": 17,
		"smallIcon": 0,
		"widgetName": "Arena",
		"preferenceId": 6,
		"required": [
			{
				// 斗法台
				"id": 17,
				"type": 1065,
				"value": 164,
				"param1": 0,
				"param2": 0
			}
		],
		"open": 1,
		"unlockAuto": 1,
		"isActivity": 0,
		"canRevive": 0,
		"canBossRun": 0,
		"bossAtkSpeed": 500,
		"hidePosAndPlayer": 1,
		"isShow": 1,
		"canGrabOwner": 0,
		"hideBottomAll": 1,
		"autoFight": 0,
		"shortcut": 1,
		"guideName": "btn_arena",
		"award": [

		]
	},
	"18": {
		"id": 18,
		"systemName": "GuildMission",
		"name": {"l10n":"4it55k"},//护山妖兽
		"sort": 18,
		"bigIcon": 18,
		"smallIcon": 0,
		"widgetName": "GuildMission",
		"preferenceId": 1,
		"required": [
			{
				"id": 18,
				"type": 1002,
				"value": 30,
				"param1": 0,
				"param2": 0
			}
		],
		"open": 1,
		"unlockAuto": 0,
		"isActivity": 0,
		"canRevive": 1,
		"canBossRun": 1,
		"bossAtkSpeed": 500,
		"hidePosAndPlayer": 0,
		"isShow": 1,
		"canGrabOwner": 0,
		"bottomBtn": [
			2,
			3
		],
		"hideBottomAll": 0,
		"autoFight": 0,
		"shortcut": 0,
		"award": [

		]
	},
	"19": {
		"id": 19,
		"systemName": "RankLevel",
		"name": {"l10n":"y89cpb"},//角色等级冲榜
		"sort": 19,
		"bigIcon": 0,
		"smallIcon": 0,
		"widgetName": "ActivityRank",
		"preferenceId": 0,
		"required": [

		],
		"open": 1,
		"unlockAuto": 0,
		"isActivity": 1,
		"canRevive": 0,
		"canBossRun": 0,
		"bossAtkSpeed": 500,
		"hidePosAndPlayer": 0,
		"isShow": 1,
		"canGrabOwner": 0,
		"hideBottomAll": 0,
		"autoFight": 0,
		"shortcut": 0,
		"award": [

		]
	},
	"20": {
		"id": 20,
		"systemName": "RankWeapon",
		"name": {"l10n":"-18o1z1"},//法宝等级冲榜
		"sort": 20,
		"bigIcon": 0,
		"smallIcon": 0,
		"widgetName": "ActivityRank",
		"preferenceId": 0,
		"required": [

		],
		"open": 1,
		"unlockAuto": 0,
		"isActivity": 1,
		"canRevive": 0,
		"canBossRun": 0,
		"bossAtkSpeed": 500,
		"hidePosAndPlayer": 0,
		"isShow": 1,
		"canGrabOwner": 0,
		"hideBottomAll": 0,
		"autoFight": 0,
		"shortcut": 0,
		"award": [

		]
	},
	"21": {
		"id": 21,
		"systemName": "RankGong",
		"name": {"l10n":"ab4pud"},//元神等级冲榜
		"sort": 21,
		"bigIcon": 0,
		"smallIcon": 0,
		"widgetName": "ActivityRank",
		"preferenceId": 0,
		"required": [

		],
		"open": 1,
		"unlockAuto": 0,
		"isActivity": 1,
		"canRevive": 0,
		"canBossRun": 0,
		"bossAtkSpeed": 500,
		"hidePosAndPlayer": 0,
		"isShow": 1,
		"canGrabOwner": 0,
		"hideBottomAll": 0,
		"autoFight": 0,
		"shortcut": 0,
		"award": [

		]
	},
	"22": {
		"id": 22,
		"systemName": "RankAbPointDraw",
		"name": {"l10n":"w5j6cl"},//灵气掉落冲榜
		"sort": 22,
		"bigIcon": 0,
		"smallIcon": 0,
		"widgetName": "ActivityRank",
		"preferenceId": 0,
		"required": [

		],
		"open": 1,
		"unlockAuto": 0,
		"isActivity": 1,
		"canRevive": 0,
		"canBossRun": 0,
		"bossAtkSpeed": 500,
		"hidePosAndPlayer": 0,
		"isShow": 1,
		"canGrabOwner": 0,
		"hideBottomAll": 0,
		"autoFight": 0,
		"shortcut": 0,
		"award": [

		]
	},
	"23": {
		"id": 23,
		"systemName": "RankEnergyDraw",
		"name": {"l10n":"w5e0bo"},//妖气掉落冲榜
		"sort": 23,
		"bigIcon": 0,
		"smallIcon": 0,
		"widgetName": "ActivityRank",
		"preferenceId": 0,
		"required": [

		],
		"open": 1,
		"unlockAuto": 0,
		"isActivity": 1,
		"canRevive": 0,
		"canBossRun": 0,
		"bossAtkSpeed": 500,
		"hidePosAndPlayer": 0,
		"isShow": 1,
		"canGrabOwner": 0,
		"hideBottomAll": 0,
		"autoFight": 0,
		"shortcut": 0,
		"award": [

		]
	},
	"24": {
		"id": 24,
		"systemName": "Recharge",
		"name": {"l10n":"-mimn9"},//充值
		"sort": 24,
		"bigIcon": 45,
		"smallIcon": 24,
		"widgetName": "RechargeDialog",
		"preferenceId": 0,
		"required": [

		],
		"open": 1,
		"unlockAuto": 0,
		"isActivity": 1,
		"canRevive": 0,
		"canBossRun": 0,
		"bossAtkSpeed": 500,
		"hidePosAndPlayer": 0,
		"isShow": 1,
		"canGrabOwner": 0,
		"hideBottomAll": 0,
		"autoFight": 0,
		"shortcut": 0,
		"guideName": "btn_recharge",
		"award": [

		]
	},
	"25": {
		"id": 25,
		"systemName": "DailyTaskMain",
		"name": {"l10n":"-8cm23"},//任务
		"sort": 25,
		"bigIcon": 25,
		"smallIcon": 0,
		"widgetName": "DailyTaskMain",
		"preferenceId": 0,
		"required": [

		],
		"redDot": "DailyTask",
		"open": 1,
		"unlockAuto": 1,
		"isActivity": 0,
		"canRevive": 0,
		"canBossRun": 0,
		"bossAtkSpeed": 500,
		"hidePosAndPlayer": 0,
		"isShow": 1,
		"canGrabOwner": 0,
		"hideBottomAll": 0,
		"autoFight": 0,
		"shortcut": 1,
		"guideName": "btn_dailyTask",
		"award": [

		]
	},
	"26": {
		"id": 26,
		"systemName": "Title",
		"name": {"l10n":"-fgipc"},//称号
		"sort": 26,
		"bigIcon": 26,
		"smallIcon": 0,
		"widgetName": "Title",
		"preferenceId": 0,
		"required": [

		],
		"open": 1,
		"unlockAuto": 1,
		"isActivity": 0,
		"canRevive": 0,
		"canBossRun": 0,
		"bossAtkSpeed": 500,
		"hidePosAndPlayer": 0,
		"isShow": 1,
		"canGrabOwner": 0,
		"hideBottomAll": 0,
		"autoFight": 0,
		"shortcut": 0,
		"award": [

		]
	},
	"27": {
		"id": 27,
		"systemName": "FirstRecharge",
		"name": {"l10n":"-5ew7u0"},//首充礼包
		"sort": 27,
		"bigIcon": 27,
		"smallIcon": 0,
		"widgetName": "FirstRecharge",
		"preferenceId": 0,
		"required": [

		],
		"open": 0,
		"unlockAuto": 0,
		"isActivity": 0,
		"canRevive": 0,
		"canBossRun": 0,
		"bossAtkSpeed": 500,
		"hidePosAndPlayer": 0,
		"isShow": 1,
		"canGrabOwner": 0,
		"hideBottomAll": 0,
		"autoFight": 0,
		"shortcut": 0,
		"award": [

		]
	},
	"28": {
		"id": 28,
		"systemName": "Shop",
		"name": {"l10n":"x8m3e"},//商店
		"sort": 28,
		"bigIcon": 28,
		"smallIcon": 0,
		"widgetName": "Shop",
		"preferenceId": 0,
		"required": [

		],
		"open": 1,
		"unlockAuto": 1,
		"isActivity": 0,
		"canRevive": 0,
		"canBossRun": 0,
		"bossAtkSpeed": 500,
		"hidePosAndPlayer": 0,
		"isShow": 1,
		"canGrabOwner": 0,
		"hideBottomAll": 0,
		"autoFight": 0,
		"shortcut": 1,
		"guideName": "btn_shop",
		"award": [

		]
	},
	"29": {
		"id": 29,
		"systemName": "CrystalShop",
		"name": {"l10n":"-h9wnwh"},//仙晶坊
		"sort": 29,
		"bigIcon": 29,
		"smallIcon": 0,
		"widgetName": "Shop",
		"preferenceId": 0,
		"required": [

		],
		"open": 1,
		"unlockAuto": 0,
		"isActivity": 0,
		"canRevive": 0,
		"canBossRun": 0,
		"bossAtkSpeed": 500,
		"hidePosAndPlayer": 0,
		"isShow": 1,
		"canGrabOwner": 0,
		"hideBottomAll": 0,
		"autoFight": 0,
		"shortcut": 0,
		"award": [

		]
	},
	"30": {
		"id": 30,
		"systemName": "KuiCowShop",
		"name": {"l10n":"9tmi7l"},//斗胜坊
		"sort": 30,
		"bigIcon": 30,
		"smallIcon": 0,
		"widgetName": "Shop",
		"preferenceId": 0,
		"required": [

		],
		"open": 1,
		"unlockAuto": 0,
		"isActivity": 0,
		"canRevive": 0,
		"canBossRun": 0,
		"bossAtkSpeed": 500,
		"hidePosAndPlayer": 0,
		"isShow": 1,
		"canGrabOwner": 0,
		"hideBottomAll": 0,
		"autoFight": 0,
		"shortcut": 0,
		"award": [

		]
	},
	"31": {
		"id": 31,
		"systemName": "GuildShop",
		"name": {"l10n":"-aem015"},//山头坊
		"sort": 31,
		"bigIcon": 31,
		"smallIcon": 0,
		"widgetName": "Shop",
		"preferenceId": 0,
		"required": [

		],
		"open": 1,
		"unlockAuto": 0,
		"isActivity": 0,
		"canRevive": 0,
		"canBossRun": 0,
		"bossAtkSpeed": 500,
		"hidePosAndPlayer": 0,
		"isShow": 1,
		"canGrabOwner": 0,
		"hideBottomAll": 0,
		"autoFight": 0,
		"shortcut": 0,
		"award": [

		]
	},
	"32": {
		"id": 32,
		"systemName": "IntegralShop",
		"name": {"l10n":"-j9yt74"},//馈礼坊
		"sort": 32,
		"bigIcon": 32,
		"smallIcon": 0,
		"widgetName": "Shop",
		"preferenceId": 0,
		"required": [

		],
		"open": 1,
		"unlockAuto": 0,
		"isActivity": 0,
		"canRevive": 0,
		"canBossRun": 0,
		"bossAtkSpeed": 500,
		"hidePosAndPlayer": 0,
		"isShow": 1,
		"canGrabOwner": 0,
		"hideBottomAll": 0,
		"autoFight": 0,
		"shortcut": 0,
		"award": [

		]
	},
	"33": {
		"id": 33,
		"systemName": "GiftGc",
		"name": {"l10n":"-dxjql7"},//仙玉礼包
		"sort": 33,
		"bigIcon": 0,
		"smallIcon": 0,
		"widgetName": "GiftGc",
		"preferenceId": 0,
		"required": [

		],
		"open": 1,
		"unlockAuto": 0,
		"isActivity": 1,
		"canRevive": 0,
		"canBossRun": 0,
		"bossAtkSpeed": 500,
		"hidePosAndPlayer": 0,
		"isShow": 1,
		"canGrabOwner": 0,
		"hideBottomAll": 0,
		"autoFight": 0,
		"shortcut": 0,
		"award": [

		]
	},
	"34": {
		"id": 34,
		"systemName": "GiftLimit",
		"name": {"l10n":"-b4btgi"},//限时礼包
		"sort": 34,
		"bigIcon": 0,
		"smallIcon": 0,
		"widgetName": "GiftLimit",
		"preferenceId": 0,
		"required": [

		],
		"open": 1,
		"unlockAuto": 0,
		"isActivity": 1,
		"canRevive": 0,
		"canBossRun": 0,
		"bossAtkSpeed": 500,
		"hidePosAndPlayer": 0,
		"isShow": 1,
		"canGrabOwner": 0,
		"hideBottomAll": 0,
		"autoFight": 0,
		"shortcut": 0,
		"award": [

		]
	},
	"35": {
		"id": 35,
		"systemName": "ForgePools",
		"name": {"l10n":"-14gy5o"},//炼器
		"sort": 35,
		"bigIcon": 35,
		"smallIcon": 0,
		"widgetName": "ForgePools",
		"preferenceId": 0,
		"required": [
			{
				// 炼器
				"id": 35,
				"type": 1002,
				"value": 90,
				"param1": 0,
				"param2": 0
			}
		],
		"open": 1,
		"unlockAuto": 1,
		"isActivity": 0,
		"canRevive": 0,
		"canBossRun": 0,
		"bossAtkSpeed": 500,
		"hidePosAndPlayer": 0,
		"isShow": 1,
		"canGrabOwner": 0,
		"hideBottomAll": 0,
		"autoFight": 0,
		"shortcut": 1,
		"guideName": "btn_equipDraw",
		"award": [

		]
	},
	"36": {
		"id": 36,
		"systemName": "JoinGift",
		"name": {"l10n":"-31u5b"},//福利
		"sort": 36,
		"bigIcon": 36,
		"smallIcon": 0,
		"widgetName": "Welfare",
		"preferenceId": 0,
		"required": [

		],
		"open": 1,
		"unlockAuto": 0,
		"isActivity": 0,
		"canRevive": 0,
		"canBossRun": 0,
		"bossAtkSpeed": 500,
		"hidePosAndPlayer": 0,
		"isShow": 1,
		"canGrabOwner": 0,
		"hideBottomAll": 0,
		"autoFight": 0,
		"shortcut": 2,
		"guideName": "btn_fuli",
		"award": [

		]
	},
	"37": {
		"id": 37,
		"systemName": "OfflineAward",
		"name": {"l10n":"-5jgug6"},//挂机收益
		"sort": 37,
		"bigIcon": 37,
		"smallIcon": 0,
		"widgetName": "OfflineAward",
		"preferenceId": 0,
		"required": [
			{
				// 挂机收益
				"id": 37,
				"type": 1065,
				"value": 161,
				"param1": 0,
				"param2": 0
			}
		],
		"open": 1,
		"unlockAuto": 0,
		"unlockTip": {"l10n":"8dyv3v"},//完成任务19解锁
		"isActivity": 0,
		"canRevive": 0,
		"canBossRun": 0,
		"bossAtkSpeed": 500,
		"hidePosAndPlayer": 0,
		"isShow": 1,
		"canGrabOwner": 0,
		"hideBottomAll": 0,
		"autoFight": 0,
		"shortcut": 0,
		"award": [
			{
				"id": 37,
				"propId": 1002,
				"num": 600
			},
			{
				"id": 37,
				"propId": 10201,
				"num": 30
			}
		]
	},
	"38": {
		// 法宝历练
		"id": 38,
		"systemName": "WeaponMission",
		"name": {"l10n":"qarhv8"},//两禅寺
		"sort": 38,
		"bigIcon": 38,
		"smallIcon": 0,
		"widgetName": "Mission",
		"preferenceId": 1,
		"required": [
			{
				// 两禅寺
				"id": 38,
				"type": 1065,
				"value": 124,
				"param1": 0,
				"param2": 0
			}
		],
		"open": 1,
		"unlockAuto": 1,
		"unlockTip": {"l10n":"w31jyg"},//完成任务124解锁
		"desc": {"l10n":"lkbuog"},//在两禅寺中击杀镇压妖魔，可获得大量妖气和经验
		"isActivity": 0,
		"canRevive": 0,
		"canBossRun": 0,
		"bossAtkSpeed": 500,
		"hidePosAndPlayer": 0,
		"isShow": 1,
		"canGrabOwner": 0,
		"hideBottomAll": 0,
		"autoFight": 1,
		"shortcut": 0,
		"award": [

		]
	},
	"39": {
		// 元神历练
		"id": 39,
		"systemName": "GongMission",
		"name": {"l10n":"-3tg8oh"},//昆仑山
		"sort": 39,
		"bigIcon": 39,
		"smallIcon": 0,
		"widgetName": "Mission",
		"preferenceId": 1,
		"required": [
			{
				// 昆仑山
				"id": 39,
				"type": 1065,
				"value": 149,
				"param1": 0,
				"param2": 0
			}
		],
		"open": 1,
		"unlockAuto": 1,
		"unlockTip": {"l10n":"v3awa9"},//完成任务149解锁
		"desc": {"l10n":"5v30cu"},//在昆仑山中击杀镇压妖魔，可获得大量灵气和经验
		"isActivity": 0,
		"canRevive": 0,
		"canBossRun": 0,
		"bossAtkSpeed": 500,
		"hidePosAndPlayer": 0,
		"isShow": 1,
		"canGrabOwner": 0,
		"hideBottomAll": 0,
		"autoFight": 1,
		"shortcut": 0,
		"award": [

		]
	},
	"40": {
		// 装备历练
		"id": 40,
		"systemName": "EquipMission",
		"name": {"l10n":"7afur8"},//东林院
		"sort": 40,
		"bigIcon": 40,
		"smallIcon": 0,
		"widgetName": "Mission",
		"preferenceId": 1,
		"required": [
			{
				// 东林院
				"id": 40,
				"type": 1065,
				"value": 90,
				"param1": 0,
				"param2": 0
			}
		],
		"open": 1,
		"unlockAuto": 1,
		"unlockTip": {"l10n":"8dp14z"},//完成任务90解锁
		"desc": {"l10n":"-igavql"},//在装备历练中击杀镇压妖魔，可获得大量灵气和经验
		"isActivity": 0,
		"canRevive": 0,
		"canBossRun": 0,
		"bossAtkSpeed": 500,
		"hidePosAndPlayer": 0,
		"isShow": 1,
		"canGrabOwner": 0,
		"hideBottomAll": 0,
		"autoFight": 1,
		"shortcut": 0,
		"award": [

		]
	},
	"41": {
		"id": 41,
		"systemName": "equipgem",
		"name": {"l10n":"-aew9s6"},//符石
		"sort": 41,
		"bigIcon": 41,
		"smallIcon": 0,
		"widgetName": "Equip",
		"preferenceId": 0,
		"required": [
			{
				// 宝石
				"id": 41,
				"type": 1065,
				"value": 100,
				"param1": 0,
				"param2": 0
			}
		],
		"open": 1,
		"unlockAuto": 0,
		"isActivity": 0,
		"canRevive": 0,
		"canBossRun": 0,
		"bossAtkSpeed": 500,
		"hidePosAndPlayer": 0,
		"isShow": 1,
		"canGrabOwner": 0,
		"hideBottomAll": 0,
		"autoFight": 0,
		"shortcut": 0,
		"award": [

		]
	},
	"42": {
		"id": 42,
		"systemName": "gongbooty",
		"name": {"l10n":"1en8dx"},//供奉
		"sort": 42,
		"bigIcon": 42,
		"smallIcon": 0,
		"widgetName": "Gong",
		"preferenceId": 0,
		"required": [
			{
				// 供奉
				"id": 42,
				"type": 1065,
				"value": 150,
				"param1": 0,
				"param2": 0
			}
		],
		"open": 1,
		"unlockAuto": 0,
		"unlockTip": {"l10n":"-qhbnw"},//完成任务150解锁
		"isActivity": 0,
		"canRevive": 0,
		"canBossRun": 0,
		"bossAtkSpeed": 500,
		"hidePosAndPlayer": 0,
		"isShow": 1,
		"canGrabOwner": 0,
		"hideBottomAll": 0,
		"autoFight": 0,
		"shortcut": 0,
		"award": [

		]
	},
	"43": {
		"id": 43,
		"systemName": "CrossKuiCow",
		"name": {"l10n":"vrqmlq"},//跨服夔牛
		"sort": 43,
		"bigIcon": 0,
		"smallIcon": 0,
		"widgetName": "CrossKuiCow",
		"preferenceId": 5,
		"required": [
			{
				// 跨服夔牛
				"id": 43,
				"type": 1002,
				"value": 60,
				"param1": 0,
				"param2": 0
			}
		],
		"open": 1,
		"unlockAuto": 0,
		"isActivity": 1,
		"canRevive": 1,
		"canBossRun": 1,
		"bossAtkSpeed": 500,
		"hidePosAndPlayer": 0,
		"isShow": 1,
		"canGrabOwner": 1,
		"bottomBtn": [
			1,
			2,
			3
		],
		"hideBottomAll": 0,
		"autoFight": 0,
		"shortcut": 0,
		"award": [

		]
	},
	"44": {
		"id": 44,
		"systemName": "CrossMission",
		"name": {"l10n":"-b7l11l"},//鏖战天庸
		"sort": 44,
		"bigIcon": 0,
		"smallIcon": 0,
		"widgetName": "CrossMission",
		"preferenceId": 4,
		"required": [
			{
				// 鏖战天庸
				"id": 44,
				"type": 1002,
				"value": 60,
				"param1": 0,
				"param2": 0
			}
		],
		"open": 1,
		"unlockAuto": 0,
		"isActivity": 1,
		"canRevive": 1,
		"canBossRun": 0,
		"bossAtkSpeed": 500,
		"hidePosAndPlayer": 0,
		"isShow": 1,
		"canGrabOwner": 1,
		"bottomBtn": [
			1,
			2,
			3
		],
		"hideBottomAll": 0,
		"autoFight": 1,
		"shortcut": 0,
		"award": [

		]
	},
	"45": {
		"id": 45,
		"systemName": "RechargeList",
		"name": {"l10n":"heboar"},//充值豪礼
		"sort": 45,
		"bigIcon": 45,
		"smallIcon": 0,
		"widgetName": "RechargeList",
		"preferenceId": 0,
		"required": [

		],
		"open": 1,
		"unlockAuto": 0,
		"isActivity": 0,
		"canRevive": 0,
		"canBossRun": 0,
		"bossAtkSpeed": 500,
		"hidePosAndPlayer": 0,
		"isShow": 1,
		"canGrabOwner": 0,
		"hideBottomAll": 0,
		"autoFight": 0,
		"shortcut": 0,
		"award": [

		]
	},
	"46": {
		"id": 46,
		"systemName": "LevelFund",
		"name": {"l10n":"-nyr0rc"},//成长基金
		"sort": 49,
		"bigIcon": 45,
		"smallIcon": 45,
		"widgetName": "LevelFund",
		"preferenceId": 0,
		"required": [
			{
				// 等级基金
				"id": 46,
				"type": 1002,
				"value": 30,
				"param1": 0,
				"param2": 0
			}
		],
		"redDot": "LevelFund",
		"open": 1,
		"unlockAuto": 0,
		"isActivity": 1,
		"canRevive": 0,
		"canBossRun": 0,
		"bossAtkSpeed": 500,
		"hidePosAndPlayer": 0,
		"isShow": 1,
		"canGrabOwner": 0,
		"hideBottomAll": 0,
		"autoFight": 0,
		"shortcut": 0,
		"award": [

		]
	},
	"47": {
		"id": 47,
		"systemName": "GongFund",
		"name": {"l10n":"nslket"},//元神基金
		"sort": 50,
		"bigIcon": 45,
		"smallIcon": 46,
		"widgetName": "GongFund",
		"preferenceId": 0,
		"required": [
			{
				// 功法基金
				"id": 47,
				"type": 1004,
				"value": 10,
				"param1": 0,
				"param2": 0
			}
		],
		"redDot": "GongFund",
		"open": 1,
		"unlockAuto": 0,
		"isActivity": 1,
		"canRevive": 0,
		"canBossRun": 0,
		"bossAtkSpeed": 500,
		"hidePosAndPlayer": 0,
		"isShow": 1,
		"canGrabOwner": 0,
		"hideBottomAll": 0,
		"autoFight": 0,
		"shortcut": 0,
		"award": [

		]
	},
	"48": {
		"id": 48,
		"systemName": "WeaponFund",
		"name": {"l10n":"x0reoz"},//法宝基金
		"sort": 51,
		"bigIcon": 45,
		"smallIcon": 47,
		"widgetName": "WeaponFund",
		"preferenceId": 0,
		"required": [
			{
				// 法宝基金
				"id": 48,
				"type": 1003,
				"value": 10,
				"param1": 0,
				"param2": 0
			}
		],
		"redDot": "WeaponFund",
		"open": 1,
		"unlockAuto": 0,
		"isActivity": 1,
		"canRevive": 0,
		"canBossRun": 0,
		"bossAtkSpeed": 500,
		"hidePosAndPlayer": 0,
		"isShow": 1,
		"canGrabOwner": 0,
		"hideBottomAll": 0,
		"autoFight": 0,
		"shortcut": 0,
		"award": [

		]
	},
	"49": {
		"id": 49,
		"systemName": "EquipFund",
		"name": {"l10n":"wkqn0z"},//装备基金
		"sort": 52,
		"bigIcon": 45,
		"smallIcon": 48,
		"widgetName": "EquipFund",
		"preferenceId": 0,
		"required": [
			{
				// 装备基金
				"id": 49,
				"type": 1002,
				"value": 90,
				"param1": 0,
				"param2": 0
			}
		],
		"redDot": "EquipFund",
		"open": 1,
		"unlockAuto": 0,
		"isActivity": 1,
		"canRevive": 0,
		"canBossRun": 0,
		"bossAtkSpeed": 500,
		"hidePosAndPlayer": 0,
		"isShow": 1,
		"canGrabOwner": 0,
		"hideBottomAll": 0,
		"autoFight": 0,
		"shortcut": 0,
		"award": [

		]
	},
	"50": {
		"id": 50,
		"systemName": "SmallPrivilege",
		"name": {"l10n":"-60t262"},//小月卡
		"sort": 47,
		"bigIcon": 45,
		"smallIcon": 50,
		"widgetName": "Privilege",
		"preferenceId": 0,
		"required": [

		],
		"open": 1,
		"unlockAuto": 0,
		"isActivity": 0,
		"canRevive": 0,
		"canBossRun": 0,
		"bossAtkSpeed": 500,
		"hidePosAndPlayer": 0,
		"isShow": 1,
		"canGrabOwner": 0,
		"hideBottomAll": 0,
		"autoFight": 0,
		"shortcut": 0,
		"award": [

		]
	},
	"51": {
		"id": 51,
		"systemName": "BigPrivilege",
		"name": {"l10n":"-60t1lu"},//大月卡
		"sort": 48,
		"bigIcon": 45,
		"smallIcon": 51,
		"widgetName": "Privilege",
		"preferenceId": 0,
		"required": [

		],
		"open": 1,
		"unlockAuto": 0,
		"isActivity": 0,
		"canRevive": 0,
		"canBossRun": 0,
		"bossAtkSpeed": 500,
		"hidePosAndPlayer": 0,
		"isShow": 1,
		"canGrabOwner": 0,
		"hideBottomAll": 0,
		"autoFight": 0,
		"shortcut": 0,
		"award": [

		]
	},
	"52": {
		"id": 52,
		"systemName": "RechargeGift",
		"name": {"l10n":"-57oaev"},//超值礼包
		"sort": 46,
		"bigIcon": 45,
		"smallIcon": 52,
		"widgetName": "RechargeGift",
		"preferenceId": 0,
		"required": [

		],
		"open": 1,
		"unlockAuto": 0,
		"isActivity": 0,
		"canRevive": 0,
		"canBossRun": 0,
		"bossAtkSpeed": 500,
		"hidePosAndPlayer": 0,
		"isShow": 1,
		"canGrabOwner": 0,
		"hideBottomAll": 0,
		"autoFight": 0,
		"shortcut": 0,
		"award": [

		]
	},
	"53": {
		"id": 53,
		"systemName": "FirstRechargeGift",
		"name": {"l10n":"-5ew7u0"},//首充礼包
		"sort": 53,
		"bigIcon": 46,
		"smallIcon": 0,
		"widgetName": "FirstRechargeGift",
		"preferenceId": 0,
		"required": [
			{
				// 首充礼包
				"id": 53,
				"type": 1065,
				"value": 43,
				"param1": 0,
				"param2": 0
			}
		],
		"open": 1,
		"unlockAuto": 0,
		"unlockTip": {"l10n":"8dp14t"},//完成任务30解锁
		"isActivity": 0,
		"canRevive": 0,
		"canBossRun": 0,
		"bossAtkSpeed": 500,
		"hidePosAndPlayer": 0,
		"isShow": 1,
		"canGrabOwner": 0,
		"hideBottomAll": 0,
		"autoFight": 0,
		"shortcut": 0,
		"award": [

		]
	},
	"54": {
		"id": 54,
		"systemName": "RankGongFp",
		"name": {"l10n":"q4tiim"},//元神评分冲榜
		"sort": 54,
		"bigIcon": 0,
		"smallIcon": 0,
		"widgetName": "ActivityRank",
		"preferenceId": 0,
		"required": [

		],
		"open": 1,
		"unlockAuto": 0,
		"isActivity": 1,
		"canRevive": 0,
		"canBossRun": 0,
		"bossAtkSpeed": 500,
		"hidePosAndPlayer": 0,
		"isShow": 1,
		"canGrabOwner": 0,
		"hideBottomAll": 0,
		"autoFight": 0,
		"shortcut": 0,
		"award": [

		]
	},
	"55": {
		"id": 55,
		"systemName": "RankWeaponFp",
		"name": {"l10n":"el0qp8"},//法宝评分冲榜
		"sort": 55,
		"bigIcon": 0,
		"smallIcon": 0,
		"widgetName": "ActivityRank",
		"preferenceId": 0,
		"required": [

		],
		"open": 1,
		"unlockAuto": 0,
		"isActivity": 1,
		"canRevive": 0,
		"canBossRun": 0,
		"bossAtkSpeed": 500,
		"hidePosAndPlayer": 0,
		"isShow": 1,
		"canGrabOwner": 0,
		"hideBottomAll": 0,
		"autoFight": 0,
		"shortcut": 0,
		"award": [

		]
	},
	"56": {
		"id": 56,
		"systemName": "RankEquipFp",
		"name": {"l10n":"i8stvg"},//装备评分冲榜
		"sort": 56,
		"bigIcon": 0,
		"smallIcon": 0,
		"widgetName": "ActivityRank",
		"preferenceId": 0,
		"required": [

		],
		"open": 1,
		"unlockAuto": 0,
		"isActivity": 1,
		"canRevive": 0,
		"canBossRun": 0,
		"bossAtkSpeed": 500,
		"hidePosAndPlayer": 0,
		"isShow": 1,
		"canGrabOwner": 0,
		"hideBottomAll": 0,
		"autoFight": 0,
		"shortcut": 0,
		"award": [

		]
	}
}