{
	//Sheet1.id id
	//Sheet1.name 系统名称
	//Sheet1.resId 资源id
	//Sheet1.isShow 0不显示 1显示
	//Sheet1.viewLv 修炼界面预览显示等级
	//Sheet1.desc 描述
	//Sheet1.systemId 系统表id
	//Sheet1.awards 奖励
	//awards.id id
	//awards.propId 道具id
	//awards.num 数量
	//"salt": "b119eac344a32255e206e268aee015ff"
	"1": {
		"id": 1,
		"name": {"l10n":"1bkmsb"},//装备
		"resId": 1,
		"isShow": 1,
		"viewLv": 8,
		"desc": {"l10n":"dvmio6"},//纵横妖界必不可少
		"systemId": 5,
		"awards": [
			{
				"id": 1,
				"propId": 1001,
				"num": 5
			}
		]
	},
	"2": {
		"id": 2,
		"name": {"l10n":"-3zzc27"},//功法
		"resId": 2,
		"isShow": 1,
		"viewLv": 15,
		"desc": {"l10n":"-b76hus"},//学习强力功法乃妖界根基
		"systemId": 3,
		"awards": [
			{
				"id": 2,
				"propId": 1001,
				"num": 5
			}
		]
	},
	"3": {
		"id": 3,
		"name": {"l10n":"1rlegb"},//法宝
		"resId": 3,
		"isShow": 1,
		"viewLv": 20,
		"desc": {"l10n":"-ta3q6u"},//法宝在手，纵横妖界无烦恼
		"systemId": 4,
		"awards": [
			{
				"id": 3,
				"propId": 1001,
				"num": 5
			}
		]
	},
	"4": {
		"id": 4,
		"name": {"l10n":"7jwo7m"},//个人历练
		"resId": 4,
		"isShow": 1,
		"viewLv": 25,
		"desc": {"l10n":"oi6m27"},//参加个人历练，磨练自身妖力
		"systemId": 15,
		"awards": [
			{
				"id": 4,
				"propId": 1001,
				"num": 5
			}
		]
	},
	"5": {
		"id": 5,
		"name": {"l10n":"-8ue5hw"},//夔牛
		"resId": 5,
		"isShow": 1,
		"viewLv": 30,
		"desc": {"l10n":"og3yh3"},//与妖盟成员共同击杀夔牛，获取奖励归属
		"systemId": 6,
		"awards": [
			{
				"id": 5,
				"propId": 1001,
				"num": 5
			}
		]
	}
}