{
	//偏号组.id 偏好组id
	//偏号组.preferenceId 偏好id1友好 2帮会 3同区服友好 4全体混战
	//偏号组.defaultId 默认偏好id
	//"salt": "d8f82fa81fba916bd83831f896baa8ca"
	"1": {
		"id": 1,
		"preferenceId": [
			1
		],
		"defaultId": 1
	},
	"2": {
		"id": 2,
		"preferenceId": [
			1,
			2,
			4
		],
		"defaultId": 4
	},
	"3": {
		"id": 3,
		"preferenceId": [
			2,
			3,
			4
		],
		"defaultId": 2
	},
	"4": {
		"id": 4,
		"preferenceId": [
			2
		],
		"defaultId": 2
	},
	"5": {
		"id": 5,
		"preferenceId": [
			3
		],
		"defaultId": 3
	},
	"6": {
		"id": 6,
		"preferenceId": [
			4
		],
		"defaultId": 4
	}
}