{
	//日周常任务.id 类型，1每日2每周
	//日周常任务.more 更多任务内容
	//日周常任务.box 活跃度宝箱内容
	//more.sort 序号
	//more.id 类型，1每日2每周
	//more.groupId 组id
	//more.icon 资源
	//more.name 标题
	//more.desc 描述
	//more.systemId 任务对应的功能id(不填则默认解锁)
	//more.type 调用任务类型表的id
	//more.value 条件值
	//more.param1 参数值
	//more.param2 参数值
	//more.awards 奖励内容
	//more.goto 跳转
	//awards.sort 序号
	//awards.propId 道具id
	//awards.num 数量
	//box.sort2 序号
	//box.id 类型，1每日2每周
	//box.need 需要的活跃度值
	//box.awards2 奖励内容
	//awards2.sort2 序号
	//awards2.propId 道具id
	//awards2.num 数量
	//"salt": "d06a018ea23bf1342bf0e0698401d68d"
	"1": {
		"id": 1,
		"more": {
			"1001": {
				// 成功领取1次挂机奖励
				"sort": 1001,
				"id": 1,
				"groupId": 1,
				"icon": 1,
				"name": {"l10n":"lodj3d"},//离线修炼
				"desc": {"l10n":"7e6yqs"},//领取1次离线修炼收益
				"systemId": 37,
				"type": 1006,
				"value": 1,
				"param1": 0,
				"param2": 0,
				"awards": [
					{
						// 日活跃度
						"sort": 1001,
						"propId": 2001,
						"num": 5
					}
				],
				"goto": [
					141,
					126
				]
			},
			"1002": {
				// 成功购买1次快速挂机
				"sort": 1002,
				"id": 1,
				"groupId": 2,
				"icon": 1,
				"name": {"l10n":"-o7i5lz"},//快速修炼
				"desc": {"l10n":"-xdo683"},//购买1次快速修炼
				"systemId": 37,
				"type": 1007,
				"value": 1,
				"param1": 0,
				"param2": 0,
				"awards": [
					{
						// 日活跃度
						"sort": 1002,
						"propId": 2001,
						"num": 10
					}
				],
				"goto": [
					141,
					127
				]
			},
			"1003": {
				// 累计消耗3次个人历练次数
				"sort": 1003,
				"id": 1,
				"groupId": 3,
				"icon": 2,
				"name": {"l10n":"7jwo7m"},//个人历练
				"desc": {"l10n":"6ptwzf"},//参与3次个人历练
				"systemId": 15,
				"type": 1008,
				"value": 3,
				"param1": 0,
				"param2": 0,
				"awards": [
					{
						// 日活跃度
						"sort": 1003,
						"propId": 2001,
						"num": 10
					}
				],
				"goto": [
					105
				]
			},
			"1004": {
				// 累计消耗1次夔牛历练次数
				"sort": 1004,
				"id": 1,
				"groupId": 4,
				"icon": 2,
				"name": {"l10n":"-mwat35"},//夔牛活动
				"desc": {"l10n":"-rj07j2"},//参与1次夔牛活动
				"systemId": 6,
				"type": 1009,
				"value": 1,
				"param1": 0,
				"param2": 0,
				"awards": [
					{
						// 日活跃度
						"sort": 1004,
						"propId": 2001,
						"num": 10
					}
				],
				"goto": [
					105,
					128
				]
			},
			"1005": {
				// 累计消耗1次护山妖兽次数
				"sort": 1005,
				"id": 1,
				"groupId": 5,
				"icon": 2,
				"name": {"l10n":"4it55k"},//护山妖兽
				"desc": {"l10n":"-6jiqot"},//参与1次护山妖兽的试炼
				"systemId": 18,
				"type": 1010,
				"value": 1,
				"param1": 0,
				"param2": 0,
				"awards": [
					{
						// 日活跃度
						"sort": 1005,
						"propId": 2001,
						"num": 10
					}
				],
				"goto": [
					106,
					129
				]
			},
			"1006": {
				// 累计消耗50点精力
				"sort": 1006,
				"id": 1,
				"groupId": 6,
				"icon": 1,
				"name": {"l10n":"y9qhes"},//击杀小怪
				"desc": {"l10n":"8759ai"},//在多人修炼地图中击杀50个小怪
				"systemId": 2,
				"type": 1011,
				"value": 50,
				"param1": 0,
				"param2": 0,
				"awards": [
					{
						// 日活跃度
						"sort": 1006,
						"propId": 2001,
						"num": 10
					}
				],
				"goto": [
					112
				]
			},
			"1007": {
				// 获得1次任意档的捐赠奖励
				"sort": 1007,
				"id": 1,
				"groupId": 7,
				"icon": 3,
				"name": {"l10n":"-zphvb"},//山头捐纳
				"desc": {"l10n":"9zy49h"},//山头捐纳1次
				"systemId": 8,
				"type": 1012,
				"value": 1,
				"param1": 0,
				"param2": 0,
				"awards": [
					{
						// 日活跃度
						"sort": 1007,
						"propId": 2001,
						"num": 10
					}
				],
				"goto": [
					106,
					130
				]
			},
			"1008": {
				// 累计获得20个类型为装备的奖励(无论是否自动分解)
				"sort": 1008,
				"id": 1,
				"groupId": 8,
				"icon": 4,
				"name": {"l10n":"-1joyme"},//获得装备
				"desc": {"l10n":"4ok5lj"},//获得20件装备
				"systemId": 1,
				"type": 1013,
				"value": 20,
				"param1": 0,
				"param2": 0,
				"awards": [
					{
						// 日活跃度
						"sort": 1008,
						"propId": 2001,
						"num": 10
					}
				]
			},
			"1009": {
				// 消耗1次论道台挑战次数
				"sort": 1009,
				"id": 1,
				"groupId": 9,
				"icon": 2,
				"name": {"l10n":"wnv5xy"},//参与论道
				"desc": {"l10n":"i0v3h0"},//参与论道台1次
				"systemId": 17,
				"type": 1014,
				"value": 1,
				"param1": 0,
				"param2": 0,
				"awards": [
					{
						// 日活跃度
						"sort": 1009,
						"propId": 2001,
						"num": 15
					}
				],
				"goto": [
					113,
					115
				]
			},
			"1010": {
				// 完成1次点赞
				"sort": 1010,
				"id": 1,
				"groupId": 10,
				"icon": 3,
				"name": {"l10n":"-iv8lgs"},//给人点赞
				"desc": {"l10n":"3ai9c7"},//给他人点赞1次
				"systemId": 17,
				"type": 1015,
				"value": 1,
				"param1": 0,
				"param2": 0,
				"awards": [
					{
						// 日活跃度
						"sort": 1010,
						"propId": 2001,
						"num": 5
					}
				],
				"goto": [
					113,
					117,
					179
				]
			},
			"1011": {
				// 成功消耗仙玉购买1次精力
				"sort": 1011,
				"id": 1,
				"groupId": 11,
				"icon": 4,
				"name": {"l10n":"uetnjb"},//购买精力
				"desc": {"l10n":"-v8ursb"},//购买精力1次
				"systemId": 0,
				"type": 1016,
				"value": 1,
				"param1": 0,
				"param2": 0,
				"awards": [
					{
						// 日活跃度
						"sort": 1011,
						"propId": 2001,
						"num": 10
					}
				],
				"goto": [
					124,
					135
				]
			},
			"1012": {
				// 成功看完1次广告
				"sort": 1012,
				"id": 1,
				"groupId": 12,
				"icon": 4,
				"name": {"l10n":"-qyg09v"},//观看广告
				"desc": {"l10n":"lzkkqs"},//观看广告1次
				"systemId": 0,
				"type": 1017,
				"value": 1,
				"param1": 0,
				"param2": 0,
				"awards": [
					{
						// 日活跃度
						"sort": 1012,
						"propId": 2001,
						"num": 10
					}
				],
				"goto": [
					124,
					131
				]
			},
			"1013": {
				// 成功在特权卡界面领取小月卡每日奖励1次(邮箱里的奖励不算)
				"sort": 1013,
				"id": 1,
				"groupId": 13,
				"icon": 4,
				"name": {"l10n":"-73d2vo"},//领取月卡
				"desc": {"l10n":"x1czm6"},//领取月卡每日奖励1次
				"systemId": 50,
				"type": 1018,
				"value": 1,
				"param1": 2003,
				"param2": 0,
				"awards": [
					{
						// 日活跃度
						"sort": 1013,
						"propId": 2001,
						"num": 10
					}
				],
				"goto": [
					116,
					183
				]
			},
			"1014": {
				// 成功在特权卡界面领取大月卡每日奖励1次(邮箱里的奖励不算)
				"sort": 1014,
				"id": 1,
				"groupId": 14,
				"icon": 4,
				"name": {"l10n":"-73d2vo"},//领取月卡
				"desc": {"l10n":"-x2wqzo"},//领取高级月卡每日奖励1次
				"systemId": 51,
				"type": 1018,
				"value": 1,
				"param1": 2001,
				"param2": 0,
				"awards": [
					{
						// 日活跃度
						"sort": 1014,
						"propId": 2001,
						"num": 10
					}
				],
				"goto": [
					116,
					184
				]
			}
		},
		"box": {
			"1001": {
				"sort2": 1001,
				"id": 1,
				"need": 5,
				"awards2": [
					{
						// 仙玉
						"sort2": 1001,
						"propId": 1001,
						"num": 10
					}
				]
			},
			"1002": {
				"sort2": 1002,
				"id": 1,
				"need": 10,
				"awards2": [
					{
						// 仙玉
						"sort2": 1002,
						"propId": 1001,
						"num": 10
					}
				]
			},
			"1003": {
				"sort2": 1003,
				"id": 1,
				"need": 20,
				"awards2": [
					{
						// 仙玉
						"sort2": 1003,
						"propId": 1001,
						"num": 20
					}
				]
			},
			"1004": {
				"sort2": 1004,
				"id": 1,
				"need": 50,
				"awards2": [
					{
						// 仙玉
						"sort2": 1004,
						"propId": 1001,
						"num": 30
					}
				]
			},
			"1005": {
				"sort2": 1005,
				"id": 1,
				"need": 100,
				"awards2": [
					{
						// 仙玉
						"sort2": 1005,
						"propId": 1001,
						"num": 50
					}
				]
			}
		}
	},
	"2": {
		"id": 2,
		"more": {
			"2001": {
				// 成功领取5次挂机奖励
				"sort": 2001,
				"id": 2,
				"groupId": 1,
				"icon": 1,
				"name": {"l10n":"lodj3d"},//离线修炼
				"desc": {"l10n":"-uqdo2w"},//领取5次离线修炼收益
				"systemId": 37,
				"type": 1006,
				"value": 5,
				"param1": 0,
				"param2": 0,
				"awards": [
					{
						// 周活跃度
						"sort": 2001,
						"propId": 2002,
						"num": 5
					}
				],
				"goto": [
					141,
					126
				]
			},
			"2002": {
				// 成功购买2次快速挂机
				"sort": 2002,
				"id": 2,
				"groupId": 2,
				"icon": 1,
				"name": {"l10n":"-o7i5lz"},//快速修炼
				"desc": {"l10n":"-btbqrs"},//购买2次快速修炼
				"systemId": 37,
				"type": 1007,
				"value": 2,
				"param1": 0,
				"param2": 0,
				"awards": [
					{
						// 周活跃度
						"sort": 2002,
						"propId": 2002,
						"num": 10
					}
				],
				"goto": [
					141,
					127
				]
			},
			"2003": {
				// 累计消耗10次个人历练次数
				"sort": 2003,
				"id": 2,
				"groupId": 3,
				"icon": 2,
				"name": {"l10n":"7jwo7m"},//个人历练
				"desc": {"l10n":"-ufdq77"},//参与10次个人历练
				"systemId": 15,
				"type": 1008,
				"value": 10,
				"param1": 0,
				"param2": 0,
				"awards": [
					{
						// 周活跃度
						"sort": 2003,
						"propId": 2002,
						"num": 10
					}
				],
				"goto": [
					105
				]
			},
			"2004": {
				// 累计消耗3次夔牛历练次数
				"sort": 2004,
				"id": 2,
				"groupId": 4,
				"icon": 2,
				"name": {"l10n":"-mwat35"},//夔牛活动
				"desc": {"l10n":"-5io9kc"},//参与3次夔牛活动
				"systemId": 6,
				"type": 1009,
				"value": 3,
				"param1": 0,
				"param2": 0,
				"awards": [
					{
						// 周活跃度
						"sort": 2004,
						"propId": 2002,
						"num": 10
					}
				],
				"goto": [
					105,
					128
				]
			},
			"2005": {
				// 累计消耗5次护山妖兽次数
				"sort": 2005,
				"id": 2,
				"groupId": 5,
				"icon": 2,
				"name": {"l10n":"4it55k"},//护山妖兽
				"desc": {"l10n":"-v2iv0h"},//参与5次护山妖兽的试炼
				"systemId": 18,
				"type": 1010,
				"value": 5,
				"param1": 0,
				"param2": 0,
				"awards": [
					{
						// 周活跃度
						"sort": 2005,
						"propId": 2002,
						"num": 10
					}
				],
				"goto": [
					106,
					129
				]
			},
			"2006": {
				// 累计消耗200点精力
				"sort": 2006,
				"id": 2,
				"groupId": 6,
				"icon": 1,
				"name": {"l10n":"y9qhes"},//击杀小怪
				"desc": {"l10n":"-50ofhy"},//在多人修炼地图中击杀200个小怪
				"systemId": 2,
				"type": 1011,
				"value": 200,
				"param1": 0,
				"param2": 0,
				"awards": [
					{
						// 周活跃度
						"sort": 2006,
						"propId": 2002,
						"num": 10
					}
				],
				"goto": [
					112
				]
			},
			"2007": {
				// 获得3次任意档的捐赠奖励
				"sort": 2007,
				"id": 2,
				"groupId": 7,
				"icon": 3,
				"name": {"l10n":"-zphvb"},//山头捐纳
				"desc": {"l10n":"9zy49f"},//山头捐纳3次
				"systemId": 8,
				"type": 1012,
				"value": 3,
				"param1": 0,
				"param2": 0,
				"awards": [
					{
						// 周活跃度
						"sort": 2007,
						"propId": 2002,
						"num": 10
					}
				],
				"goto": [
					106,
					130
				]
			},
			"2008": {
				// 累计获得100个类型为装备的奖励(无论是否自动分解)
				"sort": 2008,
				"id": 2,
				"groupId": 8,
				"icon": 4,
				"name": {"l10n":"-1joyme"},//获得装备
				"desc": {"l10n":"-a7zgs6"},//获得100件装备
				"systemId": 1,
				"type": 1013,
				"value": 100,
				"param1": 0,
				"param2": 0,
				"awards": [
					{
						// 周活跃度
						"sort": 2008,
						"propId": 2002,
						"num": 10
					}
				]
			},
			"2009": {
				// 消耗12次论道台挑战次数
				"sort": 2009,
				"id": 2,
				"groupId": 9,
				"icon": 2,
				"name": {"l10n":"wnv5xy"},//参与论道
				"desc": {"l10n":"vxz2z7"},//参与论道台12次
				"systemId": 17,
				"type": 1014,
				"value": 12,
				"param1": 0,
				"param2": 0,
				"awards": [
					{
						// 周活跃度
						"sort": 2009,
						"propId": 2002,
						"num": 15
					}
				],
				"goto": [
					113,
					115
				]
			},
			"2010": {
				// 完成5次点赞
				"sort": 2010,
				"id": 2,
				"groupId": 10,
				"icon": 3,
				"name": {"l10n":"-iv8lgs"},//给人点赞
				"desc": {"l10n":"3anvlz"},//给他人点赞5次
				"systemId": 17,
				"type": 1015,
				"value": 5,
				"param1": 0,
				"param2": 0,
				"awards": [
					{
						// 周活跃度
						"sort": 2010,
						"propId": 2002,
						"num": 5
					}
				],
				"goto": [
					113,
					117,
					179
				]
			},
			"2011": {
				// 成功消耗仙玉购买2次精力
				"sort": 2011,
				"id": 2,
				"groupId": 11,
				"icon": 4,
				"name": {"l10n":"uetnjb"},//购买精力
				"desc": {"l10n":"-v8urs8"},//购买精力2次
				"systemId": 0,
				"type": 1016,
				"value": 2,
				"param1": 0,
				"param2": 0,
				"awards": [
					{
						// 周活跃度
						"sort": 2011,
						"propId": 2002,
						"num": 10
					}
				],
				"goto": [
					124,
					135
				]
			},
			"2012": {
				// 成功看完2次广告
				"sort": 2012,
				"id": 2,
				"groupId": 12,
				"icon": 4,
				"name": {"l10n":"-qyg09v"},//观看广告
				"desc": {"l10n":"lzkkqv"},//观看广告2次
				"systemId": 0,
				"type": 1017,
				"value": 2,
				"param1": 0,
				"param2": 0,
				"awards": [
					{
						// 周活跃度
						"sort": 2012,
						"propId": 2002,
						"num": 10
					}
				],
				"goto": [
					124,
					131
				]
			},
			"2013": {
				// 累计成功在特权卡界面领取小月卡每日奖励2次(邮箱里的奖励不算)
				"sort": 2013,
				"id": 2,
				"groupId": 13,
				"icon": 4,
				"name": {"l10n":"-73d2vo"},//领取月卡
				"desc": {"l10n":"x1czm7"},//领取月卡每日奖励2次
				"systemId": 50,
				"type": 1018,
				"value": 2,
				"param1": 2003,
				"param2": 0,
				"awards": [
					{
						// 周活跃度
						"sort": 2013,
						"propId": 2002,
						"num": 10
					}
				],
				"goto": [
					116,
					183
				]
			},
			"2014": {
				// 累计成功在特权卡界面领取大月卡每日奖励2次(邮箱里的奖励不算)
				"sort": 2014,
				"id": 2,
				"groupId": 14,
				"icon": 4,
				"name": {"l10n":"-73d2vo"},//领取月卡
				"desc": {"l10n":"-76i4vz"},//领取高级月卡每日奖励2次
				"systemId": 51,
				"type": 1018,
				"value": 2,
				"param1": 2001,
				"param2": 0,
				"awards": [
					{
						// 周活跃度
						"sort": 2014,
						"propId": 2002,
						"num": 10
					}
				],
				"goto": [
					116,
					184
				]
			}
		},
		"box": {
			"2001": {
				"sort2": 2001,
				"id": 2,
				"need": 5,
				"awards2": [
					{
						// 仙玉
						"sort2": 2001,
						"propId": 1001,
						"num": 50
					}
				]
			},
			"2002": {
				"sort2": 2002,
				"id": 2,
				"need": 10,
				"awards2": [
					{
						// 仙玉
						"sort2": 2002,
						"propId": 1001,
						"num": 50
					}
				]
			},
			"2003": {
				"sort2": 2003,
				"id": 2,
				"need": 20,
				"awards2": [
					{
						// 仙玉
						"sort2": 2003,
						"propId": 1001,
						"num": 100
					}
				]
			},
			"2004": {
				"sort2": 2004,
				"id": 2,
				"need": 50,
				"awards2": [
					{
						// 仙玉
						"sort2": 2004,
						"propId": 1001,
						"num": 100
					}
				]
			},
			"2005": {
				"sort2": 2005,
				"id": 2,
				"need": 100,
				"awards2": [
					{
						// 仙玉
						"sort2": 2005,
						"propId": 1001,
						"num": 200
					}
				]
			}
		}
	}
}