{
	//称号表.id 序号
	//称号表.type 称号类型(同时影响称号有效期计算)(1冲榜类称号，有效期自榜单结算时开始计算；2日常类称号，有效期自领取称号奖励时开始计算)
	//称号表.duration 持续时间，秒
	//称号表.x x坐标
	//称号表.y y坐标
	//称号表.desc 描述
	//"salt": "16e537e6f1c2ca138d2c5755224f1ba7"
	"10901": {
		// 上古妖尊
		"id": 10901,
		"type": 1,
		"duration": 1296000,
		"x": -4,
		"y": -11,
		"desc": {"l10n":"-c6exln"}//冲榜获得
	},
	"10902": {
		// 傲世妖皇
		"id": 10902,
		"type": 1,
		"duration": 1296000,
		"x": -8,
		"y": -12,
		"desc": {"l10n":"-c6exln"}//冲榜获得
	},
	"10903": {
		// 凌云妖王
		"id": 10903,
		"type": 1,
		"duration": 1296000,
		"x": -4,
		"y": 0,
		"desc": {"l10n":"-c6exln"}//冲榜获得
	},
	"10904": {
		// 凌霄妖王
		"id": 10904,
		"type": 2,
		"duration": -1,
		"x": -4,
		"y": 0,
		"desc": {"l10n":"-c6exln"}//冲榜获得
	},
	"10905": {
		// 妖谋神算
		"id": 10905,
		"type": 2,
		"duration": -1,
		"x": -4,
		"y": 0,
		"desc": {"l10n":"-c6exln"}//冲榜获得
	},
	"10906": {
		// 一妖当千
		"id": 10906,
		"type": 2,
		"duration": -1,
		"x": 6,
		"y": 2,
		"desc": {"l10n":"-7wonzi"}//日常获得
	},
	"10907": {
		// 妖名远扬
		"id": 10907,
		"type": 2,
		"duration": -1,
		"x": -5,
		"y": -5,
		"desc": {"l10n":"-x9co50"}//成就奖励
	}
}