{
	//触发礼包.id 同组的编号
	//触发礼包.type 定义类型，1等级达到XXX；2体力耗尽；101,升级元神，资源不足时；102升级法宝，资源不足时；103分解装备；
	//触发礼包.lvLimit 玩家等级限制(填等级限制范围，-1则无限制)
	//触发礼包.times 0终生触发1次；1每日首次
	//触发礼包.desc 描述
	//触发礼包.npcTalk 礼包对话
	//触发礼包.discount 折扣
	//触发礼包.duration 礼包限时时间,秒
	//触发礼包.openShow 触发弹出的方式(0触发时立刻弹出；1回到主界面时弹出；2关闭指定界面时弹出，需填写界面名称)
	//触发礼包.npcIcon npc头像资源
	//触发礼包.giftIcon 礼包标题底图
	//触发礼包.more 奖励
	//more.giftId 触发礼包id
	//more.id 同组的编号
	//more.rechargeId 充值id
	//more.totalLimit 限购次数
	//more.awards 奖励
	//awards.giftId 触发礼包id
	//awards.propId 道具id
	//awards.num 数量
	//"salt": "3f635507fdd3fb22e518fe8806c89eec"
	"10101": {
		"id": 10101,
		"type": 101,
		"lvLimit": [
			60,
			-1
		],
		"times": 1,
		"desc": {"l10n":"40tqef"},//元神助力礼包
		"npcTalk": {"l10n":"fkocel"},//海量灵气助你修为突飞猛进！
		"discount": 600,
		"duration": 18000,
		"openShow": {
			"type": 2,
			"widgetName": "PropGetWay"
		},
		"npcIcon": 118,
		"giftIcon": 1,
		"more": {
			"1010101": {
				// 30
				"giftId": 1010101,
				"id": 10101,
				"rechargeId": 21001,
				"totalLimit": 1,
				"awards": [
					{
						// 灵气
						"giftId": 1010101,
						"propId": 10201,
						"num": 3500
					},
					{
						// 鬼市币
						"giftId": 1010101,
						"propId": 8016,
						"num": 10
					}
				]
			},
			"1010102": {
				// 68
				"giftId": 1010102,
				"id": 10101,
				"rechargeId": 21002,
				"totalLimit": 1,
				"awards": [
					{
						// 灵气
						"giftId": 1010102,
						"propId": 10201,
						"num": 7200
					},
					{
						// 鬼市币
						"giftId": 1010102,
						"propId": 8016,
						"num": 20
					}
				]
			},
			"1010103": {
				// 128
				"giftId": 1010103,
				"id": 10101,
				"rechargeId": 21003,
				"totalLimit": 1,
				"awards": [
					{
						// 灵气
						"giftId": 1010103,
						"propId": 10201,
						"num": 14800
					},
					{
						// 鬼市币
						"giftId": 1010103,
						"propId": 8016,
						"num": 30
					}
				]
			}
		}
	},
	"10102": {
		"id": 10102,
		"type": 102,
		"lvLimit": [
			60,
			-1
		],
		"times": 1,
		"desc": {"l10n":"-kkfy7b"},//法宝助力礼包
		"npcTalk": {"l10n":"rb5gez"},//海量妖气让你的法宝迅速蜕变！
		"discount": 600,
		"duration": 18000,
		"openShow": {
			"type": 2,
			"widgetName": "PropGetWay"
		},
		"npcIcon": 118,
		"giftIcon": 1,
		"more": {
			"1010201": {
				// 30
				"giftId": 1010201,
				"id": 10102,
				"rechargeId": 24001,
				"totalLimit": 1,
				"awards": [
					{
						// 妖气
						"giftId": 1010201,
						"propId": 10202,
						"num": 3500
					},
					{
						// 引魂珠
						"giftId": 1010201,
						"propId": 10204,
						"num": 10
					}
				]
			},
			"1010202": {
				// 68
				"giftId": 1010202,
				"id": 10102,
				"rechargeId": 24002,
				"totalLimit": 1,
				"awards": [
					{
						// 妖气
						"giftId": 1010202,
						"propId": 10202,
						"num": 7200
					},
					{
						// 引魂珠
						"giftId": 1010202,
						"propId": 10204,
						"num": 20
					}
				]
			},
			"1010203": {
				// 128
				"giftId": 1010203,
				"id": 10102,
				"rechargeId": 24003,
				"totalLimit": 1,
				"awards": [
					{
						// 妖气
						"giftId": 1010203,
						"propId": 10202,
						"num": 14800
					},
					{
						// 引魂珠
						"giftId": 1010203,
						"propId": 10204,
						"num": 30
					}
				]
			}
		}
	},
	"10103": {
		"id": 10103,
		"type": 1,
		"lvLimit": [
			50,
			50
		],
		"times": 0,
		"desc": {"l10n":"-y84f1q"},//50级专属成长礼包
		"npcTalk": {"l10n":"-jjrbxf"},//穿上这套全简易装备，你就是九州大陆最靓的仔~
		"discount": 600,
		"duration": 18000,
		"openShow": {
			"type": 1
		},
		"npcIcon": 118,
		"giftIcon": 1,
		"more": {
			"1010301": {
				// 68
				"giftId": 1010301,
				"id": 10103,
				"rechargeId": 25001,
				"totalLimit": 1,
				"awards": [
					{
						// 绫罗发冠(60)(橙)
						"giftId": 1010301,
						"propId": 711001,
						"num": 1
					},
					{
						// 绫罗衣袍(60)(橙)
						"giftId": 1010301,
						"propId": 711002,
						"num": 1
					},
					{
						// 绫罗长裤(60)(橙)
						"giftId": 1010301,
						"propId": 711003,
						"num": 1
					},
					{
						// 绫罗护腕(60)(橙)
						"giftId": 1010301,
						"propId": 711004,
						"num": 1
					},
					{
						// 绫罗革带(60)(橙)
						"giftId": 1010301,
						"propId": 711005,
						"num": 1
					},
					{
						// 绫罗长靴(60)(橙)
						"giftId": 1010301,
						"propId": 711006,
						"num": 1
					}
				]
			}
		}
	},
	"10104": {
		"id": 10104,
		"type": 103,
		"lvLimit": [
			90,
			-1
		],
		"times": 1,
		"desc": {"l10n":"-ptn2dz"},//装备助力礼包
		"npcTalk": {"l10n":"-ph3f2y"},//精铁豪礼，炼器一次炼个爽！
		"discount": 600,
		"duration": 18000,
		"openShow": {
			"type": 2,
			"widgetName": "EquipSmelt"
		},
		"npcIcon": 118,
		"giftIcon": 1,
		"more": {
			"1010401": {
				// 30
				"giftId": 1010401,
				"id": 10104,
				"rechargeId": 26001,
				"totalLimit": 1,
				"awards": [
					{
						// 精铁
						"giftId": 1010401,
						"propId": 10203,
						"num": 10000
					},
					{
						// 宝石袋
						"giftId": 1010401,
						"propId": 8015,
						"num": 3
					}
				]
			},
			"1010402": {
				// 68
				"giftId": 1010402,
				"id": 10104,
				"rechargeId": 26002,
				"totalLimit": 1,
				"awards": [
					{
						// 精铁
						"giftId": 1010402,
						"propId": 10203,
						"num": 25000
					},
					{
						// 宝石袋
						"giftId": 1010402,
						"propId": 8015,
						"num": 3
					}
				]
			},
			"1010403": {
				// 128
				"giftId": 1010403,
				"id": 10104,
				"rechargeId": 26003,
				"totalLimit": 1,
				"awards": [
					{
						// 精铁
						"giftId": 1010403,
						"propId": 10203,
						"num": 40000
					},
					{
						// 宝石袋
						"giftId": 1010403,
						"propId": 8015,
						"num": 5
					}
				]
			}
		}
	},
	"10105": {
		"id": 10105,
		"type": 2,
		"lvLimit": [
			30,
			-1
		],
		"times": 1,
		"desc": {"l10n":"6dre1u"},//体力特惠礼包
		"npcTalk": {"l10n":"2b1s7l"},//没精神？一口仙桃下去活力满满！
		"discount": 600,
		"duration": 18000,
		"openShow": {
			"type": 1
		},
		"npcIcon": 118,
		"giftIcon": 1,
		"more": {
			"1010501": {
				// 30
				"giftId": 1010501,
				"id": 10105,
				"rechargeId": 27001,
				"totalLimit": 1,
				"awards": [
					{
						// 精力
						"giftId": 1010501,
						"propId": 1003,
						"num": 60
					},
					{
						// 妖丹
						"giftId": 1010501,
						"propId": 10101,
						"num": 1
					}
				]
			},
			"1010502": {
				// 68
				"giftId": 1010502,
				"id": 10105,
				"rechargeId": 27002,
				"totalLimit": 1,
				"awards": [
					{
						// 精力
						"giftId": 1010502,
						"propId": 1003,
						"num": 120
					},
					{
						// 妖丹
						"giftId": 1010502,
						"propId": 10101,
						"num": 1
					}
				]
			}
		}
	}
}