{
	//炼化坑位.id 第X个坑位
	//炼化坑位.weaponLevel 法宝等级限制，读取法宝表格的序列号id
	//炼化坑位.costPropId 消耗道具，单次器灵炼化消耗的道具
	//炼化坑位.costNum 消耗数量
	//"salt": "cc7c405ef8553ce6e8d4d431aa938b23"
	"1": {
		"id": 1,
		"weaponLevel": 10,
		"costPropId": 10204,
		"costNum": 2
	},
	"2": {
		"id": 2,
		"weaponLevel": 20,
		"costPropId": 10204,
		"costNum": 2
	},
	"3": {
		"id": 3,
		"weaponLevel": 31,
		"costPropId": 10204,
		"costNum": 2
	},
	"4": {
		"id": 4,
		"weaponLevel": 41,
		"costPropId": 10204,
		"costNum": 2
	},
	"5": {
		"id": 5,
		"weaponLevel": 51,
		"costPropId": 10204,
		"costNum": 2
	},
	"6": {
		"id": 6,
		"weaponLevel": 62,
		"costPropId": 10204,
		"costNum": 2
	},
	"7": {
		"id": 7,
		"weaponLevel": 72,
		"costPropId": 10204,
		"costNum": 2
	},
	"8": {
		"id": 8,
		"weaponLevel": 82,
		"costPropId": 10204,
		"costNum": 2
	},
	"9": {
		"id": 9,
		"weaponLevel": 93,
		"costPropId": 10204,
		"costNum": 2
	},
	"10": {
		"id": 10,
		"weaponLevel": 103,
		"costPropId": 10204,
		"costNum": 2
	},
	"11": {
		"id": 11,
		"weaponLevel": 113,
		"costPropId": 10204,
		"costNum": 2
	},
	"12": {
		"id": 12,
		"weaponLevel": 124,
		"costPropId": 10204,
		"costNum": 2
	},
	"13": {
		"id": 13,
		"weaponLevel": 134,
		"costPropId": 10204,
		"costNum": 2
	},
	"14": {
		"id": 14,
		"weaponLevel": 144,
		"costPropId": 10204,
		"costNum": 2
	},
	"15": {
		"id": 15,
		"weaponLevel": 155,
		"costPropId": 10204,
		"costNum": 2
	},
	"16": {
		"id": 16,
		"weaponLevel": 165,
		"costPropId": 10204,
		"costNum": 2
	},
	"17": {
		"id": 17,
		"weaponLevel": 175,
		"costPropId": 10204,
		"costNum": 2
	},
	"18": {
		"id": 18,
		"weaponLevel": 186,
		"costPropId": 10204,
		"costNum": 2
	}
}