{
	//至宝.id 神器d，跟物品id一样
	//至宝.name 名字
	//至宝.icon 标签资源
	//至宝.showTag 角标资源，1代表资源，2代表增伤
	//至宝.quality 品质1白色2绿色3蓝色4紫色6金色8橙色10红色
	//至宝.sort 排序字段
	//至宝.durable 耐久值，也是重复获得的耐久值
	//至宝.cost 每次释放消耗耐久度
	//至宝.costType 每次生效的类型（1攻击扣除，2受击扣除，3都扣除）
	//至宝.desc 描述
	//至宝.more 回复耐久消耗道具
	//至宝.effects 效果类型详细
	//至宝.baseAttr 神器固定属性详细
	//至宝.fp 评分
	//至宝.showValue 颜值
	//more.id 至宝d，跟物品id一样
	//more.reply 回复耐久道具，物品id
	//effects.id 至宝d，跟物品id一样
	//effects.type 效果类型1代表属性变化，参数1填属性类型值，参数2属性值；类型2代表资源额外掉落(参数1和参数3是特定关系)，参数1填增益资源物品id1，参数2额外掉落数量
	//effects.value1 参数
	//effects.value2 参数
	//baseAttr.id 时装id，跟物品id一样
	//baseAttr.attrType 属性类型
	//baseAttr.value 值
	//"salt": "9f705e327f873f1145492a5e2d8be11e"
	"331001": {
		"id": 331001,
		"name": {"l10n":"-wx03tu"},//七星法剑
		"showTag": 2,
		"quality": 4,
		"sort": 1001,
		"durable": 3000,
		"cost": 1,
		"costType": 1,
		"desc": {"l10n":"-3gtkyu"},//增伤增加25%
		"more": [
			{
				"id": 331001,
				"reply": 10804
			}
		],
		"effects": [
			{
				"id": 331001,
				"type": 1,
				"value1": 12,
				"value2": 2500
			}
		],
		"baseAttr": [
			{
				"id": 331001,
				"attrType": 25,
				"value": 1
			}
		],
		"fp": 1000,
		"showValue": 1000
	},
	"332001": {
		"id": 332001,
		"name": {"l10n":"-q8oqhf"},//火尖枪
		"showTag": 2,
		"quality": 6,
		"sort": 2001,
		"durable": 3000,
		"cost": 1,
		"costType": 1,
		"desc": {"l10n":"-3gxso5"},//增伤增加30%
		"more": [
			{
				"id": 332001,
				"reply": 10803
			}
		],
		"effects": [
			{
				"id": 332001,
				"type": 1,
				"value1": 12,
				"value2": 3000
			}
		],
		"baseAttr": [
			{
				"id": 332001,
				"attrType": 25,
				"value": 2
			}
		],
		"fp": 2000,
		"showValue": 2000
	},
	"333001": {
		"id": 333001,
		"name": {"l10n":"-unpnrs"},//二郎神刀
		"showTag": 2,
		"quality": 8,
		"sort": 3001,
		"durable": 3000,
		"cost": 1,
		"costType": 1,
		"desc": {"l10n":"-3gxso4"},//增伤增加40%
		"more": [
			{
				"id": 333001,
				"reply": 10802
			}
		],
		"effects": [
			{
				"id": 333001,
				"type": 1,
				"value1": 12,
				"value2": 4000
			}
		],
		"baseAttr": [
			{
				"id": 333001,
				"attrType": 25,
				"value": 5
			}
		],
		"fp": 3000,
		"showValue": 3000
	},
	"334001": {
		"id": 334001,
		"name": {"l10n":"zdd6g0"},//射日神弓
		"showTag": 2,
		"quality": 10,
		"sort": 4001,
		"durable": 3000,
		"cost": 1,
		"costType": 1,
		"desc": {"l10n":"-3gxso3"},//增伤增加50%
		"more": [
			{
				"id": 334001,
				"reply": 10801
			}
		],
		"effects": [
			{
				"id": 334001,
				"type": 1,
				"value1": 12,
				"value2": 5000
			}
		],
		"baseAttr": [
			{
				"id": 334001,
				"attrType": 25,
				"value": 25
			}
		],
		"fp": 5000,
		"showValue": 5000
	}
}